{"type":"FeatureCollection","features":[{"type": "Feature", "geometry": {"type": "Polygon", "coordinates": [[[-76.498966, 2.364748], [-76.499569, 2.363557], [-76.500177, 2.361057], [-76.501356, 2.358646], [-76.502801, 2.358013], [-76.502843, 2.356823], [-76.504794, 2.35479], [-76.506109, 2.352601], [-76.507989, 2.351226], [-76.508067, 2.350143], [-76.508923, 2.349528], [-76.508508, 2.347254], [-76.509312, 2.345652], [-76.510555, 2.344839], [-76.51263, 2.344283], [-76.515438, 2.342412], [-76.515581, 2.341886], [-76.514095, 2.338739], [-76.515511, 2.338063], [-76.516089, 2.335773], [-76.517379, 2.335007], [-76.517623, 2.334379], [-76.51914, 2.333333], [-76.519688, 2.331012], [-76.521466, 2.32993], [-76.520926, 2.327926], [-76.52211, 2.327077], [-76.524601, 2.326881], [-76.525173, 2.325057], [-76.52572, 2.324985], [-76.526951, 2.325506], [-76.527849, 2.325357], [-76.528373, 2.323993], [-76.530734, 2.321763], [-76.530883, 2.321093], [-76.530586, 2.320262], [-76.529403, 2.319346], [-76.529511, 2.317875], [-76.529244, 2.316876], [-76.529547, 2.31599], [-76.530374, 2.31629], [-76.530903, 2.315871], [-76.531795, 2.312714], [-76.532406, 2.31181], [-76.532901, 2.311438], [-76.534827, 2.311472], [-76.535636, 2.312131], [-76.536652, 2.314129], [-76.540166, 2.314839], [-76.542241, 2.31603], [-76.541574, 2.318865], [-76.540503, 2.319636], [-76.53973, 2.321131], [-76.537864, 2.321862], [-76.537518, 2.324478], [-76.537143, 2.325011], [-76.536605, 2.325046], [-76.536138, 2.325494], [-76.534414, 2.33148], [-76.535368, 2.332469], [-76.5357, 2.334034], [-76.536541, 2.334489], [-76.538458, 2.336596], [-76.53991, 2.340039], [-76.540155, 2.342401], [-76.539803, 2.345785], [-76.532641, 2.344051], [-76.530214, 2.344193], [-76.527361, 2.341177], [-76.523793, 2.342899], [-76.522364, 2.345913], [-76.520791, 2.353952], [-76.520647, 2.356679], [-76.520932, 2.359263], [-76.520646, 2.360555], [-76.521787, 2.362278], [-76.526068, 2.363859], [-76.527494, 2.3663], [-76.527493, 2.369315], [-76.524352, 2.371754], [-76.520212, 2.374193], [-76.518926, 2.377925], [-76.518497, 2.381227], [-76.519352, 2.383381], [-76.519779, 2.386252], [-76.519065, 2.387113], [-76.517781, 2.3874], [-76.516923, 2.389553], [-76.515353, 2.39027], [-76.512499, 2.388833], [-76.508503, 2.388688], [-76.50451, 2.380791], [-76.502655, 2.380072], [-76.499944, 2.377917], [-76.499517, 2.374902], [-76.499947, 2.371457], [-76.499805, 2.367725], [-76.498966, 2.364748]]]}, "properties": {"NOMB_MPIO": "POPAYÁN", "NOMBRE_VER": "EL CANELO", "AREA_HA": 1598.29922307}},{"type": "Feature", "geometry": {"type": "Polygon", "coordinates": [[[-76.589242, 2.108713], [-76.590265, 2.107948], [-76.590698, 2.106394], [-76.590512, 2.104871], [-76.589409, 2.102845], [-76.590118, 2.100183], [-76.590079, 2.094836], [-76.588328, 2.092428], [-76.585868, 2.089877], [-76.583298, 2.087936], [-76.582425, 2.086704], [-76.58248, 2.086119], [-76.583732, 2.083946], [-76.583925, 2.082281], [-76.582377, 2.076834], [-76.581322, 2.07469], [-76.580488, 2.071943], [-76.580187, 2.069781], [-76.580246, 2.066144], [-76.579303, 2.061458], [-76.577708, 2.05839], [-76.57731, 2.056886], [-76.577346, 2.055708], [-76.577967, 2.054557], [-76.583693, 2.047403], [-76.586316, 2.039818], [-76.586063, 2.034644], [-76.585305, 2.033044], [-76.582732, 2.030413], [-76.580344, 2.029118], [-76.583342, 2.028476], [-76.584902, 2.028485], [-76.586025, 2.029391], [-76.586338, 2.030188], [-76.590391, 2.032066], [-76.593247, 2.031843], [-76.600147, 2.035416], [-76.603952, 2.036156], [-76.605166, 2.035766], [-76.606751, 2.03242], [-76.608179, 2.032503], [-76.608609, 2.031914], [-76.609723, 2.032022], [-76.61064, 2.031292], [-76.611779, 2.031309], [-76.612252, 2.02976], [-76.613096, 2.029539], [-76.615129, 2.031041], [-76.615867, 2.030856], [-76.616526, 2.033009], [-76.618262, 2.03432], [-76.618653, 2.036366], [-76.618933, 2.03636], [-76.619254, 2.035684], [-76.619712, 2.035726], [-76.620128, 2.036085], [-76.620342, 2.036952], [-76.621352, 2.037258], [-76.621787, 2.036989], [-76.621721, 2.036444], [-76.622435, 2.035703], [-76.623125, 2.035637], [-76.625384, 2.037031], [-76.625645, 2.036697], [-76.625295, 2.035865], [-76.625919, 2.035746], [-76.62684, 2.036601], [-76.628077, 2.036685], [-76.629724, 2.037709], [-76.63002, 2.039527], [-76.632274, 2.039372], [-76.632886, 2.041305], [-76.634479, 2.041227], [-76.635573, 2.042029], [-76.637077, 2.042036], [-76.637975, 2.0427], [-76.640543, 2.042491], [-76.642148, 2.043867], [-76.642856, 2.043895], [-76.642818, 2.045795], [-76.643415, 2.046295], [-76.643398, 2.046803], [-76.640646, 2.052071], [-76.634999, 2.053225], [-76.633044, 2.057417], [-76.626819, 2.060238], [-76.625624, 2.06315], [-76.625427, 2.066715], [-76.622167, 2.070156], [-76.620589, 2.071281], [-76.619473, 2.073172], [-76.617952, 2.073746], [-76.617423, 2.074917], [-76.617919, 2.076927], [-76.617448, 2.078707], [-76.617747, 2.080351], [-76.617292, 2.083136], [-76.609502, 2.082266], [-76.608108, 2.082428], [-76.6095, 2.083965], [-76.610463, 2.084282], [-76.613459, 2.086483], [-76.614502, 2.086887], [-76.615661, 2.088648], [-76.613341, 2.088615], [-76.611814, 2.089258], [-76.60963, 2.089561], [-76.607767, 2.090809], [-76.605573, 2.091772], [-76.603465, 2.093704], [-76.602536, 2.093916], [-76.601392, 2.094734], [-76.599773, 2.097464], [-76.598361, 2.098965], [-76.598145, 2.100456], [-76.595552, 2.10211], [-76.593936, 2.102346], [-76.592478, 2.105742], [-76.592754, 2.107298], [-76.594302, 2.109684], [-76.594393, 2.110697], [-76.594027, 2.111063], [-76.593568, 2.111063], [-76.589242, 2.108713]]]}, "properties": {"NOMB_MPIO": "SOTARÁ - PAISPAMBA", "NOMBRE_VER": "MONTE REDONDO", "AREA_HA": 3337.56545302}},{"type": "Feature", "geometry": {"type": "Polygon", "coordinates": [[[-76.620459, 2.1789], [-76.619197, 2.177664], [-76.61494, 2.175587], [-76.614178, 2.174086], [-76.612736, 2.173084], [-76.611864, 2.172873], [-76.611515, 2.172258], [-76.609583, 2.171638], [-76.60822, 2.172203], [-76.60753, 2.17205], [-76.606271, 2.170654], [-76.604869, 2.170425], [-76.60328, 2.169666], [-76.602856, 2.169071], [-76.602642, 2.167103], [-76.601977, 2.166479], [-76.601001, 2.166258], [-76.600758, 2.165739], [-76.598863, 2.165989], [-76.597713, 2.164963], [-76.597193, 2.165121], [-76.597029, 2.164745], [-76.596522, 2.164772], [-76.595581, 2.163824], [-76.593552, 2.158813], [-76.590999, 2.157587], [-76.590641, 2.156673], [-76.589632, 2.156607], [-76.586825, 2.155544], [-76.584498, 2.156145], [-76.582664, 2.156063], [-76.582161, 2.155523], [-76.581968, 2.154427], [-76.580996, 2.153349], [-76.578389, 2.151808], [-76.57788, 2.150146], [-76.575402, 2.147484], [-76.574656, 2.146038], [-76.574554, 2.143324], [-76.572525, 2.141476], [-76.571658, 2.137928], [-76.561147, 2.1328], [-76.563387, 2.131564], [-76.567252, 2.128527], [-76.570251, 2.126789], [-76.572619, 2.123727], [-76.575281, 2.118149], [-76.579939, 2.11525], [-76.58562, 2.110088], [-76.589242, 2.108713], [-76.593568, 2.111063], [-76.594027, 2.111063], [-76.594393, 2.110697], [-76.594302, 2.109684], [-76.592754, 2.107298], [-76.592478, 2.105742], [-76.593936, 2.102346], [-76.595552, 2.10211], [-76.598145, 2.100456], [-76.598436, 2.098839], [-76.599773, 2.097464], [-76.601392, 2.094734], [-76.602212, 2.094095], [-76.603465, 2.093704], [-76.605573, 2.091772], [-76.607767, 2.090809], [-76.609522, 2.089603], [-76.611814, 2.089258], [-76.613177, 2.088648], [-76.615696, 2.088612], [-76.618094, 2.091457], [-76.619463, 2.09235], [-76.620562, 2.092636], [-76.621943, 2.094152], [-76.62557, 2.093979], [-76.631636, 2.092731], [-76.632895, 2.092848], [-76.633647, 2.092445], [-76.635859, 2.092869], [-76.637575, 2.092255], [-76.638957, 2.092449], [-76.640751, 2.091972], [-76.643209, 2.092945], [-76.643986, 2.094198], [-76.645212, 2.094606], [-76.645891, 2.095245], [-76.646558, 2.095442], [-76.647538, 2.095224], [-76.649773, 2.095682], [-76.650972, 2.096508], [-76.651068, 2.097294], [-76.651903, 2.098259], [-76.652804, 2.097631], [-76.653076, 2.096884], [-76.65372, 2.097099], [-76.65425, 2.09656], [-76.655578, 2.096119], [-76.658852, 2.096317], [-76.659936, 2.096613], [-76.660887, 2.097343], [-76.661943, 2.096838], [-76.663002, 2.097607], [-76.664012, 2.097794], [-76.665252, 2.099646], [-76.666876, 2.099413], [-76.668169, 2.099974], [-76.670651, 2.099874], [-76.671445, 2.101025], [-76.67185, 2.102333], [-76.674721, 2.105474], [-76.676187, 2.105671], [-76.677889, 2.104155], [-76.67846, 2.104296], [-76.679224, 2.105375], [-76.680591, 2.105728], [-76.681185, 2.107071], [-76.682033, 2.107666], [-76.681306, 2.108233], [-76.681095, 2.108862], [-76.68041, 2.109148], [-76.675165, 2.109264], [-76.674685, 2.109728], [-76.673323, 2.109724], [-76.668346, 2.109035], [-76.665308, 2.110194], [-76.664559, 2.109966], [-76.664121, 2.111141], [-76.664431, 2.111902], [-76.664122, 2.112573], [-76.661879, 2.115118], [-76.66164, 2.116699], [-76.660485, 2.117989], [-76.658044, 2.118403], [-76.6567, 2.119195], [-76.655172, 2.119242], [-76.653536, 2.119736], [-76.651395, 2.121072], [-76.650617, 2.120861], [-76.64885, 2.121761], [-76.643324, 2.122829], [-76.639626, 2.124448], [-76.635562, 2.126804], [-76.634809, 2.127584], [-76.64082, 2.128792], [-76.644123, 2.130781], [-76.645131, 2.132181], [-76.645772, 2.133524], [-76.646018, 2.135539], [-76.641852, 2.133704], [-76.640266, 2.133779], [-76.640788, 2.13747], [-76.643401, 2.140815], [-76.64393, 2.143412], [-76.645214, 2.144922], [-76.648349, 2.147529], [-76.649543, 2.149629], [-76.650137, 2.151654], [-76.649896, 2.153986], [-76.647032, 2.159287], [-76.647121, 2.160591], [-76.648161, 2.162918], [-76.648208, 2.165353], [-76.646875, 2.16893], [-76.647077, 2.170256], [-76.645346, 2.172459], [-76.645328, 2.173439], [-76.645748, 2.174527], [-76.644594, 2.180725], [-76.645236, 2.182466], [-76.64696, 2.184207], [-76.647815, 2.185918], [-76.649551, 2.187492], [-76.64962, 2.188564], [-76.649004, 2.189012], [-76.6487, 2.194326], [-76.649611, 2.196189], [-76.653001, 2.200529], [-76.65391, 2.202996], [-76.654323, 2.205325], [-76.654198, 2.209578], [-76.652231, 2.21753], [-76.652466, 2.219167], [-76.652191, 2.220201], [-76.652847, 2.222422], [-76.652771, 2.224583], [-76.65316, 2.225525], [-76.650328, 2.223286], [-76.647557, 2.22331], [-76.644605, 2.222322], [-76.643188, 2.21867], [-76.642264, 2.218264], [-76.642129, 2.217628], [-76.640903, 2.21673], [-76.641042, 2.215672], [-76.64039, 2.215446], [-76.639181, 2.215767], [-76.638921, 2.2146], [-76.63814, 2.214033], [-76.638074, 2.21331], [-76.637338, 2.212759], [-76.637471, 2.211824], [-76.636624, 2.209177], [-76.636214, 2.208679], [-76.635637, 2.208578], [-76.635541, 2.207794], [-76.635093, 2.207291], [-76.633381, 2.206032], [-76.632506, 2.203634], [-76.631281, 2.203148], [-76.630917, 2.201956], [-76.630319, 2.201462], [-76.630558, 2.200573], [-76.630196, 2.199259], [-76.629677, 2.199047], [-76.628622, 2.19771], [-76.629463, 2.196049], [-76.629465, 2.194925], [-76.629085, 2.194244], [-76.630333, 2.192949], [-76.630696, 2.191966], [-76.630437, 2.191345], [-76.630755, 2.191321], [-76.631123, 2.190697], [-76.631194, 2.189915], [-76.630356, 2.189251], [-76.630055, 2.187777], [-76.629473, 2.187262], [-76.629127, 2.186235], [-76.628227, 2.185598], [-76.62783, 2.184315], [-76.626667, 2.183352], [-76.625967, 2.182276], [-76.624569, 2.181892], [-76.624149, 2.18129], [-76.623486, 2.181473], [-76.622757, 2.180319], [-76.622034, 2.180073], [-76.62105, 2.178989], [-76.620459, 2.1789]]]}, "properties": {"NOMB_MPIO": "SOTARÁ - PAISPAMBA", "NOMBRE_VER": "TURUPAMBA", "AREA_HA": 7944.36235544}},{"type": "Feature", "geometry": {"type": "Polygon", "coordinates": [[[-76.590128, 2.248014], [-76.587396, 2.245834], [-76.585161, 2.245228], [-76.581825, 2.241833], [-76.580227, 2.241442], [-76.578809, 2.241655], [-76.572847, 2.237154], [-76.571286, 2.236296], [-76.570576, 2.235369], [-76.569477, 2.232689], [-76.56923, 2.229618], [-76.56987, 2.226656], [-76.569303, 2.222406], [-76.56831, 2.220337], [-76.568686, 2.218042], [-76.565256, 2.217869], [-76.562561, 2.2187], [-76.560195, 2.2174], [-76.557671, 2.217026], [-76.556093, 2.218119], [-76.555901, 2.218796], [-76.555025, 2.219269], [-76.555459, 2.22002], [-76.555322, 2.220432], [-76.553789, 2.220856], [-76.552727, 2.220387], [-76.550446, 2.220901], [-76.548417, 2.222256], [-76.546333, 2.222502], [-76.545702, 2.22312], [-76.5447, 2.223461], [-76.543122, 2.222614], [-76.53744, 2.221263], [-76.538637, 2.220261], [-76.539415, 2.218858], [-76.542084, 2.216841], [-76.545487, 2.216094], [-76.546399, 2.216074], [-76.547117, 2.216455], [-76.547649, 2.216003], [-76.548809, 2.213858], [-76.549518, 2.210637], [-76.550129, 2.209515], [-76.549791, 2.208039], [-76.549942, 2.204255], [-76.549639, 2.202884], [-76.550085, 2.201309], [-76.549845, 2.199354], [-76.552017, 2.197196], [-76.555778, 2.194913], [-76.554665, 2.193002], [-76.554587, 2.192276], [-76.557311, 2.185418], [-76.556527, 2.183356], [-76.555251, 2.181362], [-76.554802, 2.179389], [-76.553493, 2.178013], [-76.553129, 2.1771], [-76.553402, 2.176083], [-76.554409, 2.175088], [-76.554584, 2.173801], [-76.55529, 2.172852], [-76.555432, 2.171369], [-76.556254, 2.170062], [-76.556001, 2.16925], [-76.556201, 2.168382], [-76.555025, 2.165844], [-76.553978, 2.160571], [-76.554337, 2.159797], [-76.554327, 2.156783], [-76.555063, 2.154414], [-76.554885, 2.1534], [-76.556448, 2.15081], [-76.556457, 2.14567], [-76.555985, 2.1443], [-76.555745, 2.141587], [-76.55421, 2.139188], [-76.556533, 2.136844], [-76.558804, 2.133808], [-76.561147, 2.1328], [-76.571658, 2.137928], [-76.572525, 2.141476], [-76.574554, 2.143324], [-76.574656, 2.146038], [-76.575402, 2.147484], [-76.57788, 2.150146], [-76.578389, 2.151808], [-76.580996, 2.153349], [-76.581968, 2.154427], [-76.582161, 2.155523], [-76.582664, 2.156063], [-76.584498, 2.156145], [-76.586825, 2.155544], [-76.589632, 2.156607], [-76.590641, 2.156673], [-76.590999, 2.157587], [-76.593552, 2.158813], [-76.595581, 2.163824], [-76.596522, 2.164772], [-76.597029, 2.164745], [-76.597193, 2.165121], [-76.597713, 2.164963], [-76.598863, 2.165989], [-76.600758, 2.165739], [-76.601001, 2.166258], [-76.601977, 2.166479], [-76.602642, 2.167103], [-76.602856, 2.169071], [-76.60328, 2.169666], [-76.604869, 2.170425], [-76.606271, 2.170654], [-76.60753, 2.17205], [-76.60822, 2.172203], [-76.609583, 2.171638], [-76.611515, 2.172258], [-76.611864, 2.172873], [-76.612736, 2.173084], [-76.614178, 2.174086], [-76.61494, 2.175587], [-76.619197, 2.177664], [-76.619843, 2.178518], [-76.62105, 2.178989], [-76.622034, 2.180073], [-76.622757, 2.180319], [-76.623486, 2.181473], [-76.624149, 2.18129], [-76.624569, 2.181892], [-76.625967, 2.182276], [-76.626667, 2.183352], [-76.62783, 2.184315], [-76.628227, 2.185598], [-76.629127, 2.186235], [-76.629473, 2.187262], [-76.630055, 2.187777], [-76.630356, 2.189251], [-76.631272, 2.190231], [-76.630755, 2.191321], [-76.630437, 2.191345], [-76.630696, 2.191966], [-76.630333, 2.192949], [-76.629085, 2.194244], [-76.629465, 2.194925], [-76.629463, 2.196049], [-76.628622, 2.19771], [-76.629677, 2.199047], [-76.630196, 2.199259], [-76.630558, 2.200573], [-76.630319, 2.201462], [-76.630917, 2.201956], [-76.631281, 2.203148], [-76.632506, 2.203634], [-76.633381, 2.206032], [-76.635093, 2.207291], [-76.635541, 2.207794], [-76.635637, 2.208578], [-76.636214, 2.208679], [-76.636624, 2.209177], [-76.637471, 2.211824], [-76.637338, 2.212759], [-76.638074, 2.21331], [-76.63814, 2.214033], [-76.638921, 2.2146], [-76.639181, 2.215767], [-76.64039, 2.215446], [-76.641042, 2.215672], [-76.640903, 2.21673], [-76.642129, 2.217628], [-76.642264, 2.218264], [-76.643188, 2.21867], [-76.644605, 2.222322], [-76.647557, 2.22331], [-76.649719, 2.223183], [-76.651093, 2.223677], [-76.654305, 2.226773], [-76.654423, 2.228059], [-76.655575, 2.22887], [-76.654781, 2.230023], [-76.653791, 2.228352], [-76.651822, 2.226688], [-76.648747, 2.226049], [-76.644474, 2.224329], [-76.639867, 2.219406], [-76.638539, 2.216963], [-76.635679, 2.214022], [-76.634532, 2.213648], [-76.63442, 2.214474], [-76.633946, 2.215069], [-76.633938, 2.215923], [-76.633504, 2.216183], [-76.630221, 2.213881], [-76.629253, 2.213665], [-76.627433, 2.21422], [-76.626675, 2.213497], [-76.625352, 2.213718], [-76.624691, 2.212929], [-76.624209, 2.212957], [-76.622969, 2.213415], [-76.618875, 2.216505], [-76.617965, 2.216642], [-76.616174, 2.216293], [-76.614907, 2.216722], [-76.612275, 2.219177], [-76.611683, 2.219248], [-76.612879, 2.222223], [-76.612987, 2.224854], [-76.613625, 2.226744], [-76.613305, 2.228243], [-76.613233, 2.232706], [-76.613658, 2.235634], [-76.613621, 2.239885], [-76.611737, 2.237059], [-76.611498, 2.236229], [-76.610943, 2.235764], [-76.608608, 2.234921], [-76.604934, 2.23288], [-76.603477, 2.2332], [-76.601456, 2.232559], [-76.603407, 2.237164], [-76.604042, 2.237848], [-76.603228, 2.239769], [-76.600993, 2.240841], [-76.601454, 2.242128], [-76.600885, 2.243196], [-76.600741, 2.244911], [-76.6012, 2.246666], [-76.600955, 2.247019], [-76.600457, 2.247305], [-76.599499, 2.246981], [-76.598328, 2.247625], [-76.597582, 2.247658], [-76.596163, 2.246695], [-76.59485, 2.247337], [-76.592295, 2.247478], [-76.590128, 2.248014]]]}, "properties": {"NOMB_MPIO": "SOTARÁ - PAISPAMBA", "NOMBRE_VER": "ULLUCOS", "AREA_HA": 7010.82519307}},{"type": "Feature", "geometry": {"type": "Polygon", "coordinates": [[[-76.56837, 2.268154], [-76.567132, 2.267488], [-76.566668, 2.266495], [-76.565349, 2.265049], [-76.563301, 2.264069], [-76.562973, 2.262503], [-76.560789, 2.260555], [-76.560094, 2.258028], [-76.5606, 2.255747], [-76.558839, 2.256565], [-76.552733, 2.256554], [-76.551121, 2.257153], [-76.549511, 2.257111], [-76.547374, 2.257658], [-76.546977, 2.258427], [-76.545909, 2.25881], [-76.545417, 2.259573], [-76.543842, 2.260464], [-76.542728, 2.262923], [-76.54203, 2.261984], [-76.541936, 2.260315], [-76.542078, 2.260052], [-76.542352, 2.260178], [-76.543017, 2.261554], [-76.543565, 2.260465], [-76.544165, 2.260005], [-76.543702, 2.258617], [-76.543828, 2.256123], [-76.541367, 2.253436], [-76.541415, 2.252533], [-76.542218, 2.251516], [-76.542374, 2.249423], [-76.540781, 2.247466], [-76.540632, 2.246772], [-76.540918, 2.246252], [-76.541721, 2.246115], [-76.54187, 2.245457], [-76.541912, 2.243818], [-76.541401, 2.241724], [-76.541729, 2.240223], [-76.541105, 2.238727], [-76.541432, 2.238326], [-76.542604, 2.238016], [-76.543716, 2.237059], [-76.543883, 2.235845], [-76.543176, 2.233757], [-76.541791, 2.231723], [-76.539978, 2.230544], [-76.537548, 2.229903], [-76.536188, 2.229866], [-76.532494, 2.226907], [-76.531567, 2.225411], [-76.532435, 2.223988], [-76.532596, 2.222642], [-76.533447, 2.222439], [-76.534463, 2.22287], [-76.535605, 2.222584], [-76.535897, 2.222105], [-76.536658, 2.222075], [-76.53744, 2.221263], [-76.543122, 2.222614], [-76.544023, 2.223324], [-76.544968, 2.223415], [-76.546333, 2.222502], [-76.548417, 2.222256], [-76.550446, 2.220901], [-76.552727, 2.220387], [-76.553789, 2.220856], [-76.555322, 2.220432], [-76.555459, 2.22002], [-76.555025, 2.219269], [-76.555901, 2.218796], [-76.556093, 2.218119], [-76.556718, 2.217604], [-76.557914, 2.21698], [-76.560195, 2.2174], [-76.562561, 2.2187], [-76.565256, 2.217869], [-76.568686, 2.218042], [-76.56831, 2.220337], [-76.569303, 2.222406], [-76.56987, 2.226656], [-76.56923, 2.229618], [-76.569477, 2.232689], [-76.570576, 2.235369], [-76.571286, 2.236296], [-76.572847, 2.237154], [-76.578809, 2.241655], [-76.580227, 2.241442], [-76.581825, 2.241833], [-76.585161, 2.245228], [-76.587396, 2.245834], [-76.588425, 2.247015], [-76.590128, 2.248014], [-76.597006, 2.250998], [-76.600604, 2.253309], [-76.603747, 2.253275], [-76.60472, 2.254202], [-76.606286, 2.254583], [-76.607397, 2.255714], [-76.609063, 2.256054], [-76.609732, 2.25672], [-76.609797, 2.25733], [-76.610873, 2.257576], [-76.611623, 2.25967], [-76.610767, 2.260725], [-76.610299, 2.262213], [-76.60779, 2.279139], [-76.603972, 2.280592], [-76.603963, 2.279629], [-76.604861, 2.277922], [-76.604832, 2.277315], [-76.603419, 2.276791], [-76.603616, 2.276413], [-76.602013, 2.275906], [-76.601543, 2.274368], [-76.60011, 2.273397], [-76.598184, 2.272753], [-76.596969, 2.27178], [-76.59452, 2.271215], [-76.592694, 2.269936], [-76.585797, 2.268253], [-76.583595, 2.268997], [-76.581181, 2.270468], [-76.579563, 2.269939], [-76.576912, 2.270102], [-76.576287, 2.2693], [-76.57444, 2.268042], [-76.571401, 2.26778], [-76.56837, 2.268154]]]}, "properties": {"NOMB_MPIO": "SOTARÁ - PAISPAMBA", "NOMBRE_VER": "EL MOLINO", "AREA_HA": 2664.12331595}},{"type": "Feature", "geometry": {"type": "Polygon", "coordinates": [[[-76.540566, 2.313089], [-76.536892, 2.31293], [-76.535906, 2.312605], [-76.534631, 2.311388], [-76.532901, 2.311438], [-76.53173, 2.312714], [-76.530719, 2.311655], [-76.530113, 2.31053], [-76.529935, 2.309328], [-76.528331, 2.306575], [-76.52842, 2.305373], [-76.526554, 2.303309], [-76.527935, 2.300133], [-76.527527, 2.2946], [-76.528627, 2.292674], [-76.530578, 2.291371], [-76.531298, 2.291413], [-76.532225, 2.292077], [-76.532998, 2.291527], [-76.534217, 2.291964], [-76.535127, 2.291319], [-76.535049, 2.290743], [-76.534482, 2.290097], [-76.534579, 2.289358], [-76.535101, 2.288908], [-76.535703, 2.289147], [-76.535968, 2.288956], [-76.536505, 2.28808], [-76.536859, 2.286237], [-76.538286, 2.284655], [-76.538805, 2.284283], [-76.53975, 2.284337], [-76.539804, 2.283177], [-76.540691, 2.282417], [-76.539995, 2.281896], [-76.539662, 2.280903], [-76.540483, 2.280635], [-76.54081, 2.279953], [-76.542178, 2.279331], [-76.541477, 2.278188], [-76.541442, 2.277584], [-76.542792, 2.275563], [-76.54346, 2.273422], [-76.543531, 2.271083], [-76.544156, 2.27097], [-76.544548, 2.270037], [-76.543811, 2.268876], [-76.544032, 2.267237], [-76.543569, 2.266184], [-76.543753, 2.264838], [-76.54288, 2.26403], [-76.542728, 2.262923], [-76.543842, 2.260464], [-76.545417, 2.259573], [-76.545909, 2.25881], [-76.546636, 2.258694], [-76.547374, 2.257658], [-76.547818, 2.257513], [-76.549511, 2.257111], [-76.551121, 2.257153], [-76.552733, 2.256554], [-76.558839, 2.256565], [-76.5606, 2.255747], [-76.560094, 2.258028], [-76.560789, 2.260555], [-76.562973, 2.262503], [-76.563301, 2.264069], [-76.565349, 2.265049], [-76.566668, 2.266495], [-76.567132, 2.267488], [-76.568339, 2.268148], [-76.565973, 2.271004], [-76.565611, 2.27405], [-76.565611, 2.275101], [-76.56627, 2.276999], [-76.567585, 2.278835], [-76.567855, 2.279858], [-76.568031, 2.284678], [-76.567553, 2.28618], [-76.566774, 2.287327], [-76.566295, 2.289703], [-76.564917, 2.291872], [-76.564225, 2.296177], [-76.564286, 2.29714], [-76.565572, 2.299643], [-76.565333, 2.301329], [-76.565781, 2.302683], [-76.566797, 2.303856], [-76.567036, 2.304882], [-76.565181, 2.30464], [-76.563714, 2.303648], [-76.560663, 2.300482], [-76.559674, 2.300993], [-76.558745, 2.302319], [-76.557368, 2.302982], [-76.55635, 2.304276], [-76.553328, 2.305779], [-76.550212, 2.308218], [-76.549075, 2.308487], [-76.547966, 2.310444], [-76.544044, 2.311409], [-76.541457, 2.313067], [-76.541658, 2.313462], [-76.540566, 2.313089]]]}, "properties": {"NOMB_MPIO": "SOTARÁ - PAISPAMBA", "NOMBRE_VER": "CASAS NUEVAS", "AREA_HA": 1799.78427096}},{"type": "Feature", "geometry": {"type": "Polygon", "coordinates": [[[-76.57085, 2.272633], [-76.56843, 2.268084], [-76.568594, 2.268007], [-76.571401, 2.26778], [-76.57444, 2.268042], [-76.576287, 2.2693], [-76.576912, 2.270102], [-76.579563, 2.269939], [-76.581181, 2.270468], [-76.583595, 2.268997], [-76.585797, 2.268253], [-76.592694, 2.269936], [-76.59452, 2.271215], [-76.596969, 2.27178], [-76.598184, 2.272753], [-76.599755, 2.273211], [-76.601309, 2.27417], [-76.602013, 2.275906], [-76.603616, 2.276413], [-76.603419, 2.276791], [-76.604832, 2.277315], [-76.604861, 2.277922], [-76.603922, 2.279844], [-76.603978, 2.280651], [-76.605044, 2.282408], [-76.605, 2.284075], [-76.605459, 2.28503], [-76.605906, 2.285263], [-76.605773, 2.285582], [-76.606134, 2.285637], [-76.60613, 2.286156], [-76.606778, 2.286684], [-76.607939, 2.286917], [-76.608214, 2.288191], [-76.608772, 2.288458], [-76.610648, 2.28758], [-76.61225, 2.288303], [-76.614234, 2.288475], [-76.615449, 2.294033], [-76.61503, 2.296904], [-76.614211, 2.298229], [-76.614587, 2.300465], [-76.6101, 2.301085], [-76.609003, 2.301765], [-76.60865, 2.302393], [-76.607825, 2.302641], [-76.606519, 2.305246], [-76.604601, 2.305761], [-76.603361, 2.306631], [-76.602748, 2.307947], [-76.602578, 2.309223], [-76.601741, 2.310099], [-76.603051, 2.310402], [-76.603382, 2.311501], [-76.604526, 2.312223], [-76.604659, 2.314392], [-76.603359, 2.31462], [-76.599447, 2.314362], [-76.597633, 2.314788], [-76.594892, 2.314625], [-76.593049, 2.312933], [-76.590649, 2.31396], [-76.587, 2.313959], [-76.58737, 2.314978], [-76.58706, 2.314615], [-76.58691, 2.313049], [-76.5876, 2.310038], [-76.587332, 2.309256], [-76.587781, 2.308413], [-76.587452, 2.30769], [-76.588111, 2.305222], [-76.587662, 2.303835], [-76.587903, 2.302118], [-76.587064, 2.30022], [-76.586287, 2.299498], [-76.586048, 2.296064], [-76.585091, 2.295492], [-76.584492, 2.294258], [-76.584104, 2.294167], [-76.583026, 2.292782], [-76.582818, 2.290792], [-76.581291, 2.287601], [-76.580034, 2.286821], [-76.578958, 2.28709], [-76.574947, 2.283321], [-76.575009, 2.278898], [-76.57456, 2.278053], [-76.573844, 2.274622], [-76.572556, 2.274319], [-76.57085, 2.272633]]]}, "properties": {"NOMB_MPIO": "SOTARÁ - PAISPAMBA", "NOMBRE_VER": "LA CATANA", "AREA_HA": 1426.88230918}},{"type": "Feature", "geometry": {"type": "Polygon", "coordinates": [[[-76.545062, 2.312851], [-76.541458, 2.313066], [-76.544044, 2.311409], [-76.547966, 2.310444], [-76.549075, 2.308487], [-76.550212, 2.308218], [-76.553328, 2.305779], [-76.55635, 2.304276], [-76.557368, 2.302982], [-76.558745, 2.302319], [-76.559674, 2.300993], [-76.560663, 2.300482], [-76.563714, 2.303648], [-76.565181, 2.30464], [-76.567036, 2.304882], [-76.566797, 2.303856], [-76.565781, 2.302683], [-76.565333, 2.301329], [-76.565572, 2.299643], [-76.564286, 2.29714], [-76.564225, 2.296177], [-76.564917, 2.291872], [-76.566295, 2.289703], [-76.566774, 2.287327], [-76.567553, 2.28618], [-76.568031, 2.284678], [-76.567855, 2.279858], [-76.567585, 2.278835], [-76.56627, 2.276999], [-76.565611, 2.275101], [-76.565611, 2.27405], [-76.565973, 2.271004], [-76.568428, 2.268087], [-76.57085, 2.272633], [-76.572556, 2.274319], [-76.573844, 2.274622], [-76.57456, 2.278053], [-76.575009, 2.278898], [-76.574947, 2.283321], [-76.578958, 2.28709], [-76.580034, 2.286821], [-76.581291, 2.287601], [-76.582818, 2.290792], [-76.583026, 2.292782], [-76.584104, 2.294167], [-76.584492, 2.294258], [-76.585091, 2.295492], [-76.586048, 2.296064], [-76.586287, 2.299498], [-76.587064, 2.30022], [-76.587903, 2.302118], [-76.587662, 2.303835], [-76.588111, 2.305222], [-76.587452, 2.30769], [-76.587781, 2.308413], [-76.587421, 2.308744], [-76.5876, 2.310038], [-76.58691, 2.313049], [-76.58706, 2.314615], [-76.587688, 2.315607], [-76.588436, 2.318257], [-76.587028, 2.319552], [-76.584573, 2.320755], [-76.584064, 2.320544], [-76.583734, 2.325061], [-76.584362, 2.325844], [-76.58487, 2.328344], [-76.585229, 2.328856], [-76.585168, 2.331295], [-76.585737, 2.332198], [-76.585975, 2.334276], [-76.588817, 2.339667], [-76.588937, 2.341142], [-76.589984, 2.342558], [-76.588757, 2.342678], [-76.588337, 2.343732], [-76.58702, 2.344213], [-76.586361, 2.345448], [-76.585373, 2.344965], [-76.583307, 2.34647], [-76.582409, 2.344723], [-76.580883, 2.343368], [-76.580764, 2.34129], [-76.580226, 2.340296], [-76.580167, 2.338459], [-76.579837, 2.337857], [-76.57867, 2.337254], [-76.577803, 2.335267], [-76.576486, 2.334875], [-76.574361, 2.332766], [-76.567957, 2.328036], [-76.563826, 2.325987], [-76.563258, 2.324873], [-76.561223, 2.322794], [-76.559069, 2.319511], [-76.556944, 2.317794], [-76.554879, 2.317131], [-76.554311, 2.316107], [-76.552575, 2.316016], [-76.549731, 2.314329], [-76.545062, 2.312851]]]}, "properties": {"NOMB_MPIO": "SOTARÁ - PAISPAMBA", "NOMBRE_VER": "LOS CEDROS", "AREA_HA": 1714.07252377}},{"type": "Feature", "geometry": {"type": "Polygon", "coordinates": [[[-76.545187, 2.352886], [-76.544559, 2.351907], [-76.544199, 2.350039], [-76.542414, 2.348455], [-76.541481, 2.348269], [-76.540927, 2.347667], [-76.539863, 2.347516], [-76.540155, 2.342401], [-76.53991, 2.340039], [-76.538458, 2.336596], [-76.536541, 2.334489], [-76.5357, 2.334034], [-76.535368, 2.332469], [-76.534463, 2.331707], [-76.535384, 2.328556], [-76.535374, 2.3275], [-76.536138, 2.325494], [-76.536605, 2.325046], [-76.537143, 2.325011], [-76.537518, 2.324478], [-76.537864, 2.321862], [-76.53973, 2.321131], [-76.540503, 2.319636], [-76.541574, 2.318865], [-76.542241, 2.31603], [-76.540166, 2.314839], [-76.536652, 2.314129], [-76.535906, 2.312605], [-76.53735, 2.312992], [-76.540566, 2.313089], [-76.541658, 2.313462], [-76.541457, 2.313067], [-76.545062, 2.312851], [-76.548214, 2.31468], [-76.549347, 2.316064], [-76.550282, 2.319727], [-76.552186, 2.322373], [-76.553378, 2.324851], [-76.553756, 2.32666], [-76.554118, 2.327329], [-76.554496, 2.32742], [-76.555039, 2.328789], [-76.556837, 2.330781], [-76.557985, 2.331161], [-76.560297, 2.33323], [-76.560254, 2.334693], [-76.560772, 2.336369], [-76.560695, 2.336976], [-76.560142, 2.3376], [-76.560065, 2.339626], [-76.561399, 2.34055], [-76.561858, 2.34173], [-76.563362, 2.3412], [-76.56428, 2.341389], [-76.565606, 2.34363], [-76.565614, 2.344536], [-76.564933, 2.345091], [-76.565026, 2.34663], [-76.564559, 2.347143], [-76.565927, 2.348683], [-76.566666, 2.350282], [-76.566708, 2.351565], [-76.567455, 2.352086], [-76.567064, 2.352779], [-76.567455, 2.354498], [-76.567244, 2.354907], [-76.565157, 2.354141], [-76.561852, 2.350298], [-76.556157, 2.348985], [-76.553807, 2.349051], [-76.549639, 2.34816], [-76.547761, 2.34924], [-76.547278, 2.350432], [-76.545187, 2.352886]]]}, "properties": {"NOMB_MPIO": "SOTARÁ - PAISPAMBA", "NOMBRE_VER": "EL CANELO", "AREA_HA": 859.986914427}},{"type": "Feature", "geometry": {"type": "Polygon", "coordinates": [[[-76.585704, 2.352909], [-76.58557, 2.352196], [-76.584792, 2.351893], [-76.58476, 2.35133], [-76.584053, 2.350962], [-76.584886, 2.350544], [-76.585122, 2.349837], [-76.583977, 2.349279], [-76.584057, 2.347979], [-76.583366, 2.347067], [-76.583307, 2.34647], [-76.585373, 2.344965], [-76.586361, 2.345448], [-76.58702, 2.344213], [-76.588337, 2.343732], [-76.588757, 2.342678], [-76.589984, 2.342558], [-76.588937, 2.341142], [-76.588817, 2.339667], [-76.585975, 2.334276], [-76.585737, 2.332198], [-76.585168, 2.331295], [-76.585229, 2.328856], [-76.58487, 2.328344], [-76.584362, 2.325844], [-76.583734, 2.325061], [-76.584064, 2.320544], [-76.584573, 2.320755], [-76.587028, 2.319552], [-76.588436, 2.318257], [-76.587, 2.313959], [-76.590649, 2.31396], [-76.593049, 2.312933], [-76.594892, 2.314625], [-76.597633, 2.314788], [-76.599447, 2.314362], [-76.603364, 2.314619], [-76.604485, 2.315354], [-76.604893, 2.316352], [-76.604046, 2.318665], [-76.604529, 2.323243], [-76.603898, 2.326131], [-76.604002, 2.327358], [-76.604714, 2.329302], [-76.605088, 2.333444], [-76.607377, 2.337477], [-76.61355, 2.344323], [-76.615287, 2.345501], [-76.616193, 2.345368], [-76.61852, 2.347181], [-76.620567, 2.347701], [-76.622217, 2.348894], [-76.611995, 2.364056], [-76.602055, 2.363362], [-76.601341, 2.363147], [-76.600866, 2.362357], [-76.599557, 2.362524], [-76.599415, 2.362117], [-76.599819, 2.361328], [-76.598845, 2.360203], [-76.59894, 2.359605], [-76.59825, 2.358839], [-76.598298, 2.358265], [-76.597775, 2.357642], [-76.597966, 2.356685], [-76.597728, 2.356279], [-76.596824, 2.356063], [-76.596491, 2.356541], [-76.595658, 2.356637], [-76.594398, 2.354602], [-76.591686, 2.355104], [-76.591378, 2.354003], [-76.590735, 2.354266], [-76.590188, 2.353524], [-76.589237, 2.353237], [-76.588999, 2.352543], [-76.588119, 2.35271], [-76.587168, 2.352135], [-76.586763, 2.352901], [-76.585704, 2.352909]]]}, "properties": {"NOMB_MPIO": "SOTARÁ - PAISPAMBA", "NOMBRE_VER": "CHIRIBIO", "AREA_HA": 1346.00218641}},{"type": "Feature", "geometry": {"type": "Polygon", "coordinates": [[[-76.568804, 2.359507], [-76.569201, 2.358454], [-76.569104, 2.357628], [-76.568599, 2.356749], [-76.567176, 2.355513], [-76.567455, 2.354498], [-76.567064, 2.352779], [-76.567455, 2.352086], [-76.566708, 2.351565], [-76.566666, 2.350282], [-76.565927, 2.348683], [-76.564559, 2.347143], [-76.565026, 2.34663], [-76.564933, 2.345091], [-76.565614, 2.344536], [-76.565673, 2.3441], [-76.56479, 2.342013], [-76.563864, 2.341192], [-76.561858, 2.34173], [-76.561399, 2.34055], [-76.560065, 2.339626], [-76.560142, 2.3376], [-76.560695, 2.336976], [-76.560772, 2.336369], [-76.560254, 2.334693], [-76.560135, 2.33294], [-76.557985, 2.331161], [-76.556837, 2.330781], [-76.555039, 2.328789], [-76.554496, 2.32742], [-76.554118, 2.327329], [-76.553756, 2.32666], [-76.553378, 2.324851], [-76.552186, 2.322373], [-76.550282, 2.319727], [-76.549347, 2.316064], [-76.548214, 2.31468], [-76.545062, 2.312851], [-76.549731, 2.314329], [-76.552575, 2.316016], [-76.554311, 2.316107], [-76.554879, 2.317131], [-76.556944, 2.317794], [-76.559069, 2.319511], [-76.561223, 2.322794], [-76.563258, 2.324873], [-76.563826, 2.325987], [-76.567957, 2.328036], [-76.574361, 2.332766], [-76.576486, 2.334875], [-76.577803, 2.335267], [-76.57867, 2.337254], [-76.579837, 2.337857], [-76.580167, 2.338459], [-76.580226, 2.340296], [-76.580764, 2.34129], [-76.580883, 2.343368], [-76.582948, 2.345446], [-76.583366, 2.347067], [-76.584057, 2.347979], [-76.583897, 2.349131], [-76.585122, 2.349837], [-76.584886, 2.350544], [-76.584053, 2.350962], [-76.58476, 2.35133], [-76.584792, 2.351893], [-76.585742, 2.352521], [-76.584771, 2.355953], [-76.581823, 2.358038], [-76.584577, 2.360433], [-76.585675, 2.362372], [-76.585414, 2.363398], [-76.584424, 2.364086], [-76.582672, 2.361174], [-76.580904, 2.36253], [-76.579793, 2.36294], [-76.578509, 2.366676], [-76.577638, 2.367118], [-76.577289, 2.366756], [-76.577552, 2.365614], [-76.577348, 2.365419], [-76.576523, 2.365087], [-76.57594, 2.365682], [-76.575465, 2.365223], [-76.574883, 2.365281], [-76.574204, 2.364656], [-76.573913, 2.363602], [-76.572642, 2.362176], [-76.571739, 2.361688], [-76.571264, 2.360672], [-76.570779, 2.361121], [-76.570313, 2.361111], [-76.568804, 2.359507]]]}, "properties": {"NOMB_MPIO": "SOTARÁ - PAISPAMBA", "NOMBRE_VER": "EL HIGUERON", "AREA_HA": 868.117886795}},{"type": "Feature", "geometry": {"type": "Polygon", "coordinates": [[[-76.582923, 1.892618], [-76.585653, 1.891877], [-76.592146, 1.891209], [-76.598994, 1.893221], [-76.605272, 1.893366], [-76.606984, 1.892793], [-76.608982, 1.893224], [-76.612406, 1.894804], [-76.615259, 1.895522], [-76.618113, 1.894805], [-76.621109, 1.894806], [-76.625389, 1.896674], [-76.630668, 1.897249], [-76.634093, 1.896245], [-76.636519, 1.894092], [-76.641085, 1.892371], [-76.644224, 1.891941], [-76.648072, 1.89434], [-76.648856, 1.895992], [-76.65071, 1.898576], [-76.652351, 1.900012], [-76.655918, 1.901233], [-76.657558, 1.903674], [-76.661195, 1.907264], [-76.666434, 1.918282], [-76.664436, 1.919717], [-76.663722, 1.922086], [-76.66151, 1.925172], [-76.659297, 1.926966], [-76.651091, 1.934932], [-76.647737, 1.939381], [-76.643384, 1.942395], [-76.636107, 1.944762], [-76.632753, 1.946197], [-76.62783, 1.947057], [-76.624548, 1.948563], [-76.619625, 1.950285], [-76.615722, 1.951237], [-76.615042, 1.949959], [-76.611503, 1.948115], [-76.610465, 1.946727], [-76.61415, 1.940114], [-76.613852, 1.938359], [-76.61415, 1.937288], [-76.616232, 1.933897], [-76.619058, 1.931548], [-76.619679, 1.929286], [-76.619285, 1.92654], [-76.614788, 1.925683], [-76.611599, 1.925802], [-76.610743, 1.924422], [-76.609505, 1.923518], [-76.60665, 1.922043], [-76.605175, 1.921781], [-76.603105, 1.920615], [-76.595657, 1.920329], [-76.595038, 1.919972], [-76.592013, 1.91361], [-76.586258, 1.908837], [-76.585949, 1.908028], [-76.58583, 1.904458], [-76.584488, 1.902748], [-76.583726, 1.90103], [-76.583096, 1.900418], [-76.578723, 1.898732], [-76.578797, 1.898084], [-76.580465, 1.896417], [-76.582923, 1.892618]]]}, "properties": {"NOMB_MPIO": "SAN SEBASTIÁN", "NOMBRE_VER": "SANTA OTILIA", "AREA_HA": 3642.75004184}},{"type": "Feature", "geometry": {"type": "Polygon", "coordinates": [[[-76.499505, 2.207733], [-76.497181, 2.205832], [-76.496709, 2.204704], [-76.496918, 2.203867], [-76.497342, 2.203712], [-76.496918, 2.202962], [-76.492558, 2.201563], [-76.492393, 2.200764], [-76.493449, 2.200389], [-76.492966, 2.199686], [-76.491875, 2.200416], [-76.490027, 2.199684], [-76.489998, 2.199221], [-76.490856, 2.198929], [-76.490898, 2.198654], [-76.489989, 2.197675], [-76.489675, 2.196837], [-76.488679, 2.196547], [-76.488673, 2.197383], [-76.487753, 2.197309], [-76.488021, 2.196023], [-76.487546, 2.195073], [-76.487638, 2.193389], [-76.486804, 2.193755], [-76.486355, 2.192656], [-76.486426, 2.192403], [-76.487513, 2.192623], [-76.487653, 2.191545], [-76.486484, 2.189895], [-76.485722, 2.189687], [-76.484748, 2.188521], [-76.484374, 2.18915], [-76.484784, 2.189906], [-76.483723, 2.190395], [-76.483937, 2.188068], [-76.483488, 2.18777], [-76.483283, 2.18862], [-76.482328, 2.189268], [-76.482716, 2.190122], [-76.482043, 2.190188], [-76.481484, 2.188054], [-76.480878, 2.188371], [-76.480308, 2.187537], [-76.480327, 2.18685], [-76.481205, 2.186404], [-76.481361, 2.184856], [-76.482403, 2.184699], [-76.482827, 2.185684], [-76.483182, 2.185793], [-76.482905, 2.184698], [-76.483403, 2.184376], [-76.483404, 2.184004], [-76.482527, 2.183718], [-76.481694, 2.18247], [-76.483555, 2.182519], [-76.483858, 2.182132], [-76.483666, 2.181459], [-76.482666, 2.181341], [-76.480832, 2.179453], [-76.48007, 2.179595], [-76.479119, 2.180976], [-76.478757, 2.180832], [-76.47884, 2.180224], [-76.478606, 2.180158], [-76.477661, 2.181178], [-76.476522, 2.180873], [-76.475738, 2.179876], [-76.474783, 2.179683], [-76.473389, 2.178236], [-76.473292, 2.176961], [-76.472281, 2.175967], [-76.471061, 2.176046], [-76.469504, 2.175592], [-76.469161, 2.174246], [-76.468236, 2.173732], [-76.467918, 2.17298], [-76.468389, 2.171572], [-76.467899, 2.170325], [-76.467786, 2.166549], [-76.46719, 2.166351], [-76.467424, 2.165043], [-76.46643, 2.164936], [-76.466869, 2.163625], [-76.465164, 2.163648], [-76.464228, 2.162751], [-76.464207, 2.161624], [-76.461753, 2.160547], [-76.460927, 2.15982], [-76.459386, 2.159898], [-76.459452, 2.159258], [-76.458727, 2.15895], [-76.45982, 2.158015], [-76.459595, 2.157493], [-76.459178, 2.15745], [-76.459362, 2.157006], [-76.45868, 2.15735], [-76.457805, 2.15621], [-76.457403, 2.156419], [-76.456629, 2.156224], [-76.456227, 2.155662], [-76.456408, 2.15492], [-76.456175, 2.15459], [-76.454858, 2.154507], [-76.453972, 2.153296], [-76.453301, 2.153349], [-76.452017, 2.15245], [-76.451872, 2.151345], [-76.45111, 2.150706], [-76.450648, 2.149583], [-76.451093, 2.148106], [-76.450313, 2.147605], [-76.450494, 2.146479], [-76.450102, 2.145754], [-76.448422, 2.145327], [-76.448027, 2.144908], [-76.447967, 2.144251], [-76.447497, 2.143977], [-76.446654, 2.144332], [-76.445556, 2.144271], [-76.44528, 2.143973], [-76.444362, 2.144484], [-76.442647, 2.144029], [-76.439946, 2.1444], [-76.436476, 2.141927], [-76.435379, 2.141536], [-76.432797, 2.143389], [-76.431496, 2.143643], [-76.430881, 2.141217], [-76.429454, 2.138343], [-76.426813, 2.135271], [-76.425813, 2.134736], [-76.424314, 2.131666], [-76.424314, 2.130381], [-76.425278, 2.127847], [-76.428883, 2.122458], [-76.430917, 2.120388], [-76.433201, 2.119602], [-76.44266, 2.119174], [-76.448299, 2.116355], [-76.452868, 2.113642], [-76.454331, 2.112428], [-76.456758, 2.109038], [-76.461148, 2.104683], [-76.463789, 2.101578], [-76.466395, 2.100257], [-76.46743, 2.100008], [-76.468608, 2.1004], [-76.469679, 2.101364], [-76.472213, 2.102078], [-76.472712, 2.102827], [-76.474604, 2.10918], [-76.476389, 2.110073], [-76.4806, 2.110858], [-76.480922, 2.111964], [-76.480814, 2.114106], [-76.48185, 2.11639], [-76.483099, 2.118139], [-76.483634, 2.119888], [-76.48392, 2.121137], [-76.483563, 2.123386], [-76.484205, 2.125135], [-76.487417, 2.129061], [-76.488631, 2.129311], [-76.491451, 2.128454], [-76.49684, 2.127455], [-76.501766, 2.126884], [-76.502337, 2.126241], [-76.503229, 2.126205], [-76.504193, 2.126669], [-76.50455, 2.128847], [-76.505656, 2.129953], [-76.507476, 2.132773], [-76.513401, 2.135307], [-76.52004, 2.1342], [-76.524751, 2.135664], [-76.529463, 2.134879], [-76.53296, 2.134664], [-76.533308, 2.135578], [-76.533591, 2.13712], [-76.532703, 2.139205], [-76.532544, 2.141419], [-76.535425, 2.146565], [-76.535548, 2.149731], [-76.53427, 2.151951], [-76.534213, 2.153624], [-76.533442, 2.154181], [-76.53296, 2.15516], [-76.531217, 2.16062], [-76.531422, 2.161814], [-76.531104, 2.163675], [-76.532635, 2.164502], [-76.532391, 2.166309], [-76.531225, 2.168341], [-76.52986, 2.16793], [-76.528736, 2.168914], [-76.5272, 2.1689], [-76.52588, 2.170138], [-76.523839, 2.170383], [-76.522748, 2.173794], [-76.52172, 2.175005], [-76.521374, 2.176075], [-76.517764, 2.178524], [-76.517506, 2.180171], [-76.516326, 2.181533], [-76.516526, 2.182406], [-76.514604, 2.185519], [-76.513796, 2.187454], [-76.509848, 2.190588], [-76.509031, 2.193972], [-76.507837, 2.195156], [-76.507715, 2.195879], [-76.506631, 2.197617], [-76.504257, 2.199383], [-76.502062, 2.202058], [-76.499424, 2.204177], [-76.499505, 2.207733]]]}, "properties": {"NOMB_MPIO": "PURACÉ", "NOMBRE_VER": "EL DEPOSITO", "AREA_HA": 6651.00132283}},{"type": "Feature", "geometry": {"type": "Polygon", "coordinates": [[[-76.484895, 2.20216], [-76.484648, 2.200285], [-76.484941, 2.196741], [-76.487546, 2.195073], [-76.488021, 2.196023], [-76.487753, 2.197309], [-76.488673, 2.197383], [-76.488548, 2.196589], [-76.489492, 2.196748], [-76.490898, 2.198654], [-76.490856, 2.198929], [-76.489998, 2.199221], [-76.490027, 2.199684], [-76.491875, 2.200416], [-76.492966, 2.199686], [-76.493449, 2.200389], [-76.492393, 2.200764], [-76.492558, 2.201563], [-76.496204, 2.202565], [-76.49712, 2.203229], [-76.497342, 2.203712], [-76.496918, 2.203867], [-76.496708, 2.204607], [-76.497104, 2.20565], [-76.495781, 2.20833], [-76.495944, 2.20897], [-76.495433, 2.209607], [-76.495516, 2.210253], [-76.495087, 2.210614], [-76.495105, 2.212315], [-76.494276, 2.213494], [-76.492831, 2.214699], [-76.491762, 2.214156], [-76.490037, 2.212367], [-76.487399, 2.20877], [-76.486034, 2.205797], [-76.484895, 2.20216]]]}, "properties": {"NOMB_MPIO": "PURACÉ", "NOMBRE_VER": "PALETARA", "AREA_HA": 170.529971276}},{"type": "Feature", "geometry": {"type": "Polygon", "coordinates": [[[-76.530229, 2.223969], [-76.527996, 2.223053], [-76.526733, 2.221437], [-76.525942, 2.221638], [-76.525063, 2.221321], [-76.52465, 2.219791], [-76.523222, 2.219929], [-76.522551, 2.219685], [-76.521164, 2.217108], [-76.519953, 2.217894], [-76.519128, 2.217815], [-76.519134, 2.216137], [-76.518793, 2.215879], [-76.517379, 2.215904], [-76.517094, 2.214773], [-76.514441, 2.215401], [-76.514664, 2.213669], [-76.514078, 2.212587], [-76.511396, 2.213884], [-76.511059, 2.213577], [-76.510789, 2.211733], [-76.510382, 2.211653], [-76.51011, 2.212982], [-76.507968, 2.214163], [-76.507006, 2.213593], [-76.50666, 2.212788], [-76.506753, 2.211687], [-76.507918, 2.210968], [-76.507927, 2.21027], [-76.505878, 2.211292], [-76.501609, 2.211346], [-76.500916, 2.208941], [-76.499505, 2.207735], [-76.49933, 2.204395], [-76.502062, 2.202058], [-76.503998, 2.199621], [-76.506631, 2.197617], [-76.507715, 2.195879], [-76.507837, 2.195156], [-76.509031, 2.193972], [-76.509848, 2.190588], [-76.513796, 2.187454], [-76.514604, 2.185519], [-76.516526, 2.182406], [-76.516326, 2.181533], [-76.517506, 2.180171], [-76.517764, 2.178524], [-76.521374, 2.176075], [-76.52172, 2.175005], [-76.522748, 2.173794], [-76.523839, 2.170383], [-76.52588, 2.170138], [-76.5272, 2.1689], [-76.528736, 2.168914], [-76.52986, 2.16793], [-76.531088, 2.168349], [-76.531562, 2.167907], [-76.532391, 2.166309], [-76.532681, 2.164925], [-76.532635, 2.164502], [-76.531104, 2.163675], [-76.531422, 2.161814], [-76.531217, 2.16062], [-76.53296, 2.15516], [-76.533442, 2.154181], [-76.534213, 2.153624], [-76.53427, 2.151951], [-76.535548, 2.149731], [-76.535425, 2.146565], [-76.532544, 2.141419], [-76.532703, 2.139205], [-76.533591, 2.13712], [-76.532981, 2.134664], [-76.538155, 2.134533], [-76.54181, 2.134004], [-76.547589, 2.13611], [-76.551911, 2.139384], [-76.553385, 2.139692], [-76.55421, 2.139188], [-76.555745, 2.141587], [-76.555985, 2.1443], [-76.556457, 2.14567], [-76.556448, 2.15081], [-76.554885, 2.1534], [-76.555063, 2.154414], [-76.554327, 2.156783], [-76.554337, 2.159797], [-76.553978, 2.160571], [-76.555025, 2.165844], [-76.556201, 2.168382], [-76.556001, 2.16925], [-76.556254, 2.170062], [-76.555432, 2.171369], [-76.55529, 2.172852], [-76.554584, 2.173801], [-76.554409, 2.175088], [-76.553402, 2.176083], [-76.553129, 2.1771], [-76.553493, 2.178013], [-76.55486, 2.179508], [-76.555226, 2.181302], [-76.556527, 2.183356], [-76.557246, 2.185071], [-76.557283, 2.185899], [-76.555183, 2.190293], [-76.554587, 2.192276], [-76.554822, 2.193338], [-76.555782, 2.19457], [-76.555729, 2.195022], [-76.552017, 2.197196], [-76.549832, 2.199391], [-76.550088, 2.201256], [-76.549639, 2.202884], [-76.549942, 2.204255], [-76.549779, 2.207761], [-76.550129, 2.209515], [-76.549518, 2.210637], [-76.548809, 2.213858], [-76.547649, 2.216003], [-76.547117, 2.216455], [-76.546399, 2.216074], [-76.545487, 2.216094], [-76.542084, 2.216841], [-76.539415, 2.218858], [-76.538637, 2.220261], [-76.536771, 2.22201], [-76.535986, 2.222057], [-76.535766, 2.222494], [-76.534624, 2.222852], [-76.533447, 2.222439], [-76.532596, 2.222642], [-76.532435, 2.223988], [-76.531515, 2.225256], [-76.530734, 2.224907], [-76.530229, 2.223969]]]}, "properties": {"NOMB_MPIO": "PURACÉ", "NOMBRE_VER": "RIO CLARO", "AREA_HA": 3467.93809864}},{"type": "Feature", "geometry": {"type": "Polygon", "coordinates": [[[-76.527807, 2.268148], [-76.52225, 2.268917], [-76.5188, 2.26886], [-76.518415, 2.267904], [-76.518648, 2.266388], [-76.517017, 2.265236], [-76.51622, 2.265694], [-76.515848, 2.264742], [-76.515364, 2.264427], [-76.51543, 2.263958], [-76.514998, 2.263952], [-76.514732, 2.26333], [-76.514013, 2.263285], [-76.513814, 2.262827], [-76.514016, 2.261663], [-76.512738, 2.26124], [-76.512813, 2.260838], [-76.513419, 2.260658], [-76.513322, 2.260201], [-76.511809, 2.259315], [-76.51123, 2.25807], [-76.509705, 2.257118], [-76.507721, 2.257301], [-76.506036, 2.254953], [-76.504933, 2.25478], [-76.503994, 2.254143], [-76.50362, 2.252228], [-76.504316, 2.251713], [-76.504871, 2.24964], [-76.504458, 2.244463], [-76.501381, 2.238546], [-76.49963, 2.236948], [-76.499449, 2.235273], [-76.498479, 2.233536], [-76.498257, 2.231861], [-76.497228, 2.231064], [-76.499732, 2.230827], [-76.501911, 2.231871], [-76.504942, 2.231289], [-76.506184, 2.231426], [-76.507216, 2.232332], [-76.508459, 2.232605], [-76.509699, 2.232397], [-76.510872, 2.231983], [-76.512734, 2.230598], [-76.516319, 2.230116], [-76.518802, 2.229145], [-76.519286, 2.228592], [-76.519562, 2.226789], [-76.520734, 2.22617], [-76.522319, 2.225546], [-76.527629, 2.224787], [-76.530229, 2.223969], [-76.530896, 2.225044], [-76.531668, 2.225142], [-76.531567, 2.225411], [-76.532494, 2.226907], [-76.536188, 2.229866], [-76.537548, 2.229903], [-76.539978, 2.230544], [-76.542273, 2.232124], [-76.543202, 2.233821], [-76.542318, 2.232506], [-76.537378, 2.232569], [-76.534058, 2.234043], [-76.531046, 2.236212], [-76.526384, 2.236341], [-76.525387, 2.237038], [-76.52531, 2.237679], [-76.52628, 2.23966], [-76.530616, 2.245556], [-76.530562, 2.248161], [-76.532722, 2.254431], [-76.532614, 2.255789], [-76.533206, 2.258123], [-76.535421, 2.260979], [-76.538105, 2.265686], [-76.538312, 2.266733], [-76.538364, 2.267721], [-76.537837, 2.268772], [-76.536073, 2.269505], [-76.534563, 2.269358], [-76.531347, 2.268032], [-76.527807, 2.268148]]]}, "properties": {"NOMB_MPIO": "PURACÉ", "NOMBRE_VER": "EL MIRADOR", "AREA_HA": 1321.57363465}},{"type": "Feature", "geometry": {"type": "Polygon", "coordinates": [[[-76.527807, 2.268148], [-76.531347, 2.268032], [-76.534563, 2.269358], [-76.536073, 2.269505], [-76.537837, 2.268772], [-76.538364, 2.267721], [-76.538312, 2.266733], [-76.538105, 2.265686], [-76.535421, 2.260979], [-76.533206, 2.258123], [-76.532614, 2.255789], [-76.532722, 2.254431], [-76.530562, 2.248161], [-76.530616, 2.245556], [-76.52628, 2.23966], [-76.52531, 2.237679], [-76.525387, 2.237038], [-76.526384, 2.236341], [-76.531046, 2.236212], [-76.534058, 2.234043], [-76.537378, 2.232569], [-76.542318, 2.232506], [-76.543449, 2.234397], [-76.543877, 2.236647], [-76.5428, 2.237872], [-76.541432, 2.238326], [-76.541105, 2.238727], [-76.541729, 2.240223], [-76.541401, 2.241724], [-76.541912, 2.243818], [-76.54187, 2.245457], [-76.541721, 2.246115], [-76.540817, 2.246318], [-76.540626, 2.246928], [-76.542344, 2.249273], [-76.542218, 2.251516], [-76.541415, 2.252533], [-76.541338, 2.253269], [-76.541676, 2.254022], [-76.543739, 2.255794], [-76.543702, 2.258617], [-76.544166, 2.259862], [-76.543017, 2.261554], [-76.542263, 2.260088], [-76.541918, 2.260471], [-76.54203, 2.261984], [-76.542654, 2.262708], [-76.542832, 2.263923], [-76.543753, 2.264838], [-76.543569, 2.266184], [-76.544032, 2.267237], [-76.543811, 2.268876], [-76.544548, 2.269911], [-76.544156, 2.27097], [-76.543531, 2.271083], [-76.54346, 2.273422], [-76.542846, 2.274917], [-76.541314, 2.274273], [-76.54062, 2.27355], [-76.539148, 2.273243], [-76.538121, 2.272009], [-76.537484, 2.271744], [-76.534656, 2.271008], [-76.53362, 2.271278], [-76.530402, 2.271156], [-76.529141, 2.27039], [-76.528358, 2.268578], [-76.527807, 2.268148]]]}, "properties": {"NOMB_MPIO": "PURACÉ", "NOMBRE_VER": "EL TREBOL", "AREA_HA": 525.863437387}},{"type": "Feature", "geometry": {"type": "Polygon", "coordinates": [[[-76.203315, 2.262664], [-76.202572, 2.260531], [-76.20173, 2.254824], [-76.200757, 2.253262], [-76.199008, 2.252132], [-76.197242, 2.24972], [-76.196342, 2.246899], [-76.194027, 2.245171], [-76.190749, 2.244837], [-76.190051, 2.244499], [-76.189409, 2.244003], [-76.189214, 2.243336], [-76.191003, 2.241092], [-76.196349, 2.236591], [-76.202713, 2.228243], [-76.203639, 2.227524], [-76.206931, 2.226827], [-76.215117, 2.226761], [-76.21598, 2.231962], [-76.218298, 2.23307], [-76.221109, 2.23376], [-76.222115, 2.234865], [-76.221548, 2.245537], [-76.226633, 2.250504], [-76.23081, 2.252496], [-76.232663, 2.254425], [-76.233771, 2.256786], [-76.23459, 2.261565], [-76.235846, 2.264625], [-76.237109, 2.266317], [-76.236975, 2.267183], [-76.236154, 2.268569], [-76.23638, 2.269498], [-76.237545, 2.270439], [-76.238809, 2.270174], [-76.241253, 2.271041], [-76.242575, 2.272371], [-76.243625, 2.274957], [-76.243286, 2.275142], [-76.232617, 2.271846], [-76.224981, 2.267407], [-76.218224, 2.262949], [-76.215845, 2.261816], [-76.214262, 2.261548], [-76.207239, 2.261665], [-76.203315, 2.262664]]]}, "properties": {"NOMB_MPIO": "PURACÉ", "NOMBRE_VER": "YARUMAL", "AREA_HA": 1320.8787368}},{"type": "Feature", "geometry": {"type": "Polygon", "coordinates": [[[-76.530695, 2.291329], [-76.530275, 2.289603], [-76.529354, 2.288927], [-76.527796, 2.2885], [-76.527039, 2.287771], [-76.526577, 2.286327], [-76.525585, 2.27948], [-76.524617, 2.27814], [-76.523169, 2.277462], [-76.52099, 2.277461], [-76.520161, 2.277752], [-76.519454, 2.278642], [-76.517374, 2.278834], [-76.517959, 2.278197], [-76.518202, 2.277193], [-76.517822, 2.271744], [-76.518849, 2.270415], [-76.5188, 2.26886], [-76.52225, 2.268917], [-76.527807, 2.268148], [-76.528358, 2.268578], [-76.529141, 2.27039], [-76.530402, 2.271156], [-76.53362, 2.271278], [-76.534656, 2.271008], [-76.537484, 2.271744], [-76.538121, 2.272009], [-76.539148, 2.273243], [-76.54062, 2.27355], [-76.541314, 2.274273], [-76.542846, 2.274917], [-76.542566, 2.276149], [-76.541424, 2.277686], [-76.542178, 2.279331], [-76.54081, 2.279953], [-76.540548, 2.280593], [-76.539621, 2.280999], [-76.539995, 2.281896], [-76.540691, 2.282417], [-76.539804, 2.283177], [-76.53975, 2.284337], [-76.538805, 2.284283], [-76.538286, 2.284655], [-76.536859, 2.286237], [-76.536505, 2.28808], [-76.535968, 2.288956], [-76.535703, 2.289147], [-76.535101, 2.288908], [-76.534521, 2.289479], [-76.534482, 2.290097], [-76.535049, 2.290743], [-76.535127, 2.291319], [-76.534217, 2.291964], [-76.532998, 2.291527], [-76.532225, 2.292077], [-76.530695, 2.291329]]]}, "properties": {"NOMB_MPIO": "PURACÉ", "NOMBRE_VER": "EL LAGO", "AREA_HA": 408.639228322}},{"type": "Feature", "geometry": {"type": "Polygon", "coordinates": [[[-76.476038, 2.288613], [-76.475937, 2.287005], [-76.475359, 2.28518], [-76.475882, 2.284132], [-76.475477, 2.283805], [-76.475696, 2.283458], [-76.476026, 2.283391], [-76.476086, 2.285022], [-76.476376, 2.285339], [-76.476754, 2.284596], [-76.477497, 2.284655], [-76.477661, 2.284104], [-76.48207, 2.284439], [-76.482193, 2.284226], [-76.481726, 2.283859], [-76.479251, 2.283059], [-76.477555, 2.28162], [-76.479742, 2.281771], [-76.480427, 2.281327], [-76.483892, 2.280993], [-76.484277, 2.28029], [-76.485105, 2.27993], [-76.485051, 2.279668], [-76.484525, 2.279611], [-76.485371, 2.278856], [-76.485086, 2.278436], [-76.485739, 2.278182], [-76.483591, 2.27574], [-76.482399, 2.275778], [-76.482468, 2.275365], [-76.482022, 2.275284], [-76.481949, 2.274901], [-76.480981, 2.275074], [-76.479386, 2.276221], [-76.479175, 2.275273], [-76.478664, 2.275045], [-76.477413, 2.275369], [-76.477141, 2.275962], [-76.476328, 2.275777], [-76.476877, 2.274958], [-76.476085, 2.274572], [-76.478561, 2.274112], [-76.476653, 2.273094], [-76.476541, 2.272751], [-76.479474, 2.273202], [-76.479512, 2.272658], [-76.480469, 2.272102], [-76.480414, 2.271336], [-76.48152, 2.271259], [-76.480977, 2.270756], [-76.481999, 2.270366], [-76.481312, 2.270191], [-76.48123, 2.269579], [-76.480458, 2.269423], [-76.480579, 2.269061], [-76.481357, 2.268788], [-76.480431, 2.268662], [-76.479374, 2.268972], [-76.47742, 2.268286], [-76.477144, 2.267247], [-76.476443, 2.266838], [-76.476844, 2.266134], [-76.476589, 2.265794], [-76.474995, 2.265201], [-76.474023, 2.265427], [-76.47502, 2.264479], [-76.476601, 2.264505], [-76.477645, 2.264052], [-76.477232, 2.263438], [-76.477811, 2.263202], [-76.478107, 2.262655], [-76.478566, 2.262907], [-76.478623, 2.26199], [-76.480205, 2.261203], [-76.479882, 2.26095], [-76.478612, 2.26112], [-76.478221, 2.260525], [-76.480358, 2.259369], [-76.481773, 2.25803], [-76.482831, 2.25776], [-76.48318, 2.256096], [-76.482299, 2.255895], [-76.48058, 2.254411], [-76.477938, 2.254375], [-76.476091, 2.25224], [-76.474887, 2.252226], [-76.473757, 2.251742], [-76.471464, 2.25351], [-76.469763, 2.253462], [-76.466964, 2.255408], [-76.46341, 2.256779], [-76.461834, 2.257989], [-76.458363, 2.258192], [-76.455271, 2.260473], [-76.451339, 2.261683], [-76.450354, 2.261369], [-76.449892, 2.260454], [-76.448933, 2.259847], [-76.445583, 2.25856], [-76.445958, 2.257525], [-76.44655, 2.257032], [-76.448909, 2.255915], [-76.45148, 2.255707], [-76.452861, 2.256199], [-76.453537, 2.25559], [-76.45645, 2.255348], [-76.461407, 2.250909], [-76.463448, 2.24812], [-76.464234, 2.247578], [-76.465835, 2.245585], [-76.467099, 2.241502], [-76.467074, 2.239693], [-76.468795, 2.236235], [-76.468907, 2.234854], [-76.469679, 2.233716], [-76.470214, 2.233217], [-76.471707, 2.2327], [-76.472567, 2.231721], [-76.472762, 2.230585], [-76.473872, 2.229603], [-76.477166, 2.228479], [-76.478329, 2.227141], [-76.478934, 2.225112], [-76.480031, 2.223099], [-76.483241, 2.220429], [-76.48468, 2.21883], [-76.487883, 2.218073], [-76.492329, 2.21553], [-76.494933, 2.212707], [-76.495087, 2.210614], [-76.495516, 2.210253], [-76.495433, 2.209607], [-76.495944, 2.20897], [-76.495781, 2.20833], [-76.497104, 2.20565], [-76.500693, 2.208582], [-76.501609, 2.211346], [-76.505878, 2.211292], [-76.507927, 2.21027], [-76.507918, 2.210968], [-76.506753, 2.211687], [-76.50666, 2.212788], [-76.507006, 2.213593], [-76.507968, 2.214163], [-76.51011, 2.212982], [-76.510382, 2.211653], [-76.510789, 2.211733], [-76.511059, 2.213577], [-76.511396, 2.213884], [-76.514078, 2.212587], [-76.514664, 2.213669], [-76.514441, 2.215401], [-76.517094, 2.214773], [-76.517379, 2.215904], [-76.518793, 2.215879], [-76.519134, 2.216137], [-76.519128, 2.217815], [-76.519953, 2.217894], [-76.521164, 2.217108], [-76.522551, 2.219685], [-76.523222, 2.219929], [-76.52465, 2.219791], [-76.525063, 2.221321], [-76.525942, 2.221638], [-76.526733, 2.221437], [-76.527996, 2.223053], [-76.530229, 2.223969], [-76.527629, 2.224787], [-76.522319, 2.225546], [-76.520734, 2.22617], [-76.519562, 2.226789], [-76.519286, 2.228592], [-76.518802, 2.229145], [-76.516319, 2.230116], [-76.512734, 2.230598], [-76.510872, 2.231983], [-76.509699, 2.232397], [-76.508459, 2.232605], [-76.507216, 2.232332], [-76.506184, 2.231426], [-76.504942, 2.231289], [-76.501911, 2.231871], [-76.499732, 2.230827], [-76.497228, 2.231064], [-76.498257, 2.231861], [-76.498479, 2.233536], [-76.499449, 2.235273], [-76.49963, 2.236948], [-76.501381, 2.238546], [-76.504458, 2.244463], [-76.504871, 2.24964], [-76.504316, 2.251713], [-76.50362, 2.252228], [-76.503924, 2.254036], [-76.504933, 2.25478], [-76.506036, 2.254953], [-76.507721, 2.257301], [-76.509705, 2.257118], [-76.51123, 2.25807], [-76.511809, 2.259315], [-76.513322, 2.260201], [-76.513419, 2.260658], [-76.512813, 2.260838], [-76.512738, 2.26124], [-76.514016, 2.261663], [-76.513814, 2.262827], [-76.514013, 2.263285], [-76.514732, 2.26333], [-76.515814, 2.264703], [-76.513511, 2.265837], [-76.51185, 2.267329], [-76.510832, 2.268761], [-76.510103, 2.270937], [-76.510222, 2.272131], [-76.508648, 2.273084], [-76.507688, 2.27471], [-76.505425, 2.276926], [-76.503758, 2.277973], [-76.50076, 2.281086], [-76.501437, 2.283515], [-76.503402, 2.285419], [-76.50539, 2.288679], [-76.505614, 2.290078], [-76.501164, 2.289114], [-76.497106, 2.287396], [-76.495246, 2.287037], [-76.493781, 2.287195], [-76.492593, 2.287951], [-76.491206, 2.289939], [-76.49074, 2.291583], [-76.489755, 2.29343], [-76.488196, 2.29377], [-76.485433, 2.293191], [-76.484641, 2.291564], [-76.483016, 2.29037], [-76.482281, 2.289097], [-76.481287, 2.289029], [-76.480553, 2.289668], [-76.479837, 2.28943], [-76.479002, 2.289698], [-76.476038, 2.288613]]]}, "properties": {"NOMB_MPIO": "PURACÉ", "NOMBRE_VER": "EL JIGUAL", "AREA_HA": 3271.51716865}},{"type": "Feature", "geometry": {"type": "Polygon", "coordinates": [[[-76.408087, 2.295592], [-76.411896, 2.287661], [-76.419705, 2.273048], [-76.423345, 2.269677], [-76.425051, 2.268797], [-76.426877, 2.266137], [-76.430443, 2.263032], [-76.436753, 2.26086], [-76.437984, 2.259878], [-76.439645, 2.259955], [-76.440306, 2.259454], [-76.442288, 2.25915], [-76.443539, 2.258402], [-76.444141, 2.258692], [-76.444732, 2.258496], [-76.446617, 2.258749], [-76.448933, 2.259847], [-76.449892, 2.260454], [-76.450354, 2.261369], [-76.451339, 2.261683], [-76.455271, 2.260473], [-76.458363, 2.258192], [-76.461834, 2.257989], [-76.46341, 2.256779], [-76.466964, 2.255408], [-76.469763, 2.253462], [-76.471464, 2.25351], [-76.473757, 2.251742], [-76.474887, 2.252226], [-76.476091, 2.25224], [-76.477938, 2.254375], [-76.48058, 2.254411], [-76.482299, 2.255895], [-76.48318, 2.256096], [-76.482831, 2.25776], [-76.481773, 2.25803], [-76.480358, 2.259369], [-76.478221, 2.260525], [-76.478612, 2.26112], [-76.479882, 2.26095], [-76.480205, 2.261203], [-76.478623, 2.26199], [-76.478566, 2.262907], [-76.478107, 2.262655], [-76.477811, 2.263202], [-76.477232, 2.263438], [-76.477645, 2.264052], [-76.476601, 2.264505], [-76.47502, 2.264479], [-76.474023, 2.265427], [-76.474995, 2.265201], [-76.476589, 2.265794], [-76.476844, 2.266134], [-76.476443, 2.266838], [-76.477144, 2.267247], [-76.47742, 2.268286], [-76.479374, 2.268972], [-76.480431, 2.268662], [-76.481357, 2.268788], [-76.480579, 2.269061], [-76.480458, 2.269423], [-76.48123, 2.269579], [-76.481312, 2.270191], [-76.481999, 2.270366], [-76.480977, 2.270756], [-76.48152, 2.271259], [-76.480414, 2.271336], [-76.480469, 2.272102], [-76.479512, 2.272658], [-76.479474, 2.273202], [-76.476541, 2.272751], [-76.476653, 2.273094], [-76.478561, 2.274112], [-76.476085, 2.274572], [-76.476877, 2.274958], [-76.476328, 2.275777], [-76.477141, 2.275962], [-76.477413, 2.275369], [-76.478664, 2.275045], [-76.479175, 2.275273], [-76.479386, 2.276221], [-76.480981, 2.275074], [-76.481949, 2.274901], [-76.482022, 2.275284], [-76.482468, 2.275365], [-76.482399, 2.275778], [-76.483591, 2.27574], [-76.485739, 2.278182], [-76.485086, 2.278436], [-76.485371, 2.278856], [-76.484525, 2.279611], [-76.485051, 2.279668], [-76.485105, 2.27993], [-76.484277, 2.28029], [-76.483892, 2.280993], [-76.480427, 2.281327], [-76.479742, 2.281771], [-76.477555, 2.28162], [-76.479251, 2.283059], [-76.481726, 2.283859], [-76.482193, 2.284226], [-76.48207, 2.284439], [-76.477661, 2.284104], [-76.477497, 2.284655], [-76.476754, 2.284596], [-76.476376, 2.285339], [-76.476086, 2.285022], [-76.476026, 2.283391], [-76.475696, 2.283458], [-76.475477, 2.283805], [-76.475882, 2.284132], [-76.475359, 2.28518], [-76.475937, 2.287005], [-76.476038, 2.288613], [-76.475458, 2.288339], [-76.474469, 2.288678], [-76.473081, 2.288077], [-76.471501, 2.28682], [-76.471378, 2.286186], [-76.470195, 2.285565], [-76.467828, 2.285691], [-76.467031, 2.286222], [-76.465242, 2.28649], [-76.463634, 2.286115], [-76.46223, 2.286533], [-76.46021, 2.285648], [-76.459289, 2.284594], [-76.458562, 2.284369], [-76.456425, 2.285454], [-76.455133, 2.28488], [-76.454754, 2.285143], [-76.453221, 2.287045], [-76.453118, 2.287836], [-76.451698, 2.287963], [-76.450931, 2.288653], [-76.450067, 2.288881], [-76.448777, 2.290609], [-76.447922, 2.291078], [-76.446962, 2.292744], [-76.444618, 2.294118], [-76.44083, 2.294648], [-76.437215, 2.294471], [-76.422411, 2.29798], [-76.410623, 2.296267], [-76.408087, 2.295592]]]}, "properties": {"NOMB_MPIO": "PURACÉ", "NOMBRE_VER": "PATUGO", "AREA_HA": 2490.7410801}},{"type": "Feature", "geometry": {"type": "Polygon", "coordinates": [[[-76.501912, 2.299286], [-76.502956, 2.297499], [-76.504639, 2.296202], [-76.505637, 2.294873], [-76.506348, 2.293353], [-76.506338, 2.292615], [-76.50539, 2.288679], [-76.50314, 2.285056], [-76.501437, 2.283515], [-76.50076, 2.281086], [-76.503758, 2.277973], [-76.505425, 2.276926], [-76.507688, 2.27471], [-76.508648, 2.273084], [-76.510222, 2.272131], [-76.510103, 2.270937], [-76.510832, 2.268761], [-76.51185, 2.267329], [-76.513511, 2.265837], [-76.515814, 2.264703], [-76.51622, 2.265694], [-76.517017, 2.265236], [-76.518712, 2.266537], [-76.518415, 2.267904], [-76.518918, 2.269138], [-76.518936, 2.270087], [-76.517822, 2.271744], [-76.518228, 2.276116], [-76.517959, 2.278197], [-76.517374, 2.278834], [-76.515753, 2.278362], [-76.51515, 2.278496], [-76.513212, 2.279533], [-76.511428, 2.279235], [-76.510184, 2.27964], [-76.508747, 2.280625], [-76.509037, 2.281846], [-76.510341, 2.28338], [-76.50968, 2.286868], [-76.510648, 2.28891], [-76.509221, 2.289928], [-76.508105, 2.296641], [-76.506876, 2.299758], [-76.505525, 2.300927], [-76.501912, 2.299286]]]}, "properties": {"NOMB_MPIO": "PURACÉ", "NOMBRE_VER": "PENISIGO", "AREA_HA": 296.982917707}},{"type": "Feature", "geometry": {"type": "Polygon", "coordinates": [[[-76.378389, 2.274147], [-76.380524, 2.271233], [-76.384065, 2.269596], [-76.385093, 2.268511], [-76.386064, 2.264018], [-76.386007, 2.262514], [-76.38732, 2.26181], [-76.388215, 2.260421], [-76.389376, 2.251283], [-76.39048, 2.249703], [-76.391318, 2.246734], [-76.390994, 2.245801], [-76.389205, 2.244714], [-76.3892, 2.242123], [-76.394268, 2.23577], [-76.395267, 2.234913], [-76.397445, 2.231059], [-76.397445, 2.228346], [-76.398051, 2.224884], [-76.399051, 2.2216], [-76.400407, 2.219209], [-76.4003, 2.216996], [-76.400978, 2.213891], [-76.40243, 2.209945], [-76.40249, 2.207184], [-76.403179, 2.203564], [-76.404732, 2.200541], [-76.406391, 2.198627], [-76.40886, 2.196877], [-76.414404, 2.194331], [-76.417235, 2.192309], [-76.424859, 2.191019], [-76.430303, 2.189668], [-76.433673, 2.188107], [-76.434263, 2.187288], [-76.434701, 2.183862], [-76.435957, 2.181596], [-76.435919, 2.180835], [-76.435272, 2.179655], [-76.436745, 2.177923], [-76.435817, 2.176495], [-76.432283, 2.173461], [-76.431783, 2.172355], [-76.431819, 2.171569], [-76.433497, 2.169035], [-76.436887, 2.166216], [-76.437387, 2.165181], [-76.437458, 2.161112], [-76.435479, 2.152782], [-76.432802, 2.149213], [-76.431496, 2.143643], [-76.432797, 2.143389], [-76.435379, 2.141536], [-76.436476, 2.141927], [-76.439946, 2.1444], [-76.442647, 2.144029], [-76.444362, 2.144484], [-76.44528, 2.143973], [-76.445556, 2.144271], [-76.446654, 2.144332], [-76.447723, 2.144027], [-76.448422, 2.145327], [-76.449742, 2.145537], [-76.450307, 2.14601], [-76.450313, 2.147605], [-76.451002, 2.147878], [-76.451118, 2.148362], [-76.450648, 2.149583], [-76.45111, 2.150706], [-76.451872, 2.151345], [-76.452017, 2.15245], [-76.453301, 2.153349], [-76.453972, 2.153296], [-76.454858, 2.154507], [-76.456175, 2.15459], [-76.456408, 2.15492], [-76.456227, 2.155662], [-76.456629, 2.156224], [-76.457403, 2.156419], [-76.457805, 2.15621], [-76.45868, 2.15735], [-76.459362, 2.157006], [-76.459178, 2.15745], [-76.459595, 2.157493], [-76.45982, 2.158015], [-76.458727, 2.15895], [-76.459452, 2.159258], [-76.459386, 2.159898], [-76.460927, 2.15982], [-76.461753, 2.160547], [-76.464207, 2.161624], [-76.464228, 2.162751], [-76.465164, 2.163648], [-76.466869, 2.163625], [-76.46643, 2.164936], [-76.467424, 2.165043], [-76.46719, 2.166351], [-76.467786, 2.166549], [-76.467899, 2.170325], [-76.468389, 2.171572], [-76.467918, 2.17298], [-76.468236, 2.173732], [-76.469161, 2.174246], [-76.469504, 2.175592], [-76.471061, 2.176046], [-76.472281, 2.175967], [-76.473292, 2.176961], [-76.473389, 2.178236], [-76.474783, 2.179683], [-76.475738, 2.179876], [-76.476522, 2.180873], [-76.477661, 2.181178], [-76.478606, 2.180158], [-76.47884, 2.180224], [-76.478757, 2.180832], [-76.479119, 2.180976], [-76.48007, 2.179595], [-76.480832, 2.179453], [-76.482666, 2.181341], [-76.483759, 2.181578], [-76.483858, 2.182132], [-76.483555, 2.182519], [-76.481694, 2.18247], [-76.482527, 2.183718], [-76.483404, 2.184004], [-76.483403, 2.184376], [-76.482905, 2.184698], [-76.483182, 2.185793], [-76.482827, 2.185684], [-76.482403, 2.184699], [-76.481361, 2.184856], [-76.481205, 2.186404], [-76.480428, 2.186723], [-76.480214, 2.187344], [-76.480878, 2.188371], [-76.481484, 2.188054], [-76.482043, 2.190188], [-76.482716, 2.190122], [-76.482328, 2.189268], [-76.483187, 2.18873], [-76.483318, 2.18783], [-76.483637, 2.187791], [-76.483945, 2.188216], [-76.483723, 2.190395], [-76.484784, 2.189906], [-76.484373, 2.189069], [-76.484897, 2.188559], [-76.485722, 2.189687], [-76.486484, 2.189895], [-76.487653, 2.191545], [-76.487513, 2.192623], [-76.486354, 2.192559], [-76.486804, 2.193755], [-76.48762, 2.193332], [-76.487546, 2.195073], [-76.484941, 2.196741], [-76.484648, 2.200285], [-76.484895, 2.20216], [-76.486034, 2.205797], [-76.487399, 2.20877], [-76.490037, 2.212367], [-76.491762, 2.214156], [-76.492831, 2.214699], [-76.492081, 2.215751], [-76.487883, 2.218073], [-76.48468, 2.21883], [-76.483241, 2.220429], [-76.480031, 2.223099], [-76.478934, 2.225112], [-76.478329, 2.227141], [-76.477166, 2.228479], [-76.473872, 2.229603], [-76.472762, 2.230585], [-76.472567, 2.231721], [-76.471707, 2.2327], [-76.470214, 2.233217], [-76.469679, 2.233716], [-76.468907, 2.234854], [-76.468795, 2.236235], [-76.467074, 2.239693], [-76.467099, 2.241502], [-76.465684, 2.245861], [-76.463448, 2.24812], [-76.461503, 2.250811], [-76.457502, 2.254666], [-76.45645, 2.255348], [-76.453537, 2.25559], [-76.452861, 2.256199], [-76.452079, 2.255774], [-76.450589, 2.255643], [-76.448148, 2.256142], [-76.445958, 2.257525], [-76.445493, 2.258636], [-76.444141, 2.258692], [-76.443539, 2.258402], [-76.442288, 2.25915], [-76.440306, 2.259454], [-76.439645, 2.259955], [-76.437984, 2.259878], [-76.436753, 2.26086], [-76.430443, 2.263032], [-76.426877, 2.266137], [-76.425051, 2.268797], [-76.423345, 2.269677], [-76.419705, 2.273048], [-76.411896, 2.287661], [-76.409111, 2.29382], [-76.40617, 2.298923], [-76.403758, 2.301949], [-76.4013, 2.303997], [-76.398417, 2.307283], [-76.398504, 2.304944], [-76.397896, 2.302661], [-76.398457, 2.300376], [-76.398463, 2.298732], [-76.398631, 2.29805], [-76.400367, 2.295656], [-76.401214, 2.293288], [-76.401136, 2.291871], [-76.40008, 2.290428], [-76.400165, 2.288749], [-76.402192, 2.283183], [-76.399922, 2.283755], [-76.397404, 2.282585], [-76.392658, 2.285035], [-76.39132, 2.284837], [-76.378389, 2.274147]]]}, "properties": {"NOMB_MPIO": "PURACÉ", "NOMBRE_VER": "RIO NEGRO", "AREA_HA": 9773.68773456}},{"type": "Feature", "geometry": {"type": "Polygon", "coordinates": [[[-76.190668, 2.267431], [-76.20505, 2.262028], [-76.207239, 2.261665], [-76.214262, 2.261548], [-76.215845, 2.261816], [-76.218224, 2.262949], [-76.224981, 2.267407], [-76.232617, 2.271846], [-76.243286, 2.275142], [-76.2398, 2.276845], [-76.236758, 2.279403], [-76.233419, 2.283084], [-76.227318, 2.292422], [-76.219299, 2.30905], [-76.215537, 2.314462], [-76.215484, 2.313074], [-76.214718, 2.311265], [-76.20788, 2.304606], [-76.205459, 2.3015], [-76.201955, 2.296027], [-76.197264, 2.286553], [-76.196856, 2.284233], [-76.196866, 2.282487], [-76.197321, 2.280576], [-76.197075, 2.279452], [-76.196123, 2.278418], [-76.193281, 2.277261], [-76.192358, 2.276485], [-76.191469, 2.274621], [-76.190767, 2.271785], [-76.190668, 2.267431]]]}, "properties": {"NOMB_MPIO": "PURACÉ", "NOMBRE_VER": "TIJERAS", "AREA_HA": 1724.40069327}},{"type": "Feature", "geometry": {"type": "Polygon", "coordinates": [[[-76.434985, 2.305841], [-76.431525, 2.305689], [-76.430928, 2.305393], [-76.428568, 2.303378], [-76.423382, 2.29784], [-76.437215, 2.294471], [-76.44083, 2.294648], [-76.444618, 2.294118], [-76.446962, 2.292744], [-76.447922, 2.291078], [-76.448777, 2.290609], [-76.450067, 2.288881], [-76.450931, 2.288653], [-76.451698, 2.287963], [-76.453118, 2.287836], [-76.453473, 2.286647], [-76.455133, 2.28488], [-76.456425, 2.285454], [-76.458004, 2.284507], [-76.459053, 2.28442], [-76.46021, 2.285648], [-76.46223, 2.286533], [-76.463634, 2.286115], [-76.465242, 2.28649], [-76.467031, 2.286222], [-76.467828, 2.285691], [-76.470195, 2.285565], [-76.471378, 2.286186], [-76.471501, 2.28682], [-76.472776, 2.287897], [-76.474469, 2.288678], [-76.475458, 2.288339], [-76.479002, 2.289698], [-76.479837, 2.28943], [-76.480553, 2.289668], [-76.481287, 2.289029], [-76.482281, 2.289097], [-76.483016, 2.29037], [-76.484641, 2.291564], [-76.485433, 2.293191], [-76.488196, 2.29377], [-76.489755, 2.29343], [-76.49074, 2.291583], [-76.491206, 2.289939], [-76.492593, 2.287951], [-76.493781, 2.287195], [-76.495246, 2.287037], [-76.497106, 2.287396], [-76.501164, 2.289114], [-76.505614, 2.290078], [-76.506227, 2.291981], [-76.506216, 2.293733], [-76.50483, 2.295993], [-76.503209, 2.297204], [-76.501912, 2.299286], [-76.500501, 2.299584], [-76.500084, 2.299967], [-76.500026, 2.302056], [-76.495779, 2.303231], [-76.493976, 2.304908], [-76.493235, 2.306285], [-76.492903, 2.307514], [-76.493104, 2.308015], [-76.494851, 2.309858], [-76.494988, 2.311161], [-76.494501, 2.31186], [-76.494314, 2.314998], [-76.494597, 2.31611], [-76.495255, 2.316714], [-76.495046, 2.317335], [-76.492617, 2.316988], [-76.491589, 2.315616], [-76.487307, 2.313278], [-76.484753, 2.312995], [-76.481853, 2.31025], [-76.481283, 2.309405], [-76.481125, 2.308251], [-76.479844, 2.307592], [-76.478215, 2.30783], [-76.476637, 2.307598], [-76.475683, 2.305784], [-76.473361, 2.305767], [-76.469812, 2.311298], [-76.466439, 2.311637], [-76.465588, 2.311138], [-76.464424, 2.311152], [-76.464292, 2.311583], [-76.463831, 2.311675], [-76.462927, 2.311463], [-76.46185, 2.31072], [-76.459772, 2.308439], [-76.457527, 2.307808], [-76.455864, 2.306724], [-76.453555, 2.306059], [-76.449842, 2.304388], [-76.447554, 2.303998], [-76.445419, 2.304339], [-76.443325, 2.304823], [-76.440644, 2.30619], [-76.438395, 2.306549], [-76.436632, 2.306577], [-76.434985, 2.305841]]]}, "properties": {"NOMB_MPIO": "PURACÉ", "NOMBRE_VER": "CHILIGLO", "AREA_HA": 1669.34969991}},{"type": "Feature", "geometry": {"type": "Polygon", "coordinates": [[[-76.430543, 2.311517], [-76.430535, 2.309812], [-76.430987, 2.309497], [-76.431362, 2.308514], [-76.432498, 2.307687], [-76.433672, 2.305817], [-76.434985, 2.305841], [-76.436632, 2.306577], [-76.43905, 2.306467], [-76.440769, 2.306148], [-76.443661, 2.30471], [-76.447554, 2.303998], [-76.450546, 2.304573], [-76.453555, 2.306059], [-76.455864, 2.306724], [-76.457326, 2.307725], [-76.459577, 2.308338], [-76.46185, 2.31072], [-76.462927, 2.311463], [-76.463831, 2.311675], [-76.464292, 2.311583], [-76.464424, 2.311152], [-76.465588, 2.311138], [-76.466439, 2.311637], [-76.469812, 2.311298], [-76.473361, 2.305767], [-76.475683, 2.305784], [-76.476637, 2.307598], [-76.478215, 2.30783], [-76.479844, 2.307592], [-76.481125, 2.308251], [-76.481283, 2.309405], [-76.481853, 2.31025], [-76.484753, 2.312995], [-76.487307, 2.313278], [-76.491589, 2.315616], [-76.492617, 2.316988], [-76.495046, 2.317335], [-76.495277, 2.317939], [-76.496664, 2.318837], [-76.496957, 2.320727], [-76.497835, 2.321117], [-76.498771, 2.322277], [-76.500251, 2.32442], [-76.500485, 2.325762], [-76.500018, 2.32665], [-76.498688, 2.327804], [-76.498133, 2.325312], [-76.495301, 2.324362], [-76.493, 2.324689], [-76.491697, 2.323611], [-76.49113, 2.322622], [-76.490088, 2.322314], [-76.4884, 2.322879], [-76.486375, 2.322904], [-76.482345, 2.323698], [-76.481696, 2.322887], [-76.479682, 2.321664], [-76.478869, 2.320111], [-76.478143, 2.319616], [-76.476561, 2.319498], [-76.475899, 2.320354], [-76.474908, 2.320051], [-76.473956, 2.319267], [-76.472857, 2.317695], [-76.471336, 2.318281], [-76.470704, 2.318013], [-76.469066, 2.318423], [-76.467618, 2.317657], [-76.4658, 2.317341], [-76.464612, 2.316423], [-76.463554, 2.316212], [-76.462402, 2.316679], [-76.461758, 2.315897], [-76.458421, 2.315073], [-76.454666, 2.312864], [-76.452854, 2.312182], [-76.450733, 2.312374], [-76.446083, 2.311527], [-76.443068, 2.312177], [-76.430543, 2.311517]]]}, "properties": {"NOMB_MPIO": "PURACÉ", "NOMBRE_VER": "SAN JOSÉ PISANRABO", "AREA_HA": 659.106498192}},{"type": "Feature", "geometry": {"type": "Polygon", "coordinates": [[[-76.498688, 2.327804], [-76.500018, 2.32665], [-76.500485, 2.325762], [-76.500476, 2.325059], [-76.497887, 2.321168], [-76.497032, 2.320852], [-76.496576, 2.318706], [-76.495073, 2.317649], [-76.495255, 2.316714], [-76.494597, 2.31611], [-76.494314, 2.314998], [-76.494501, 2.31186], [-76.494988, 2.311161], [-76.494851, 2.309858], [-76.493156, 2.308111], [-76.492998, 2.306934], [-76.493976, 2.304908], [-76.495553, 2.303383], [-76.496721, 2.302779], [-76.500026, 2.302056], [-76.499912, 2.300324], [-76.500501, 2.299584], [-76.501912, 2.299286], [-76.504807, 2.300717], [-76.505525, 2.300927], [-76.506127, 2.30064], [-76.506876, 2.299758], [-76.508105, 2.296641], [-76.509221, 2.289928], [-76.510648, 2.28891], [-76.511558, 2.28915], [-76.512714, 2.290698], [-76.51244, 2.292813], [-76.51135, 2.294538], [-76.511457, 2.297014], [-76.510793, 2.301217], [-76.512324, 2.304422], [-76.513034, 2.306684], [-76.51164, 2.308936], [-76.508989, 2.310304], [-76.507591, 2.31276], [-76.504307, 2.316689], [-76.504325, 2.323026], [-76.505464, 2.326063], [-76.50547, 2.326916], [-76.504092, 2.328213], [-76.503524, 2.329381], [-76.498687, 2.329528], [-76.498688, 2.327804]]]}, "properties": {"NOMB_MPIO": "PURACÉ", "NOMBRE_VER": "SAN BARTOLO", "AREA_HA": 445.107812827}},{"type": "Feature", "geometry": {"type": "Polygon", "coordinates": [[[-76.23831, 2.33105], [-76.23461, 2.327917], [-76.232136, 2.326341], [-76.229612, 2.324002], [-76.225977, 2.322679], [-76.222442, 2.322067], [-76.220625, 2.319628], [-76.219918, 2.319119], [-76.217191, 2.319119], [-76.213542, 2.320035], [-76.215537, 2.314462], [-76.219299, 2.30905], [-76.223594, 2.300581], [-76.226525, 2.293847], [-76.232364, 2.284662], [-76.233419, 2.283084], [-76.236758, 2.279403], [-76.2398, 2.276845], [-76.243625, 2.274957], [-76.244633, 2.278148], [-76.240317, 2.280796], [-76.243901, 2.285931], [-76.23922, 2.291637], [-76.241661, 2.292204], [-76.241662, 2.293525], [-76.244415, 2.293428], [-76.243407, 2.294616], [-76.242421, 2.296998], [-76.24775, 2.294747], [-76.249073, 2.293417], [-76.253858, 2.293788], [-76.254244, 2.294208], [-76.25414, 2.295515], [-76.252457, 2.301284], [-76.256307, 2.300543], [-76.260096, 2.29853], [-76.261349, 2.298854], [-76.262716, 2.298757], [-76.265168, 2.297585], [-76.265075, 2.298257], [-76.264295, 2.299389], [-76.265007, 2.30143], [-76.265935, 2.301068], [-76.268591, 2.298646], [-76.272251, 2.297837], [-76.273518, 2.29113], [-76.274643, 2.291031], [-76.277832, 2.29377], [-76.278691, 2.295495], [-76.278924, 2.297348], [-76.278468, 2.298569], [-76.276793, 2.300353], [-76.27576, 2.302026], [-76.275244, 2.302337], [-76.273905, 2.302298], [-76.273337, 2.302682], [-76.272807, 2.303456], [-76.272637, 2.304834], [-76.271698, 2.305427], [-76.270155, 2.307446], [-76.268423, 2.307953], [-76.267387, 2.30869], [-76.266318, 2.308683], [-76.263501, 2.307902], [-76.262649, 2.308438], [-76.260951, 2.307942], [-76.257762, 2.308036], [-76.255942, 2.308878], [-76.254764, 2.3106], [-76.25341, 2.311546], [-76.251193, 2.311489], [-76.250272, 2.313215], [-76.248612, 2.313985], [-76.24869, 2.314936], [-76.248015, 2.316225], [-76.245784, 2.317095], [-76.244644, 2.31702], [-76.244039, 2.318229], [-76.244041, 2.319231], [-76.24522, 2.320102], [-76.24569, 2.321157], [-76.24499, 2.323791], [-76.245139, 2.331992], [-76.241964, 2.33187], [-76.23831, 2.33105]]]}, "properties": {"NOMB_MPIO": "PURACÉ", "NOMBRE_VER": "SAN ANTONIO", "AREA_HA": 1689.83797397}},{"type": "Feature", "geometry": {"type": "Polygon", "coordinates": [[[-76.494452, 2.356194], [-76.492957, 2.35589], [-76.492561, 2.355043], [-76.491603, 2.354537], [-76.490785, 2.351436], [-76.489146, 2.3495], [-76.487215, 2.34828], [-76.48427, 2.348197], [-76.482871, 2.347239], [-76.481612, 2.345344], [-76.480215, 2.344133], [-76.479122, 2.343987], [-76.477508, 2.34473], [-76.475907, 2.34461], [-76.47484, 2.345477], [-76.473264, 2.345765], [-76.472592, 2.345025], [-76.470935, 2.34433], [-76.470596, 2.342359], [-76.470043, 2.341671], [-76.466663, 2.340796], [-76.464939, 2.339564], [-76.463634, 2.339475], [-76.461124, 2.338018], [-76.458085, 2.337082], [-76.457349, 2.336265], [-76.457658, 2.335227], [-76.457438, 2.334613], [-76.455888, 2.332612], [-76.452854, 2.329678], [-76.45052, 2.327937], [-76.446421, 2.325996], [-76.443578, 2.324159], [-76.440018, 2.324643], [-76.438204, 2.324236], [-76.436871, 2.323142], [-76.435264, 2.32066], [-76.430649, 2.315406], [-76.430195, 2.314542], [-76.430145, 2.312967], [-76.430543, 2.311517], [-76.443068, 2.312177], [-76.446083, 2.311527], [-76.450733, 2.312374], [-76.452854, 2.312182], [-76.454666, 2.312864], [-76.458421, 2.315073], [-76.461758, 2.315897], [-76.462402, 2.316679], [-76.463554, 2.316212], [-76.464612, 2.316423], [-76.4658, 2.317341], [-76.467618, 2.317657], [-76.469066, 2.318423], [-76.470704, 2.318013], [-76.471336, 2.318281], [-76.472857, 2.317695], [-76.473956, 2.319267], [-76.474908, 2.320051], [-76.475899, 2.320354], [-76.476561, 2.319498], [-76.478143, 2.319616], [-76.478869, 2.320111], [-76.479682, 2.321664], [-76.481696, 2.322887], [-76.482345, 2.323698], [-76.486375, 2.322904], [-76.4884, 2.322879], [-76.490088, 2.322314], [-76.49113, 2.322622], [-76.491697, 2.323611], [-76.493, 2.324689], [-76.495301, 2.324362], [-76.498133, 2.325312], [-76.498587, 2.326486], [-76.498687, 2.329528], [-76.497831, 2.332816], [-76.496515, 2.33409], [-76.497361, 2.334792], [-76.497646, 2.335527], [-76.497428, 2.33629], [-76.496185, 2.336117], [-76.496001, 2.33664], [-76.496709, 2.337118], [-76.496452, 2.337662], [-76.497248, 2.337011], [-76.497469, 2.337744], [-76.497057, 2.337615], [-76.496067, 2.338047], [-76.495643, 2.339067], [-76.495154, 2.339182], [-76.494353, 2.341013], [-76.494897, 2.341549], [-76.494941, 2.343068], [-76.494694, 2.343613], [-76.494514, 2.34329], [-76.494213, 2.343443], [-76.494288, 2.344438], [-76.493685, 2.346614], [-76.493821, 2.347753], [-76.493285, 2.348963], [-76.493535, 2.349551], [-76.49339, 2.350395], [-76.494312, 2.351488], [-76.494042, 2.35233], [-76.49481, 2.355088], [-76.494452, 2.356194]]]}, "properties": {"NOMB_MPIO": "PURACÉ", "NOMBRE_VER": "COBALO", "AREA_HA": 1624.71489219}},{"type": "Feature", "geometry": {"type": "Polygon", "coordinates": [[[-76.398475, 2.30776], [-76.398417, 2.307283], [-76.399352, 2.306138], [-76.4013, 2.303997], [-76.403758, 2.301949], [-76.40617, 2.298923], [-76.408087, 2.295592], [-76.410623, 2.296267], [-76.419161, 2.297579], [-76.422411, 2.29798], [-76.423382, 2.29784], [-76.428568, 2.303378], [-76.430928, 2.305393], [-76.431525, 2.305689], [-76.433672, 2.305817], [-76.432498, 2.307687], [-76.431362, 2.308514], [-76.430987, 2.309497], [-76.430535, 2.309812], [-76.430195, 2.314542], [-76.433378, 2.318761], [-76.435264, 2.32066], [-76.437137, 2.323419], [-76.439001, 2.324558], [-76.441763, 2.324547], [-76.443578, 2.324159], [-76.446421, 2.325996], [-76.45052, 2.327937], [-76.452854, 2.329678], [-76.455888, 2.332612], [-76.457438, 2.334613], [-76.457658, 2.335227], [-76.457349, 2.336265], [-76.458085, 2.337082], [-76.461124, 2.338018], [-76.463634, 2.339475], [-76.464939, 2.339564], [-76.466663, 2.340796], [-76.470043, 2.341671], [-76.470596, 2.342359], [-76.470935, 2.34433], [-76.472592, 2.345025], [-76.473264, 2.345765], [-76.47484, 2.345477], [-76.475907, 2.34461], [-76.475229, 2.347494], [-76.475335, 2.348421], [-76.459002, 2.356104], [-76.461249, 2.362442], [-76.462255, 2.36339], [-76.462155, 2.364641], [-76.462719, 2.365304], [-76.462169, 2.365708], [-76.460299, 2.365955], [-76.457463, 2.365116], [-76.455038, 2.362484], [-76.453502, 2.361429], [-76.451716, 2.360866], [-76.45114, 2.360301], [-76.450236, 2.357572], [-76.448836, 2.356442], [-76.44889, 2.35608], [-76.449696, 2.355838], [-76.449844, 2.355063], [-76.448629, 2.353416], [-76.447551, 2.352604], [-76.44467, 2.347901], [-76.43973, 2.344854], [-76.438322, 2.343623], [-76.4375, 2.341414], [-76.437243, 2.338704], [-76.435661, 2.333767], [-76.435206, 2.333301], [-76.43478, 2.329454], [-76.433319, 2.328178], [-76.431291, 2.327138], [-76.429962, 2.32582], [-76.430074, 2.324823], [-76.42887, 2.322576], [-76.428749, 2.321187], [-76.428241, 2.319905], [-76.425111, 2.318764], [-76.424744, 2.317767], [-76.423762, 2.317258], [-76.423844, 2.315688], [-76.423156, 2.314586], [-76.422371, 2.314315], [-76.421858, 2.313463], [-76.420249, 2.312601], [-76.419626, 2.311078], [-76.418731, 2.31089], [-76.41731, 2.309963], [-76.416301, 2.308739], [-76.415001, 2.308366], [-76.413984, 2.308665], [-76.412635, 2.308515], [-76.411442, 2.308014], [-76.409696, 2.308465], [-76.409318, 2.308373], [-76.408606, 2.307173], [-76.406941, 2.307263], [-76.404156, 2.306787], [-76.401932, 2.307034], [-76.401034, 2.306626], [-76.398475, 2.30776]]]}, "properties": {"NOMB_MPIO": "PURACÉ", "NOMBRE_VER": "CRISTAL", "AREA_HA": 1511.41946071}},{"type": "Feature", "geometry": {"type": "Polygon", "coordinates": [[[-76.503918, 2.342798], [-76.502721, 2.339307], [-76.50267, 2.335939], [-76.503553, 2.331433], [-76.503524, 2.329381], [-76.504092, 2.328213], [-76.50547, 2.326916], [-76.505464, 2.326063], [-76.504325, 2.323026], [-76.504307, 2.316689], [-76.507591, 2.31276], [-76.508989, 2.310304], [-76.51164, 2.308936], [-76.513034, 2.306684], [-76.512324, 2.304422], [-76.510793, 2.301217], [-76.511457, 2.297014], [-76.51135, 2.294538], [-76.51244, 2.292813], [-76.512714, 2.290698], [-76.511708, 2.289274], [-76.510648, 2.28891], [-76.509828, 2.287324], [-76.509704, 2.286518], [-76.510341, 2.28338], [-76.509037, 2.281846], [-76.508747, 2.280625], [-76.510184, 2.27964], [-76.511428, 2.279235], [-76.513212, 2.279533], [-76.515753, 2.278362], [-76.51698, 2.278833], [-76.518623, 2.278847], [-76.519454, 2.278642], [-76.520643, 2.277534], [-76.523169, 2.277462], [-76.524617, 2.27814], [-76.525585, 2.27948], [-76.526577, 2.286327], [-76.527039, 2.287771], [-76.527796, 2.2885], [-76.529354, 2.288927], [-76.530148, 2.28949], [-76.530716, 2.290599], [-76.530695, 2.291329], [-76.528627, 2.292674], [-76.527527, 2.2946], [-76.527935, 2.300133], [-76.526554, 2.303309], [-76.52842, 2.305373], [-76.528331, 2.306575], [-76.529935, 2.309328], [-76.530113, 2.31053], [-76.530719, 2.311655], [-76.531795, 2.312714], [-76.530903, 2.315871], [-76.530374, 2.31629], [-76.529547, 2.31599], [-76.529244, 2.316876], [-76.529445, 2.319472], [-76.530586, 2.320262], [-76.530847, 2.321542], [-76.528373, 2.323993], [-76.527849, 2.325357], [-76.526951, 2.325506], [-76.52572, 2.324985], [-76.525173, 2.325057], [-76.524601, 2.326881], [-76.52211, 2.327077], [-76.520926, 2.327926], [-76.521466, 2.32993], [-76.519688, 2.331012], [-76.51914, 2.333333], [-76.517623, 2.334379], [-76.517379, 2.335007], [-76.516089, 2.335773], [-76.515511, 2.338063], [-76.514095, 2.338739], [-76.515581, 2.341886], [-76.515438, 2.342412], [-76.51263, 2.344283], [-76.510043, 2.345054], [-76.508562, 2.346824], [-76.508977, 2.349223], [-76.508067, 2.350143], [-76.507989, 2.351226], [-76.506109, 2.352601], [-76.504794, 2.35479], [-76.502843, 2.356823], [-76.502801, 2.358013], [-76.501356, 2.358646], [-76.500177, 2.361057], [-76.499569, 2.363557], [-76.497879, 2.36669], [-76.497236, 2.368694], [-76.497515, 2.369316], [-76.498205, 2.369346], [-76.498461, 2.369861], [-76.497679, 2.374406], [-76.496662, 2.376511], [-76.496423, 2.377886], [-76.495346, 2.378928], [-76.495701, 2.367345], [-76.498033, 2.360066], [-76.502293, 2.350261], [-76.503843, 2.343806], [-76.503918, 2.342798]]]}, "properties": {"NOMB_MPIO": "PURACÉ", "NOMBRE_VER": "ALTO DE LA LAGUNA", "AREA_HA": 1592.12652816}},{"type": "Feature", "geometry": {"type": "Polygon", "coordinates": [[[-76.397133, 2.31451], [-76.396523, 2.313012], [-76.396953, 2.312413], [-76.396466, 2.312102], [-76.397382, 2.310565], [-76.398216, 2.308213], [-76.399235, 2.30727], [-76.401034, 2.306626], [-76.401932, 2.307034], [-76.404156, 2.306787], [-76.406941, 2.307263], [-76.408606, 2.307173], [-76.409318, 2.308373], [-76.409696, 2.308465], [-76.411248, 2.308017], [-76.413681, 2.30864], [-76.415001, 2.308366], [-76.416301, 2.308739], [-76.41731, 2.309963], [-76.418731, 2.31089], [-76.419626, 2.311078], [-76.420249, 2.312601], [-76.421858, 2.313463], [-76.422371, 2.314315], [-76.423156, 2.314586], [-76.423844, 2.315688], [-76.423762, 2.317258], [-76.424744, 2.317767], [-76.425111, 2.318764], [-76.428241, 2.319905], [-76.428749, 2.321187], [-76.42887, 2.322576], [-76.430074, 2.324823], [-76.429962, 2.32582], [-76.431291, 2.327138], [-76.433319, 2.328178], [-76.43478, 2.329454], [-76.435206, 2.333301], [-76.435661, 2.333767], [-76.437243, 2.338704], [-76.4375, 2.341414], [-76.438322, 2.343623], [-76.439396, 2.344625], [-76.444817, 2.348069], [-76.447551, 2.352604], [-76.448629, 2.353416], [-76.449844, 2.355063], [-76.449696, 2.355838], [-76.44889, 2.35608], [-76.448836, 2.356442], [-76.450236, 2.357572], [-76.450848, 2.359753], [-76.451512, 2.360733], [-76.453502, 2.361429], [-76.455038, 2.362484], [-76.457463, 2.365116], [-76.460021, 2.365936], [-76.462169, 2.365708], [-76.464301, 2.363965], [-76.46739, 2.362374], [-76.467965, 2.362436], [-76.468158, 2.363081], [-76.468916, 2.363586], [-76.468028, 2.36471], [-76.468609, 2.365931], [-76.468894, 2.367575], [-76.469446, 2.368216], [-76.46924, 2.370113], [-76.469864, 2.371494], [-76.469512, 2.372501], [-76.470013, 2.373623], [-76.469651, 2.375196], [-76.470061, 2.375721], [-76.46945, 2.375905], [-76.4687, 2.377045], [-76.467916, 2.377446], [-76.464325, 2.378051], [-76.462382, 2.377601], [-76.460734, 2.377944], [-76.459882, 2.377795], [-76.459391, 2.378536], [-76.456878, 2.379321], [-76.455942, 2.379324], [-76.454498, 2.379974], [-76.45273, 2.380112], [-76.451922, 2.380703], [-76.451611, 2.381364], [-76.45012, 2.380968], [-76.449727, 2.379549], [-76.449092, 2.379224], [-76.446455, 2.379171], [-76.444494, 2.379517], [-76.443927, 2.379181], [-76.442832, 2.377786], [-76.442876, 2.375063], [-76.441579, 2.371824], [-76.441664, 2.370798], [-76.44072, 2.36518], [-76.438407, 2.360433], [-76.43439, 2.354032], [-76.421397, 2.337511], [-76.405213, 2.320567], [-76.401895, 2.317773], [-76.397133, 2.31451]]]}, "properties": {"NOMB_MPIO": "PURACÉ", "NOMBRE_VER": "ALTO ANAMBIO", "AREA_HA": 1723.47208163}},{"type": "Feature", "geometry": {"type": "Polygon", "coordinates": [[[-76.443709, 2.383825], [-76.442053, 2.383824], [-76.440462, 2.382712], [-76.438979, 2.382328], [-76.437888, 2.382386], [-76.435759, 2.383393], [-76.434757, 2.383385], [-76.433793, 2.382868], [-76.431825, 2.381082], [-76.431372, 2.378436], [-76.429597, 2.375159], [-76.426143, 2.372907], [-76.424485, 2.370461], [-76.422368, 2.369893], [-76.422115, 2.367067], [-76.420562, 2.364039], [-76.418183, 2.361317], [-76.414799, 2.358933], [-76.412627, 2.356781], [-76.412008, 2.355745], [-76.41125, 2.353056], [-76.408954, 2.348646], [-76.405847, 2.34461], [-76.405815, 2.341759], [-76.404854, 2.341247], [-76.405336, 2.339714], [-76.405029, 2.3368], [-76.403832, 2.335798], [-76.404128, 2.33484], [-76.403759, 2.332383], [-76.4028, 2.33113], [-76.402412, 2.326769], [-76.40154, 2.323857], [-76.4009, 2.323257], [-76.399358, 2.320567], [-76.398995, 2.318928], [-76.397391, 2.315808], [-76.397133, 2.31451], [-76.401895, 2.317773], [-76.405213, 2.320567], [-76.421397, 2.337511], [-76.43439, 2.354032], [-76.438407, 2.360433], [-76.44072, 2.36518], [-76.441664, 2.370798], [-76.44154, 2.371646], [-76.442667, 2.374133], [-76.442794, 2.377585], [-76.443474, 2.378742], [-76.444494, 2.379517], [-76.446455, 2.379171], [-76.449353, 2.379306], [-76.449811, 2.379705], [-76.45012, 2.380968], [-76.451611, 2.381364], [-76.451922, 2.380703], [-76.45273, 2.380112], [-76.454498, 2.379974], [-76.458964, 2.378599], [-76.459218, 2.379601], [-76.458642, 2.379788], [-76.458759, 2.380516], [-76.45964, 2.380369], [-76.457535, 2.382185], [-76.453516, 2.382792], [-76.453534, 2.383096], [-76.452981, 2.383275], [-76.453138, 2.383438], [-76.452235, 2.383889], [-76.449843, 2.38343], [-76.44532, 2.38457], [-76.443709, 2.383825]]]}, "properties": {"NOMB_MPIO": "PURACÉ", "NOMBRE_VER": "CHAPIO", "AREA_HA": 1358.90865636}},{"type": "Feature", "geometry": {"type": "Polygon", "coordinates": [[[-76.396523, 2.313012], [-76.397391, 2.315808], [-76.398995, 2.318928], [-76.399358, 2.320567], [-76.4009, 2.323257], [-76.40154, 2.323857], [-76.402412, 2.326769], [-76.4028, 2.33113], [-76.403759, 2.332383], [-76.404128, 2.33484], [-76.403832, 2.335798], [-76.405029, 2.3368], [-76.405336, 2.339714], [-76.404854, 2.341247], [-76.405815, 2.341759], [-76.405925, 2.344807], [-76.408954, 2.348646], [-76.41125, 2.353056], [-76.412008, 2.355745], [-76.412627, 2.356781], [-76.414799, 2.358933], [-76.418183, 2.361317], [-76.420562, 2.364039], [-76.422115, 2.367067], [-76.422368, 2.369893], [-76.424485, 2.370461], [-76.426143, 2.372907], [-76.428379, 2.374209], [-76.427746, 2.376378], [-76.427362, 2.380585], [-76.424727, 2.386784], [-76.425067, 2.387686], [-76.424323, 2.391168], [-76.424822, 2.392399], [-76.423898, 2.392753], [-76.422581, 2.393916], [-76.421695, 2.39259], [-76.420993, 2.390404], [-76.420073, 2.38916], [-76.418957, 2.388424], [-76.417903, 2.386778], [-76.416037, 2.385491], [-76.41586, 2.383943], [-76.41487, 2.382806], [-76.413688, 2.38231], [-76.413362, 2.380783], [-76.412282, 2.37953], [-76.410542, 2.37888], [-76.408849, 2.378965], [-76.405808, 2.377473], [-76.403944, 2.377349], [-76.403376, 2.376791], [-76.40289, 2.377094], [-76.402016, 2.377052], [-76.400032, 2.378502], [-76.398759, 2.378567], [-76.39801, 2.379368], [-76.396598, 2.379949], [-76.395943, 2.379334], [-76.394185, 2.378658], [-76.393392, 2.378822], [-76.393021, 2.378386], [-76.391206, 2.378392], [-76.390088, 2.377558], [-76.38928, 2.375997], [-76.388435, 2.376149], [-76.387974, 2.375197], [-76.387048, 2.375871], [-76.385958, 2.375868], [-76.384589, 2.375337], [-76.383464, 2.375402], [-76.38195, 2.37616], [-76.38086, 2.375877], [-76.380724, 2.375229], [-76.379692, 2.374441], [-76.379117, 2.373488], [-76.378399, 2.372953], [-76.377851, 2.373055], [-76.377755, 2.372245], [-76.37662, 2.371727], [-76.376193, 2.371073], [-76.375023, 2.370926], [-76.375115, 2.370462], [-76.374236, 2.37062], [-76.373083, 2.370073], [-76.370047, 2.369818], [-76.365965, 2.37023], [-76.365133, 2.369741], [-76.36116, 2.369415], [-76.360078, 2.368979], [-76.358662, 2.367615], [-76.356961, 2.362686], [-76.355536, 2.361207], [-76.352214, 2.359417], [-76.350673, 2.357628], [-76.351149, 2.354767], [-76.352455, 2.352264], [-76.353169, 2.349761], [-76.35441, 2.343038], [-76.355154, 2.34167], [-76.35856, 2.339371], [-76.3597, 2.338228], [-76.362241, 2.337246], [-76.370102, 2.330939], [-76.371234, 2.329928], [-76.372178, 2.328411], [-76.374665, 2.326395], [-76.376434, 2.324404], [-76.377708, 2.321346], [-76.379338, 2.315266], [-76.380831, 2.31125], [-76.381973, 2.309679], [-76.385227, 2.307642], [-76.387234, 2.304316], [-76.388492, 2.303979], [-76.389832, 2.304738], [-76.392429, 2.308027], [-76.392626, 2.312387], [-76.39305, 2.313051], [-76.394133, 2.313716], [-76.395218, 2.313906], [-76.396523, 2.313012]]]}, "properties": {"NOMB_MPIO": "PURACÉ", "NOMBRE_VER": "CAMPAMENTO", "AREA_HA": 3845.13558108}},{"type": "Feature", "geometry": {"type": "Polygon", "coordinates": [[[-76.375508, 2.414245], [-76.370703, 2.414079], [-76.368249, 2.412393], [-76.365604, 2.411693], [-76.364197, 2.410113], [-76.363998, 2.408754], [-76.362658, 2.405385], [-76.359681, 2.402378], [-76.358559, 2.401698], [-76.357588, 2.400143], [-76.354981, 2.402568], [-76.353573, 2.403026], [-76.341584, 2.403058], [-76.339074, 2.400415], [-76.338402, 2.392299], [-76.336816, 2.388403], [-76.33536, 2.387407], [-76.330489, 2.38728], [-76.328357, 2.388179], [-76.326644, 2.389297], [-76.323325, 2.393402], [-76.319811, 2.395896], [-76.30946, 2.395629], [-76.302381, 2.396462], [-76.296219, 2.396437], [-76.292923, 2.397235], [-76.290722, 2.397116], [-76.290543, 2.395034], [-76.2909, 2.393369], [-76.29209, 2.391525], [-76.29328, 2.390335], [-76.294945, 2.389324], [-76.297027, 2.387182], [-76.297325, 2.386468], [-76.297459, 2.382176], [-76.299229, 2.379978], [-76.301151, 2.376728], [-76.301353, 2.375712], [-76.300849, 2.374696], [-76.299045, 2.373431], [-76.297678, 2.373196], [-76.298124, 2.370528], [-76.298126, 2.366464], [-76.298631, 2.36555], [-76.300652, 2.364433], [-76.300956, 2.363417], [-76.300958, 2.360166], [-76.301362, 2.359353], [-76.30106, 2.358438], [-76.299848, 2.357117], [-76.29803, 2.356404], [-76.297021, 2.355591], [-76.295911, 2.353355], [-76.294497, 2.352541], [-76.292679, 2.351829], [-76.287657, 2.350912], [-76.284297, 2.348573], [-76.281064, 2.348164], [-76.275005, 2.34623], [-76.273994, 2.346941], [-76.271568, 2.349886], [-76.270664, 2.350559], [-76.265506, 2.351712], [-76.263081, 2.35293], [-76.260555, 2.353436], [-76.257525, 2.353333], [-76.256515, 2.352824], [-76.254799, 2.350689], [-76.252856, 2.350587], [-76.25187, 2.349976], [-76.251366, 2.349163], [-76.250358, 2.34459], [-76.250663, 2.341136], [-76.249654, 2.340221], [-76.247937, 2.339102], [-76.245917, 2.338389], [-76.241877, 2.338184], [-76.239554, 2.337674], [-76.238948, 2.336658], [-76.239052, 2.331984], [-76.23831, 2.33105], [-76.241964, 2.33187], [-76.245139, 2.331992], [-76.24499, 2.323791], [-76.24569, 2.321157], [-76.24522, 2.320102], [-76.24397, 2.31903], [-76.244644, 2.31702], [-76.245784, 2.317095], [-76.248015, 2.316225], [-76.24869, 2.314936], [-76.248612, 2.313985], [-76.250272, 2.313215], [-76.251193, 2.311489], [-76.25341, 2.311546], [-76.254764, 2.3106], [-76.255942, 2.308878], [-76.256867, 2.308366], [-76.257762, 2.308036], [-76.260951, 2.307942], [-76.262649, 2.308438], [-76.263364, 2.307894], [-76.266318, 2.308683], [-76.267387, 2.30869], [-76.268423, 2.307953], [-76.270292, 2.307373], [-76.271698, 2.305427], [-76.272637, 2.304834], [-76.272807, 2.303456], [-76.273337, 2.302682], [-76.273905, 2.302298], [-76.27568, 2.3021], [-76.276793, 2.300353], [-76.278468, 2.298569], [-76.278924, 2.297348], [-76.278691, 2.295495], [-76.277832, 2.29377], [-76.275973, 2.29191], [-76.274643, 2.291031], [-76.273518, 2.29113], [-76.272251, 2.297837], [-76.268591, 2.298646], [-76.265935, 2.301068], [-76.264868, 2.301447], [-76.264295, 2.299389], [-76.265075, 2.298257], [-76.265168, 2.297585], [-76.262716, 2.298757], [-76.261349, 2.298854], [-76.260096, 2.29853], [-76.256307, 2.300543], [-76.252457, 2.301284], [-76.25414, 2.295515], [-76.254244, 2.294208], [-76.253858, 2.293788], [-76.249073, 2.293417], [-76.24775, 2.294747], [-76.242421, 2.296998], [-76.243407, 2.294616], [-76.244415, 2.293428], [-76.241662, 2.293525], [-76.241661, 2.292204], [-76.23922, 2.291637], [-76.243901, 2.285931], [-76.240317, 2.280796], [-76.244633, 2.278148], [-76.243421, 2.274305], [-76.242397, 2.272093], [-76.241253, 2.271041], [-76.238809, 2.270174], [-76.237545, 2.270439], [-76.23638, 2.269498], [-76.236154, 2.268569], [-76.236975, 2.267183], [-76.237109, 2.266317], [-76.235846, 2.264625], [-76.23459, 2.261565], [-76.233771, 2.256786], [-76.232663, 2.254425], [-76.23081, 2.252496], [-76.226633, 2.250504], [-76.221548, 2.245537], [-76.222047, 2.23467], [-76.221109, 2.23376], [-76.218298, 2.23307], [-76.21598, 2.231962], [-76.214986, 2.22618], [-76.212926, 2.21901], [-76.204134, 2.198162], [-76.20825, 2.197996], [-76.20927, 2.198403], [-76.210906, 2.200812], [-76.211295, 2.203256], [-76.212503, 2.205262], [-76.213526, 2.205874], [-76.217419, 2.206017], [-76.219455, 2.207565], [-76.221242, 2.213236], [-76.223628, 2.215597], [-76.224606, 2.21799], [-76.225915, 2.219453], [-76.230011, 2.223012], [-76.23257, 2.225874], [-76.23365, 2.226594], [-76.235496, 2.227202], [-76.238727, 2.227873], [-76.239498, 2.229205], [-76.24168, 2.231213], [-76.243969, 2.234467], [-76.246208, 2.23846], [-76.248275, 2.240705], [-76.248973, 2.241892], [-76.249546, 2.243264], [-76.24933, 2.245563], [-76.249647, 2.246747], [-76.252898, 2.249245], [-76.255753, 2.250058], [-76.261978, 2.255748], [-76.263805, 2.258431], [-76.266004, 2.260877], [-76.27022, 2.262128], [-76.27322, 2.266772], [-76.274441, 2.269263], [-76.27555, 2.270599], [-76.277413, 2.271972], [-76.284901, 2.274537], [-76.285906, 2.273989], [-76.28883, 2.274263], [-76.291023, 2.275908], [-76.292851, 2.276547], [-76.295044, 2.277918], [-76.299064, 2.282487], [-76.302902, 2.283675], [-76.303907, 2.283401], [-76.304273, 2.282852], [-76.305643, 2.28203], [-76.308293, 2.281299], [-76.314232, 2.281573], [-76.318162, 2.280385], [-76.319258, 2.280385], [-76.320446, 2.280933], [-76.323279, 2.281116], [-76.32538, 2.279928], [-76.333238, 2.277735], [-76.336191, 2.27548], [-76.340548, 2.273277], [-76.343787, 2.272115], [-76.348602, 2.272115], [-76.350761, 2.271783], [-76.35209, 2.271035], [-76.353335, 2.270869], [-76.360476, 2.270703], [-76.362635, 2.27444], [-76.363465, 2.277346], [-76.365126, 2.278342], [-76.368447, 2.279089], [-76.373767, 2.279089], [-76.378389, 2.274147], [-76.39132, 2.284837], [-76.392658, 2.285035], [-76.397404, 2.282585], [-76.399922, 2.283755], [-76.402192, 2.283183], [-76.400165, 2.288749], [-76.40008, 2.290428], [-76.401057, 2.291708], [-76.401314, 2.292612], [-76.400367, 2.295656], [-76.398553, 2.298283], [-76.398457, 2.300376], [-76.397896, 2.302661], [-76.398504, 2.304944], [-76.398252, 2.306442], [-76.398541, 2.307643], [-76.396466, 2.312102], [-76.396953, 2.312413], [-76.396255, 2.313385], [-76.395218, 2.313906], [-76.394133, 2.313716], [-76.39305, 2.313051], [-76.392626, 2.312387], [-76.392429, 2.308027], [-76.389832, 2.304738], [-76.388492, 2.303979], [-76.387234, 2.304316], [-76.385227, 2.307642], [-76.381973, 2.309679], [-76.380831, 2.31125], [-76.379338, 2.315266], [-76.377708, 2.321346], [-76.376434, 2.324404], [-76.374665, 2.326395], [-76.372178, 2.328411], [-76.371234, 2.329928], [-76.370102, 2.330939], [-76.362241, 2.337246], [-76.3597, 2.338228], [-76.35856, 2.339371], [-76.355154, 2.34167], [-76.35441, 2.343038], [-76.353169, 2.349761], [-76.352455, 2.352264], [-76.351149, 2.354767], [-76.350673, 2.357628], [-76.352214, 2.359417], [-76.355536, 2.361207], [-76.356961, 2.362686], [-76.358662, 2.367615], [-76.360078, 2.368979], [-76.36116, 2.369415], [-76.365133, 2.369741], [-76.365965, 2.37023], [-76.370047, 2.369818], [-76.373083, 2.370073], [-76.374236, 2.37062], [-76.375115, 2.370462], [-76.375023, 2.370926], [-76.376193, 2.371073], [-76.37662, 2.371727], [-76.377755, 2.372245], [-76.377851, 2.373055], [-76.378399, 2.372953], [-76.379117, 2.373488], [-76.379692, 2.374441], [-76.380724, 2.375229], [-76.38086, 2.375877], [-76.38195, 2.37616], [-76.383464, 2.375402], [-76.384589, 2.375337], [-76.385958, 2.375868], [-76.387048, 2.375871], [-76.387974, 2.375197], [-76.388435, 2.376149], [-76.38928, 2.375997], [-76.390088, 2.377558], [-76.391206, 2.378392], [-76.393021, 2.378386], [-76.393392, 2.378822], [-76.394185, 2.378658], [-76.395943, 2.379334], [-76.396598, 2.379949], [-76.39801, 2.379368], [-76.398759, 2.378567], [-76.400032, 2.378502], [-76.402016, 2.377052], [-76.40289, 2.377094], [-76.403376, 2.376791], [-76.403944, 2.377349], [-76.405808, 2.377473], [-76.408849, 2.378965], [-76.410542, 2.37888], [-76.412282, 2.37953], [-76.413362, 2.380783], [-76.413688, 2.38231], [-76.41487, 2.382806], [-76.41586, 2.383943], [-76.416037, 2.385491], [-76.417903, 2.386778], [-76.418957, 2.388424], [-76.420073, 2.38916], [-76.420993, 2.390404], [-76.421695, 2.39259], [-76.422581, 2.393916], [-76.424515, 2.392449], [-76.425521, 2.39249], [-76.426105, 2.392037], [-76.427121, 2.392336], [-76.427841, 2.393457], [-76.428252, 2.393237], [-76.42915, 2.394005], [-76.429559, 2.394917], [-76.430975, 2.394808], [-76.432053, 2.39521], [-76.433517, 2.398463], [-76.434363, 2.39939], [-76.435608, 2.399393], [-76.437125, 2.398684], [-76.438118, 2.399], [-76.439802, 2.39736], [-76.442563, 2.397524], [-76.443716, 2.396972], [-76.444658, 2.395721], [-76.445659, 2.395717], [-76.446331, 2.398679], [-76.447608, 2.402138], [-76.450533, 2.406509], [-76.448057, 2.408079], [-76.446909, 2.40824], [-76.443906, 2.407933], [-76.441677, 2.406903], [-76.436295, 2.407116], [-76.434647, 2.40751], [-76.433368, 2.408191], [-76.432643, 2.409022], [-76.431549, 2.408211], [-76.429101, 2.407345], [-76.427687, 2.404598], [-76.425728, 2.398429], [-76.424584, 2.397648], [-76.424171, 2.396569], [-76.423126, 2.396201], [-76.419435, 2.398199], [-76.417855, 2.397787], [-76.416133, 2.398175], [-76.415563, 2.399029], [-76.414157, 2.399842], [-76.412808, 2.401548], [-76.41148, 2.401761], [-76.410112, 2.402941], [-76.408522, 2.405045], [-76.403093, 2.405691], [-76.401155, 2.408178], [-76.400616, 2.411104], [-76.400916, 2.412863], [-76.401962, 2.414158], [-76.398198, 2.416133], [-76.396151, 2.417908], [-76.395353, 2.419409], [-76.394443, 2.420318], [-76.392343, 2.421477], [-76.38975, 2.421763], [-76.385342, 2.423542], [-76.38245, 2.422182], [-76.381489, 2.421119], [-76.38049, 2.420898], [-76.379026, 2.419797], [-76.3774, 2.41659], [-76.377001, 2.4148], [-76.375508, 2.414245]]]}, "properties": {"NOMB_MPIO": "PURACÉ", "NOMBRE_VER": "PULULO", "AREA_HA": 20448.2177334}},{"type": "Feature", "geometry": {"type": "Polygon", "coordinates": [[[-76.583342, 2.028476], [-76.576016, 2.030379], [-76.573845, 2.029884], [-76.573446, 2.02937], [-76.572551, 2.021051], [-76.572513, 2.019738], [-76.573198, 2.018101], [-76.577729, 2.012523], [-76.579328, 2.009573], [-76.578738, 2.004719], [-76.578757, 2.002225], [-76.579233, 2.001749], [-76.582522, 2.000498], [-76.587385, 2.000411], [-76.588217, 2.000969], [-76.58915, 2.002587], [-76.589363, 2.005569], [-76.59033, 2.005785], [-76.592881, 2.005385], [-76.596041, 2.00253], [-76.597888, 1.99956], [-76.600033, 1.997392], [-76.607729, 1.996286], [-76.61068, 1.995011], [-76.612279, 1.989871], [-76.613002, 1.988519], [-76.615838, 1.985607], [-76.620464, 1.97626], [-76.621911, 1.975842], [-76.623066, 1.974824], [-76.628598, 1.973654], [-76.630672, 1.972829], [-76.632804, 1.976589], [-76.636373, 1.981228], [-76.637325, 1.983608], [-76.637563, 1.985987], [-76.639942, 1.986463], [-76.64256, 1.987772], [-76.64363, 1.990032], [-76.643868, 1.992531], [-76.640656, 2.000264], [-76.639585, 2.004071], [-76.639109, 2.007165], [-76.639347, 2.010139], [-76.638633, 2.01466], [-76.63899, 2.0193], [-76.64137, 2.023345], [-76.643511, 2.028699], [-76.644939, 2.030245], [-76.649817, 2.032982], [-76.651007, 2.034053], [-76.653624, 2.034409], [-76.654576, 2.035718], [-76.654933, 2.037622], [-76.654225, 2.039151], [-76.651983, 2.039856], [-76.64976, 2.039718], [-76.649414, 2.040884], [-76.650312, 2.041261], [-76.650383, 2.041602], [-76.649444, 2.04357], [-76.646334, 2.042517], [-76.645728, 2.043115], [-76.642505, 2.043999], [-76.640543, 2.042491], [-76.637975, 2.0427], [-76.637077, 2.042036], [-76.635573, 2.042029], [-76.634479, 2.041227], [-76.632886, 2.041305], [-76.632274, 2.039372], [-76.63002, 2.039527], [-76.629724, 2.037709], [-76.628077, 2.036685], [-76.62684, 2.036601], [-76.625919, 2.035746], [-76.625295, 2.035865], [-76.625645, 2.036697], [-76.625384, 2.037031], [-76.623125, 2.035637], [-76.622435, 2.035703], [-76.621721, 2.036444], [-76.621787, 2.036989], [-76.621352, 2.037258], [-76.620342, 2.036952], [-76.620128, 2.036085], [-76.619712, 2.035726], [-76.619254, 2.035684], [-76.618933, 2.03636], [-76.618653, 2.036366], [-76.618262, 2.03432], [-76.616526, 2.033009], [-76.615867, 2.030856], [-76.615129, 2.031041], [-76.613096, 2.029539], [-76.612252, 2.02976], [-76.611779, 2.031309], [-76.61064, 2.031292], [-76.609723, 2.032022], [-76.608609, 2.031914], [-76.608179, 2.032503], [-76.606751, 2.03242], [-76.605166, 2.035766], [-76.603952, 2.036156], [-76.600147, 2.035416], [-76.593247, 2.031843], [-76.590391, 2.032066], [-76.586338, 2.030188], [-76.586025, 2.029391], [-76.584902, 2.028485], [-76.583342, 2.028476]]]}, "properties": {"NOMB_MPIO": "LA VEGA", "NOMBRE_VER": "CAJIBIO", "AREA_HA": 3658.16933329}},{"type": "Feature", "geometry": {"type": "Polygon", "coordinates": [[[-76.061659, 2.458326], [-76.063289, 2.457669], [-76.063647, 2.456593], [-76.062934, 2.456114], [-76.062697, 2.454559], [-76.064009, 2.449775], [-76.063772, 2.447861], [-76.064844, 2.446665], [-76.064963, 2.445828], [-76.064014, 2.443555], [-76.063896, 2.44188], [-76.061875, 2.440563], [-76.0614, 2.439246], [-76.06045, 2.43793], [-76.059386, 2.429795], [-76.059387, 2.427522], [-76.05808, 2.426923], [-76.057725, 2.423454], [-76.058321, 2.42154], [-76.059868, 2.420704], [-76.060821, 2.419269], [-76.060823, 2.415801], [-76.063917, 2.41365], [-76.064292, 2.410895], [-76.066741, 2.410887], [-76.071126, 2.413072], [-76.074113, 2.412912], [-76.080952, 2.415596], [-76.084833, 2.41603], [-76.089248, 2.415918], [-76.091524, 2.413412], [-76.093362, 2.410055], [-76.095151, 2.409913], [-76.097253, 2.410335], [-76.097739, 2.41002], [-76.098205, 2.409455], [-76.098312, 2.406345], [-76.098807, 2.405695], [-76.10266, 2.406291], [-76.103612, 2.405842], [-76.104212, 2.404924], [-76.105413, 2.401508], [-76.108899, 2.396209], [-76.112516, 2.393867], [-76.118892, 2.391412], [-76.120215, 2.390533], [-76.122409, 2.382744], [-76.123228, 2.381664], [-76.126145, 2.380013], [-76.129373, 2.378906], [-76.132808, 2.378197], [-76.13786, 2.375966], [-76.141497, 2.37485], [-76.14271, 2.37414], [-76.143923, 2.372312], [-76.145439, 2.371195], [-76.150996, 2.369878], [-76.152714, 2.368965], [-76.158677, 2.362669], [-76.165145, 2.358813], [-76.167974, 2.358103], [-76.171886, 2.357969], [-76.175045, 2.357295], [-76.176055, 2.356788], [-76.180099, 2.351913], [-76.181515, 2.348866], [-76.181419, 2.341042], [-76.181723, 2.339315], [-76.18334, 2.337995], [-76.187584, 2.335966], [-76.188494, 2.335153], [-76.199182, 2.331192], [-76.202033, 2.328659], [-76.203146, 2.326729], [-76.205875, 2.323886], [-76.210321, 2.321044], [-76.217191, 2.319119], [-76.219918, 2.319119], [-76.220625, 2.319628], [-76.222442, 2.322067], [-76.225977, 2.322679], [-76.229612, 2.324002], [-76.232136, 2.326341], [-76.237841, 2.330459], [-76.239052, 2.331984], [-76.238948, 2.336658], [-76.239554, 2.337674], [-76.241877, 2.338184], [-76.245917, 2.338389], [-76.247937, 2.339102], [-76.250663, 2.341136], [-76.250358, 2.34459], [-76.251366, 2.349163], [-76.25187, 2.349976], [-76.252856, 2.350587], [-76.254799, 2.350689], [-76.256515, 2.352824], [-76.257525, 2.353333], [-76.260555, 2.353436], [-76.263081, 2.35293], [-76.265506, 2.351712], [-76.270664, 2.350559], [-76.271568, 2.349886], [-76.273994, 2.346941], [-76.275005, 2.34623], [-76.281064, 2.348164], [-76.284297, 2.348573], [-76.287657, 2.350912], [-76.292679, 2.351829], [-76.294497, 2.352541], [-76.295911, 2.353355], [-76.297021, 2.355591], [-76.300427, 2.35771], [-76.29316, 2.361343], [-76.289484, 2.362568], [-76.283662, 2.362262], [-76.276003, 2.363181], [-76.272633, 2.365939], [-76.270488, 2.369615], [-76.26865, 2.371454], [-76.258232, 2.377581], [-76.250573, 2.379726], [-76.245364, 2.37942], [-76.240156, 2.377888], [-76.228206, 2.373292], [-76.220547, 2.369922], [-76.218096, 2.368083], [-76.214113, 2.370534], [-76.208291, 2.375743], [-76.206759, 2.376662], [-76.203696, 2.375437], [-76.197261, 2.376356], [-76.195117, 2.374824], [-76.193585, 2.374517], [-76.192666, 2.376356], [-76.191746, 2.373905], [-76.190827, 2.373292], [-76.18807, 2.374211], [-76.186538, 2.375743], [-76.1847, 2.37513], [-76.184087, 2.372985], [-76.180717, 2.369002], [-76.180104, 2.367164], [-76.175508, 2.366551], [-76.170566, 2.371152], [-76.164857, 2.372225], [-76.161646, 2.372223], [-76.159504, 2.374375], [-76.15736, 2.37868], [-76.155218, 2.380832], [-76.149867, 2.380828], [-76.147368, 2.381903], [-76.142015, 2.38477], [-76.139873, 2.386922], [-76.138087, 2.389792], [-76.132734, 2.391223], [-76.131306, 2.392658], [-76.131304, 2.395888], [-76.128805, 2.398039], [-76.124876, 2.403778], [-76.122375, 2.409159], [-76.116306, 2.415256], [-76.114163, 2.418125], [-76.11095, 2.420276], [-76.10738, 2.424221], [-76.093463, 2.426723], [-76.09132, 2.429951], [-76.087751, 2.431384], [-76.085965, 2.434254], [-76.082748, 2.442505], [-76.082385, 2.4504], [-76.079389, 2.455178], [-76.076153, 2.456611], [-76.072918, 2.457087], [-76.065877, 2.457082], [-76.064164, 2.458324], [-76.062544, 2.460524], [-76.059374, 2.461626], [-76.060802, 2.459904], [-76.061587, 2.459474], [-76.061659, 2.458326]]]}, "properties": {"NOMB_MPIO": "INZÁ", "NOMBRE_VER": "YARUMAL", "AREA_HA": 8053.96778174}},{"type": "Feature", "geometry": {"type": "Polygon", "coordinates": [[[-76.619988, 2.263887], [-76.618312, 2.262524], [-76.618397, 2.261702], [-76.617489, 2.261007], [-76.616874, 2.258881], [-76.615898, 2.259558], [-76.613719, 2.25893], [-76.612584, 2.257689], [-76.609986, 2.257456], [-76.609063, 2.256054], [-76.607397, 2.255714], [-76.606286, 2.254583], [-76.60472, 2.254202], [-76.603747, 2.253275], [-76.600604, 2.253309], [-76.597006, 2.250998], [-76.590247, 2.247999], [-76.592295, 2.247478], [-76.59485, 2.247337], [-76.596163, 2.246695], [-76.597582, 2.247658], [-76.598328, 2.247625], [-76.599499, 2.246981], [-76.600457, 2.247305], [-76.600955, 2.247019], [-76.6012, 2.246666], [-76.600741, 2.244911], [-76.600885, 2.243196], [-76.601454, 2.242128], [-76.600993, 2.240841], [-76.603228, 2.239769], [-76.604042, 2.237848], [-76.603407, 2.237164], [-76.601456, 2.232559], [-76.603477, 2.2332], [-76.604934, 2.23288], [-76.608608, 2.234921], [-76.61, 2.235224], [-76.611288, 2.235975], [-76.613621, 2.239885], [-76.615572, 2.241205], [-76.616342, 2.242315], [-76.617086, 2.242619], [-76.616257, 2.24519], [-76.617799, 2.246078], [-76.620273, 2.246004], [-76.623507, 2.246868], [-76.623948, 2.246374], [-76.625547, 2.246504], [-76.627284, 2.247534], [-76.632297, 2.247637], [-76.633198, 2.248568], [-76.634565, 2.24789], [-76.635188, 2.248472], [-76.638167, 2.248289], [-76.64097, 2.249552], [-76.642544, 2.249424], [-76.641117, 2.251804], [-76.639943, 2.255589], [-76.638502, 2.257083], [-76.636946, 2.257545], [-76.635738, 2.258333], [-76.633891, 2.258375], [-76.630818, 2.259058], [-76.626819, 2.261402], [-76.624174, 2.262375], [-76.622061, 2.263733], [-76.620765, 2.263487], [-76.619988, 2.263887]], [[-76.612124, 2.25593], [-76.61111, 2.256934], [-76.611347, 2.257166], [-76.613735, 2.25571], [-76.614479, 2.256152], [-76.614739, 2.256764], [-76.615285, 2.255827], [-76.615075, 2.254874], [-76.615448, 2.254672], [-76.61705, 2.255441], [-76.615286, 2.254195], [-76.615578, 2.253967], [-76.614975, 2.252973], [-76.615565, 2.252199], [-76.61511, 2.252111], [-76.615222, 2.251747], [-76.614749, 2.250936], [-76.613581, 2.250492], [-76.613385, 2.249438], [-76.613194, 2.24968], [-76.611766, 2.249462], [-76.611294, 2.250132], [-76.612072, 2.250705], [-76.611072, 2.250816], [-76.610292, 2.250472], [-76.611668, 2.251603], [-76.61219, 2.252899], [-76.612227, 2.253915], [-76.611452, 2.253591], [-76.611328, 2.254268], [-76.612124, 2.25593]]]}, "properties": {"NOMB_MPIO": "SOTARÁ - PAISPAMBA", "NOMBRE_VER": "PAISPAMBA", "AREA_HA": 770.938577479}},{"type": "Feature", "geometry": {"type": "Polygon", "coordinates": [[[-76.265556, 1.949584], [-76.263975, 1.94966], [-76.263936, 1.948821], [-76.261979, 1.948964], [-76.26222, 1.948023], [-76.261854, 1.947204], [-76.263066, 1.945138], [-76.261929, 1.944389], [-76.262568, 1.943114], [-76.261714, 1.942371], [-76.263519, 1.941356], [-76.264008, 1.940919], [-76.264253, 1.939992], [-76.266154, 1.938636], [-76.265831, 1.936262], [-76.264753, 1.935626], [-76.264616, 1.935137], [-76.268062, 1.932818], [-76.270261, 1.932532], [-76.270682, 1.931961], [-76.272107, 1.931881], [-76.273535, 1.930719], [-76.274567, 1.930617], [-76.274793, 1.931197], [-76.276117, 1.932376], [-76.277003, 1.931719], [-76.278969, 1.931389], [-76.281641, 1.930039], [-76.282639, 1.931518], [-76.282208, 1.933227], [-76.282208, 1.935497], [-76.281571, 1.937077], [-76.28203, 1.937978], [-76.281674, 1.939574], [-76.282094, 1.940609], [-76.28176, 1.941359], [-76.281841, 1.943757], [-76.278197, 1.94321], [-76.27605, 1.943974], [-76.274767, 1.943783], [-76.273922, 1.944153], [-76.273667, 1.944614], [-76.274977, 1.944048], [-76.27592, 1.945148], [-76.275204, 1.948104], [-76.27432, 1.950461], [-76.272104, 1.951701], [-76.270667, 1.953721], [-76.269131, 1.952939], [-76.269909, 1.951554], [-76.268524, 1.950963], [-76.267762, 1.950037], [-76.265757, 1.949934], [-76.265556, 1.949584]]]}, "properties": {"NOMB_MPIO": "ISNOS", "NOMBRE_VER": "BAJO JUNIN", "AREA_HA": 363.525759256}},{"type": "Feature", "geometry": {"type": "Polygon", "coordinates": [[[-76.252795, 1.955882], [-76.251804, 1.954927], [-76.25194, 1.95336], [-76.249029, 1.948687], [-76.248943, 1.944481], [-76.248224, 1.943738], [-76.24706, 1.941103], [-76.2472, 1.939262], [-76.248168, 1.938368], [-76.250095, 1.93739], [-76.249967, 1.935932], [-76.25042, 1.9354], [-76.249897, 1.934275], [-76.248785, 1.934658], [-76.248602, 1.934271], [-76.247827, 1.934062], [-76.24805, 1.933725], [-76.247612, 1.933342], [-76.248005, 1.932705], [-76.24938, 1.932746], [-76.249269, 1.932059], [-76.249782, 1.931451], [-76.252241, 1.930958], [-76.251354, 1.928931], [-76.253864, 1.928151], [-76.254176, 1.92742], [-76.256942, 1.928771], [-76.258619, 1.928593], [-76.258798, 1.927102], [-76.259389, 1.926927], [-76.259584, 1.926253], [-76.261336, 1.924279], [-76.263316, 1.926169], [-76.262123, 1.927347], [-76.262765, 1.927815], [-76.265923, 1.925058], [-76.265729, 1.927516], [-76.264864, 1.928025], [-76.264339, 1.928984], [-76.264677, 1.929324], [-76.265962, 1.928759], [-76.265408, 1.929423], [-76.265547, 1.929995], [-76.26447, 1.930291], [-76.264134, 1.931429], [-76.263146, 1.931849], [-76.263047, 1.932753], [-76.261417, 1.933329], [-76.261659, 1.934451], [-76.261463, 1.934936], [-76.261867, 1.935763], [-76.263352, 1.934499], [-76.265662, 1.931782], [-76.266763, 1.933569], [-76.264616, 1.935137], [-76.264753, 1.935626], [-76.265831, 1.936262], [-76.266154, 1.938636], [-76.264253, 1.939992], [-76.264008, 1.940919], [-76.263519, 1.941356], [-76.261714, 1.942371], [-76.262568, 1.943114], [-76.261929, 1.944389], [-76.262808, 1.944812], [-76.263059, 1.945345], [-76.261854, 1.947204], [-76.26222, 1.948023], [-76.261972, 1.949739], [-76.26137, 1.95068], [-76.260736, 1.950891], [-76.260645, 1.953299], [-76.257151, 1.953574], [-76.25669, 1.954669], [-76.255655, 1.954832], [-76.254981, 1.955509], [-76.254265, 1.955165], [-76.254091, 1.955782], [-76.252795, 1.955882]]]}, "properties": {"NOMB_MPIO": "ISNOS", "NOMBRE_VER": "SALEM", "AREA_HA": 464.530896813}},{"type": "Feature", "geometry": {"type": "Polygon", "coordinates": [[[-76.252952, 1.959178], [-76.25097, 1.958772], [-76.249194, 1.958877], [-76.249228, 1.960043], [-76.248145, 1.960018], [-76.247152, 1.958961], [-76.242969, 1.958376], [-76.241197, 1.957113], [-76.239638, 1.95706], [-76.237932, 1.957547], [-76.237944, 1.957232], [-76.236922, 1.956353], [-76.234779, 1.955823], [-76.233834, 1.954914], [-76.232451, 1.955081], [-76.232037, 1.954016], [-76.233986, 1.953632], [-76.234, 1.952339], [-76.232938, 1.950646], [-76.233488, 1.94906], [-76.232192, 1.949352], [-76.231593, 1.948947], [-76.232367, 1.948643], [-76.230803, 1.944628], [-76.228964, 1.944936], [-76.228884, 1.94434], [-76.228113, 1.944277], [-76.228157, 1.943494], [-76.229186, 1.943291], [-76.229227, 1.941229], [-76.232, 1.941109], [-76.231907, 1.939235], [-76.233603, 1.939066], [-76.233848, 1.9406], [-76.235803, 1.940629], [-76.235684, 1.94317], [-76.237569, 1.943193], [-76.237717, 1.94218], [-76.239003, 1.942173], [-76.240632, 1.941183], [-76.240567, 1.939799], [-76.240788, 1.939833], [-76.241636, 1.940573], [-76.242048, 1.942016], [-76.243682, 1.943774], [-76.243039, 1.945418], [-76.246338, 1.945623], [-76.246737, 1.945132], [-76.247869, 1.947264], [-76.247216, 1.947359], [-76.24769, 1.948706], [-76.249029, 1.948687], [-76.250105, 1.950231], [-76.25194, 1.95336], [-76.251804, 1.954927], [-76.253038, 1.956033], [-76.25307, 1.956819], [-76.253835, 1.957343], [-76.253512, 1.957729], [-76.254296, 1.958949], [-76.253311, 1.960946], [-76.253315, 1.959938], [-76.252952, 1.959178]]]}, "properties": {"NOMB_MPIO": "ISNOS", "NOMBRE_VER": "CAPILLAS", "AREA_HA": 345.377500999}},{"type": "Feature", "geometry": {"type": "Polygon", "coordinates": [[[-76.282066, 1.970434], [-76.28141, 1.969822], [-76.280412, 1.96967], [-76.279303, 1.968863], [-76.278633, 1.968999], [-76.276543, 1.968572], [-76.276239, 1.96757], [-76.274295, 1.967682], [-76.273988, 1.961231], [-76.274861, 1.960494], [-76.273398, 1.960412], [-76.273207, 1.959879], [-76.27245, 1.959606], [-76.271789, 1.958252], [-76.27107, 1.954919], [-76.270193, 1.954705], [-76.269169, 1.95388], [-76.269537, 1.95313], [-76.270667, 1.953721], [-76.272104, 1.951701], [-76.27432, 1.950461], [-76.275945, 1.945253], [-76.274977, 1.944048], [-76.274114, 1.944584], [-76.27361, 1.94455], [-76.274567, 1.943807], [-76.27605, 1.943974], [-76.278197, 1.94321], [-76.281841, 1.943757], [-76.281863, 1.944654], [-76.283318, 1.948261], [-76.283286, 1.948838], [-76.282531, 1.949674], [-76.282914, 1.952586], [-76.281658, 1.953384], [-76.28121, 1.954791], [-76.282774, 1.956463], [-76.282876, 1.960211], [-76.283739, 1.962492], [-76.282704, 1.964778], [-76.284273, 1.965759], [-76.284801, 1.967361], [-76.28403, 1.967534], [-76.282704, 1.967264], [-76.282634, 1.967652], [-76.28423, 1.970025], [-76.283928, 1.970451], [-76.282066, 1.970434]]]}, "properties": {"NOMB_MPIO": "ISNOS", "NOMBRE_VER": "DIAMANTE", "AREA_HA": 296.060935286}},{"type": "Feature", "geometry": {"type": "Polygon", "coordinates": [[[-76.231417, 1.96913], [-76.225479, 1.968736], [-76.22348, 1.968345], [-76.223798, 1.966434], [-76.223362, 1.96555], [-76.220745, 1.964887], [-76.219263, 1.963727], [-76.218791, 1.960479], [-76.218151, 1.958968], [-76.218986, 1.95653], [-76.218497, 1.955511], [-76.21767, 1.955051], [-76.216596, 1.955015], [-76.2156, 1.953491], [-76.213364, 1.954018], [-76.212792, 1.952156], [-76.210943, 1.951727], [-76.210328, 1.95171], [-76.209747, 1.953239], [-76.209251, 1.953331], [-76.209174, 1.954511], [-76.209, 1.954211], [-76.208926, 1.952758], [-76.208245, 1.950777], [-76.208213, 1.949171], [-76.21327, 1.948738], [-76.2133, 1.947594], [-76.214524, 1.945409], [-76.216558, 1.945797], [-76.216474, 1.943083], [-76.215884, 1.942621], [-76.215943, 1.941976], [-76.215574, 1.941493], [-76.216253, 1.939728], [-76.215706, 1.939079], [-76.215736, 1.937829], [-76.214731, 1.934718], [-76.215187, 1.935298], [-76.215363, 1.934928], [-76.215106, 1.934681], [-76.216017, 1.934524], [-76.216194, 1.934791], [-76.216604, 1.934325], [-76.216781, 1.935102], [-76.217409, 1.935398], [-76.218246, 1.93681], [-76.217962, 1.937419], [-76.217105, 1.937011], [-76.217036, 1.937211], [-76.218901, 1.938205], [-76.219518, 1.938119], [-76.219782, 1.938728], [-76.220189, 1.938438], [-76.218324, 1.935697], [-76.217735, 1.933746], [-76.218588, 1.931876], [-76.220131, 1.93254], [-76.220421, 1.9316], [-76.220315, 1.93033], [-76.219058, 1.930279], [-76.219413, 1.929661], [-76.218821, 1.928461], [-76.219171, 1.928291], [-76.219794, 1.929299], [-76.221956, 1.930079], [-76.2236, 1.93115], [-76.224676, 1.931085], [-76.227073, 1.931783], [-76.227448, 1.932559], [-76.228706, 1.933671], [-76.230107, 1.936733], [-76.232739, 1.937664], [-76.233272, 1.939089], [-76.231907, 1.939235], [-76.232, 1.941109], [-76.229227, 1.941229], [-76.229186, 1.943291], [-76.228157, 1.943494], [-76.228113, 1.944277], [-76.228884, 1.94434], [-76.228964, 1.944936], [-76.230803, 1.944628], [-76.232367, 1.948643], [-76.231593, 1.948947], [-76.232192, 1.949352], [-76.233488, 1.94906], [-76.232938, 1.950646], [-76.234, 1.952339], [-76.233986, 1.953632], [-76.232037, 1.954016], [-76.232267, 1.954893], [-76.233834, 1.954914], [-76.234779, 1.955823], [-76.236922, 1.956353], [-76.237944, 1.957232], [-76.237932, 1.957547], [-76.239638, 1.95706], [-76.241197, 1.957113], [-76.243081, 1.958406], [-76.242714, 1.959015], [-76.241905, 1.959362], [-76.240454, 1.958485], [-76.239659, 1.959625], [-76.241988, 1.9613], [-76.23785, 1.96142], [-76.237739, 1.963131], [-76.234711, 1.963239], [-76.235706, 1.967309], [-76.234623, 1.968145], [-76.234927, 1.971318], [-76.231163, 1.970986], [-76.230963, 1.970564], [-76.231417, 1.96913]]]}, "properties": {"NOMB_MPIO": "ISNOS", "NOMBRE_VER": "PLOMADAS", "AREA_HA": 782.728852535}},{"type": "Feature", "geometry": {"type": "Polygon", "coordinates": [[[-76.265032, 1.971454], [-76.262761, 1.970825], [-76.261716, 1.971214], [-76.2615, 1.967342], [-76.259996, 1.966479], [-76.258608, 1.964126], [-76.258263, 1.964731], [-76.257726, 1.964587], [-76.255504, 1.965071], [-76.254162, 1.962323], [-76.252902, 1.961672], [-76.252079, 1.960666], [-76.252952, 1.959178], [-76.253315, 1.959938], [-76.253311, 1.960946], [-76.254296, 1.958949], [-76.253512, 1.957729], [-76.253835, 1.957343], [-76.25307, 1.956819], [-76.253072, 1.95595], [-76.254091, 1.955782], [-76.254265, 1.955165], [-76.254868, 1.955535], [-76.255486, 1.955264], [-76.255655, 1.954832], [-76.25669, 1.954669], [-76.257151, 1.953574], [-76.260645, 1.953299], [-76.260736, 1.950891], [-76.26137, 1.95068], [-76.261972, 1.949739], [-76.261979, 1.948964], [-76.263705, 1.94881], [-76.263936, 1.948821], [-76.263975, 1.94966], [-76.265556, 1.949584], [-76.265757, 1.949934], [-76.267762, 1.950037], [-76.268524, 1.950963], [-76.269909, 1.951554], [-76.269131, 1.952939], [-76.269537, 1.95313], [-76.269169, 1.95388], [-76.270193, 1.954705], [-76.27107, 1.954919], [-76.271789, 1.958252], [-76.27245, 1.959606], [-76.273207, 1.959879], [-76.273398, 1.960412], [-76.274861, 1.960494], [-76.273988, 1.961231], [-76.274149, 1.966157], [-76.272061, 1.964701], [-76.270792, 1.964337], [-76.270257, 1.963381], [-76.269069, 1.962991], [-76.268538, 1.963162], [-76.268267, 1.96337], [-76.269045, 1.96509], [-76.267322, 1.966542], [-76.266913, 1.965812], [-76.266557, 1.965641], [-76.266282, 1.96599], [-76.266026, 1.968183], [-76.264989, 1.970048], [-76.265349, 1.970083], [-76.265032, 1.971454]]]}, "properties": {"NOMB_MPIO": "ISNOS", "NOMBRE_VER": "ALTO JUNIN", "AREA_HA": 333.408225956}},{"type": "Feature", "geometry": {"type": "Polygon", "coordinates": [[[-76.274808, 1.976799], [-76.271712, 1.975819], [-76.268599, 1.975851], [-76.26872, 1.974965], [-76.267156, 1.976559], [-76.265468, 1.976701], [-76.265008, 1.976219], [-76.265142, 1.97512], [-76.264064, 1.974708], [-76.263502, 1.973879], [-76.262142, 1.97343], [-76.262441, 1.971005], [-76.262761, 1.970825], [-76.264089, 1.971426], [-76.265032, 1.971454], [-76.265349, 1.970083], [-76.264989, 1.970048], [-76.266026, 1.968183], [-76.266003, 1.966738], [-76.266508, 1.965674], [-76.266965, 1.965851], [-76.267322, 1.966542], [-76.269045, 1.96509], [-76.268267, 1.96337], [-76.268538, 1.963162], [-76.269069, 1.962991], [-76.270257, 1.963381], [-76.270792, 1.964337], [-76.272061, 1.964701], [-76.274149, 1.966157], [-76.274295, 1.967682], [-76.276239, 1.96757], [-76.276543, 1.968572], [-76.278633, 1.968999], [-76.279303, 1.968863], [-76.280412, 1.96967], [-76.28141, 1.969822], [-76.282117, 1.970474], [-76.281809, 1.97078], [-76.281658, 1.972058], [-76.280326, 1.972629], [-76.278761, 1.974006], [-76.27793, 1.976369], [-76.276256, 1.976074], [-76.274808, 1.976799]]]}, "properties": {"NOMB_MPIO": "ISNOS", "NOMBRE_VER": "PALMEIRAS", "AREA_HA": 188.515996387}},{"type": "Feature", "geometry": {"type": "Polygon", "coordinates": [[[-76.238891, 1.979348], [-76.23883, 1.978212], [-76.237291, 1.977441], [-76.238206, 1.97661], [-76.238019, 1.976019], [-76.23467, 1.975786], [-76.235922, 1.974787], [-76.236155, 1.973544], [-76.235952, 1.972288], [-76.236345, 1.97152], [-76.234927, 1.971318], [-76.234791, 1.970763], [-76.234623, 1.968145], [-76.235706, 1.967309], [-76.234711, 1.963239], [-76.237739, 1.963131], [-76.23785, 1.96142], [-76.241988, 1.9613], [-76.239659, 1.959625], [-76.240454, 1.958485], [-76.241905, 1.959362], [-76.242714, 1.959015], [-76.243081, 1.958406], [-76.247152, 1.958961], [-76.248145, 1.960018], [-76.249228, 1.960043], [-76.249194, 1.958877], [-76.25097, 1.958772], [-76.252952, 1.959178], [-76.252079, 1.960666], [-76.252902, 1.961672], [-76.254162, 1.962323], [-76.255504, 1.965071], [-76.254601, 1.966522], [-76.251729, 1.967109], [-76.24874, 1.968877], [-76.248429, 1.969439], [-76.247415, 1.968739], [-76.247141, 1.971075], [-76.246213, 1.971723], [-76.247099, 1.972964], [-76.24517, 1.972511], [-76.244953, 1.97276], [-76.245211, 1.973536], [-76.244575, 1.9744], [-76.24479, 1.975], [-76.244611, 1.976114], [-76.246028, 1.976223], [-76.246587, 1.979396], [-76.243934, 1.979962], [-76.240738, 1.97914], [-76.240547, 1.980818], [-76.239728, 1.981393], [-76.238891, 1.979348]]]}, "properties": {"NOMB_MPIO": "ISNOS", "NOMBRE_VER": "SILVANIA", "AREA_HA": 328.238779519}},{"type": "Feature", "geometry": {"type": "Polygon", "coordinates": [[[-76.255483, 1.986406], [-76.254141, 1.986913], [-76.251123, 1.986787], [-76.250657, 1.986314], [-76.249741, 1.987903], [-76.248314, 1.986677], [-76.246375, 1.986199], [-76.246288, 1.982994], [-76.24725, 1.983004], [-76.247696, 1.982404], [-76.247649, 1.979815], [-76.246716, 1.979901], [-76.246028, 1.976223], [-76.244979, 1.976318], [-76.24455, 1.975984], [-76.24479, 1.975], [-76.244575, 1.9744], [-76.245211, 1.973536], [-76.24504, 1.972597], [-76.245558, 1.972446], [-76.247126, 1.972901], [-76.246213, 1.971723], [-76.247141, 1.971075], [-76.247415, 1.968739], [-76.248429, 1.969439], [-76.24874, 1.968877], [-76.251729, 1.967109], [-76.254601, 1.966522], [-76.255504, 1.965071], [-76.257726, 1.964587], [-76.258263, 1.964731], [-76.258608, 1.964126], [-76.259996, 1.966479], [-76.2615, 1.967342], [-76.261716, 1.971214], [-76.262441, 1.971005], [-76.262481, 1.971254], [-76.262142, 1.97343], [-76.263502, 1.973879], [-76.264064, 1.974708], [-76.265142, 1.97512], [-76.265008, 1.976219], [-76.265468, 1.976701], [-76.267156, 1.976559], [-76.26872, 1.974965], [-76.268599, 1.975851], [-76.268828, 1.975903], [-76.272233, 1.975884], [-76.274808, 1.976799], [-76.276256, 1.976074], [-76.27793, 1.976369], [-76.277876, 1.978156], [-76.276668, 1.979351], [-76.276477, 1.979973], [-76.277123, 1.981923], [-76.276702, 1.982827], [-76.275975, 1.98264], [-76.274659, 1.980966], [-76.274372, 1.980978], [-76.27387, 1.981337], [-76.273738, 1.983059], [-76.272949, 1.984769], [-76.271825, 1.984613], [-76.270402, 1.983752], [-76.269636, 1.984135], [-76.269373, 1.984972], [-76.269455, 1.986619], [-76.268122, 1.985202], [-76.267118, 1.985149], [-76.265558, 1.985796], [-76.260753, 1.985995], [-76.259933, 1.987333], [-76.258128, 1.9891], [-76.255682, 1.987403], [-76.255483, 1.986406]]]}, "properties": {"NOMB_MPIO": "ISNOS", "NOMBRE_VER": "HORNITOS", "AREA_HA": 551.266967696}},{"type": "Feature", "geometry": {"type": "Polygon", "coordinates": [[[-76.220005, 1.990572], [-76.217982, 1.990401], [-76.218057, 1.989723], [-76.216513, 1.989702], [-76.215201, 1.988694], [-76.213413, 1.987916], [-76.213342, 1.985401], [-76.213755, 1.983273], [-76.213624, 1.979422], [-76.212459, 1.977979], [-76.212328, 1.977398], [-76.212878, 1.975556], [-76.213917, 1.974017], [-76.214297, 1.972128], [-76.215804, 1.972668], [-76.215964, 1.971517], [-76.215985, 1.969037], [-76.215037, 1.968711], [-76.214833, 1.965133], [-76.214123, 1.965101], [-76.213671, 1.962977], [-76.218989, 1.962244], [-76.219183, 1.963618], [-76.220636, 1.964827], [-76.22302, 1.965295], [-76.223618, 1.96584], [-76.223819, 1.966946], [-76.22348, 1.968345], [-76.223926, 1.968503], [-76.223887, 1.968915], [-76.224344, 1.9692], [-76.223923, 1.969501], [-76.224001, 1.970644], [-76.223733, 1.970686], [-76.224224, 1.973358], [-76.222541, 1.972972], [-76.222868, 1.976204], [-76.221867, 1.97627], [-76.22132, 1.975577], [-76.220279, 1.975016], [-76.220678, 1.976294], [-76.220507, 1.977578], [-76.222234, 1.978004], [-76.221699, 1.978945], [-76.221655, 1.981696], [-76.219771, 1.981802], [-76.219685, 1.982199], [-76.220108, 1.986839], [-76.221877, 1.986719], [-76.223901, 1.987314], [-76.223842, 1.988344], [-76.224451, 1.989605], [-76.220961, 1.989481], [-76.220005, 1.990572]]]}, "properties": {"NOMB_MPIO": "ISNOS", "NOMBRE_VER": "PROGRESO", "AREA_HA": 267.845268508}},{"type": "Feature", "geometry": {"type": "Polygon", "coordinates": [[[-76.209641, 2.005148], [-76.208524, 1.999475], [-76.208742, 1.998165], [-76.208214, 1.997776], [-76.208059, 1.994412], [-76.208315, 1.993964], [-76.207921, 1.992003], [-76.203409, 1.991349], [-76.203019, 1.982408], [-76.202376, 1.981931], [-76.201983, 1.980655], [-76.2029, 1.980276], [-76.202573, 1.973562], [-76.202895, 1.973396], [-76.202896, 1.972911], [-76.203968, 1.972908], [-76.203987, 1.973588], [-76.205867, 1.974627], [-76.206079, 1.975424], [-76.206878, 1.975877], [-76.206159, 1.97644], [-76.206099, 1.976922], [-76.20714, 1.977214], [-76.207598, 1.977809], [-76.206539, 1.979245], [-76.207401, 1.979368], [-76.208659, 1.980295], [-76.209849, 1.97974], [-76.210776, 1.98212], [-76.211251, 1.982242], [-76.212048, 1.983459], [-76.213624, 1.983973], [-76.213342, 1.985401], [-76.213413, 1.987916], [-76.215201, 1.988694], [-76.216513, 1.989702], [-76.218057, 1.989723], [-76.217982, 1.990401], [-76.220005, 1.990572], [-76.220961, 1.989481], [-76.224391, 1.989777], [-76.224576, 1.990303], [-76.224678, 1.991323], [-76.224121, 1.993368], [-76.222478, 1.995917], [-76.223916, 1.99743], [-76.224223, 1.998771], [-76.222881, 2.000969], [-76.220704, 2.003472], [-76.219535, 2.002965], [-76.21846, 2.003959], [-76.217942, 2.005923], [-76.217105, 2.005948], [-76.216832, 2.007179], [-76.215423, 2.006595], [-76.214421, 2.007226], [-76.213533, 2.006465], [-76.212958, 2.006874], [-76.211415, 2.007161], [-76.210361, 2.00705], [-76.209819, 2.008242], [-76.209641, 2.005148]]]}, "properties": {"NOMB_MPIO": "ISNOS", "NOMBRE_VER": "JERUSALEN", "AREA_HA": 447.945130313}},{"type": "Feature", "geometry": {"type": "Polygon", "coordinates": [[[-76.221587, 2.006934], [-76.219933, 2.007731], [-76.218958, 2.007179], [-76.217901, 2.005972], [-76.21846, 2.003959], [-76.219535, 2.002965], [-76.220704, 2.003472], [-76.222881, 2.000969], [-76.224223, 1.998771], [-76.223916, 1.99743], [-76.222478, 1.995917], [-76.224121, 1.993368], [-76.224678, 1.991323], [-76.224468, 1.989403], [-76.223842, 1.988344], [-76.223901, 1.987314], [-76.221877, 1.986719], [-76.220108, 1.986839], [-76.220005, 1.98655], [-76.219771, 1.981802], [-76.221655, 1.981696], [-76.221699, 1.978945], [-76.222234, 1.978004], [-76.220507, 1.977578], [-76.220678, 1.976294], [-76.220279, 1.975016], [-76.22132, 1.975577], [-76.221867, 1.97627], [-76.222868, 1.976204], [-76.222541, 1.972972], [-76.224224, 1.973358], [-76.223733, 1.970686], [-76.224001, 1.970644], [-76.223923, 1.969501], [-76.224344, 1.9692], [-76.223887, 1.968915], [-76.223922, 1.968501], [-76.231417, 1.96913], [-76.230963, 1.970564], [-76.231163, 1.970986], [-76.236345, 1.97152], [-76.235952, 1.972288], [-76.236155, 1.973544], [-76.235922, 1.974787], [-76.23467, 1.975786], [-76.238019, 1.976019], [-76.238206, 1.97661], [-76.237291, 1.977441], [-76.238904, 1.978335], [-76.238872, 1.979763], [-76.240471, 1.982799], [-76.240151, 1.984923], [-76.240793, 1.986986], [-76.238032, 1.988851], [-76.240495, 1.991915], [-76.240236, 1.992776], [-76.238918, 1.993408], [-76.239001, 1.995125], [-76.24031, 1.996293], [-76.240532, 1.997122], [-76.239928, 1.997799], [-76.238394, 1.998178], [-76.238093, 1.999074], [-76.236798, 1.999162], [-76.234819, 1.998557], [-76.230337, 2.000816], [-76.231172, 2.004293], [-76.232725, 2.003188], [-76.233747, 2.004021], [-76.233466, 2.005816], [-76.233241, 2.006245], [-76.229995, 2.008513], [-76.230137, 2.010452], [-76.227439, 2.012612], [-76.225282, 2.012975], [-76.224021, 2.012762], [-76.223091, 2.009283], [-76.222407, 2.008791], [-76.221587, 2.006934]]]}, "properties": {"NOMB_MPIO": "ISNOS", "NOMBRE_VER": "YARUMAL", "AREA_HA": 743.13181652}},{"type": "Feature", "geometry": {"type": "Polygon", "coordinates": [[[-76.257107, 2.01541], [-76.256547, 2.015576], [-76.256101, 2.015059], [-76.255645, 2.01501], [-76.254973, 2.015416], [-76.254761, 2.016343], [-76.254395, 2.016364], [-76.25451, 2.015232], [-76.25534, 2.014289], [-76.254568, 2.013675], [-76.254431, 2.0128], [-76.253724, 2.012443], [-76.253355, 2.011375], [-76.252602, 2.011294], [-76.252741, 2.01061], [-76.25189, 2.010905], [-76.251669, 2.01069], [-76.251938, 2.009121], [-76.252531, 2.00844], [-76.252215, 2.007884], [-76.250248, 2.008312], [-76.249063, 2.00906], [-76.248789, 2.009735], [-76.248012, 2.008783], [-76.247225, 2.008672], [-76.246398, 2.008979], [-76.246393, 2.007735], [-76.245737, 2.007496], [-76.245346, 2.008668], [-76.244365, 2.008746], [-76.24436, 2.009489], [-76.2438, 2.009452], [-76.243392, 2.009871], [-76.240753, 2.009311], [-76.240109, 2.010031], [-76.239114, 2.00978], [-76.238903, 2.010847], [-76.237969, 2.011352], [-76.236376, 2.013045], [-76.236231, 2.012266], [-76.235562, 2.011516], [-76.23573, 2.011062], [-76.235144, 2.010523], [-76.236421, 2.008739], [-76.235192, 2.008077], [-76.234973, 2.008881], [-76.234617, 2.009055], [-76.233829, 2.007418], [-76.232255, 2.006867], [-76.233377, 2.006129], [-76.233747, 2.004021], [-76.232725, 2.003188], [-76.231172, 2.004293], [-76.230337, 2.000816], [-76.234819, 1.998557], [-76.236798, 1.999162], [-76.238093, 1.999074], [-76.238394, 1.998178], [-76.239928, 1.997799], [-76.240532, 1.997122], [-76.24031, 1.996293], [-76.239001, 1.995125], [-76.238918, 1.993408], [-76.240236, 1.992776], [-76.240495, 1.991915], [-76.238032, 1.988851], [-76.240793, 1.986986], [-76.240151, 1.984923], [-76.240471, 1.982799], [-76.239728, 1.981393], [-76.240547, 1.980818], [-76.240738, 1.97914], [-76.243934, 1.979962], [-76.246578, 1.9794], [-76.246716, 1.979901], [-76.247649, 1.979815], [-76.247696, 1.982404], [-76.24725, 1.983004], [-76.246288, 1.982994], [-76.246375, 1.986199], [-76.248314, 1.986677], [-76.249741, 1.987903], [-76.250657, 1.986314], [-76.251123, 1.986787], [-76.254141, 1.986913], [-76.255392, 1.986373], [-76.255704, 1.986708], [-76.255682, 1.987403], [-76.258128, 1.9891], [-76.259933, 1.987333], [-76.260753, 1.985995], [-76.265558, 1.985796], [-76.267118, 1.985149], [-76.268122, 1.985202], [-76.269455, 1.986619], [-76.268345, 1.987651], [-76.268871, 1.989289], [-76.268381, 1.991047], [-76.268835, 1.993033], [-76.268617, 1.994954], [-76.269968, 1.998056], [-76.269512, 1.999075], [-76.269378, 2.000969], [-76.27033, 2.002016], [-76.272681, 2.003006], [-76.273033, 2.003777], [-76.268856, 2.00822], [-76.267621, 2.008855], [-76.265096, 2.008443], [-76.263341, 2.008706], [-76.263387, 2.008984], [-76.262423, 2.009642], [-76.26161, 2.010918], [-76.26112, 2.010312], [-76.260184, 2.009973], [-76.259438, 2.011624], [-76.259649, 2.014149], [-76.258703, 2.016958], [-76.257852, 2.017215], [-76.257476, 2.016988], [-76.257107, 2.01541]]]}, "properties": {"NOMB_MPIO": "ISNOS", "NOMBRE_VER": "SAN VICENTE", "AREA_HA": 1035.98469013}},{"type": "Feature", "geometry": {"type": "Polygon", "coordinates": [[[-76.223232, 2.023493], [-76.221864, 2.024069], [-76.221243, 2.022401], [-76.220045, 2.021595], [-76.217994, 2.02116], [-76.217136, 2.020515], [-76.215262, 2.020555], [-76.214141, 2.020117], [-76.213546, 2.018751], [-76.211175, 2.017441], [-76.21078, 2.016652], [-76.20995, 2.016592], [-76.209095, 2.015681], [-76.208446, 2.01558], [-76.207732, 2.014391], [-76.206199, 2.014149], [-76.205045, 2.013192], [-76.204597, 2.012099], [-76.203587, 2.012331], [-76.203084, 2.011995], [-76.201766, 2.010932], [-76.201884, 2.010215], [-76.200481, 2.010575], [-76.19975, 2.009933], [-76.199027, 2.010497], [-76.19745, 2.010384], [-76.198728, 2.008919], [-76.198963, 2.008057], [-76.19809, 2.005313], [-76.196822, 2.003907], [-76.194827, 2.003253], [-76.19371, 2.000959], [-76.192043, 2.001037], [-76.193246, 2.000196], [-76.198583, 1.999978], [-76.198238, 1.997943], [-76.199088, 1.9985], [-76.204564, 1.999848], [-76.204567, 2.003904], [-76.204978, 2.004506], [-76.206266, 2.004313], [-76.206226, 2.00241], [-76.207356, 2.001751], [-76.208894, 2.001774], [-76.209641, 2.005148], [-76.209819, 2.008242], [-76.210361, 2.00705], [-76.211415, 2.007161], [-76.212958, 2.006874], [-76.213533, 2.006465], [-76.214421, 2.007226], [-76.215423, 2.006595], [-76.216832, 2.007179], [-76.217105, 2.005948], [-76.218064, 2.006029], [-76.218958, 2.007179], [-76.219933, 2.007731], [-76.221587, 2.006934], [-76.222407, 2.008791], [-76.223091, 2.009283], [-76.224021, 2.012762], [-76.225282, 2.012975], [-76.227439, 2.012612], [-76.227352, 2.013506], [-76.227876, 2.014648], [-76.22707, 2.015383], [-76.228079, 2.015625], [-76.228711, 2.016235], [-76.228358, 2.017012], [-76.228486, 2.018325], [-76.2278, 2.018719], [-76.228217, 2.019062], [-76.227985, 2.020058], [-76.226825, 2.020966], [-76.22568, 2.02311], [-76.224808, 2.023877], [-76.224316, 2.024213], [-76.223232, 2.023493]]]}, "properties": {"NOMB_MPIO": "ISNOS", "NOMBRE_VER": "RIVERA", "AREA_HA": 464.401105643}},{"type": "Feature", "geometry": {"type": "Polygon", "coordinates": [[[-76.218795, 2.026697], [-76.218016, 2.02689], [-76.216893, 2.028543], [-76.215596, 2.029194], [-76.214836, 2.028899], [-76.214205, 2.028002], [-76.213395, 2.027489], [-76.210254, 2.027291], [-76.207263, 2.025907], [-76.205752, 2.026239], [-76.203893, 2.027644], [-76.202235, 2.026831], [-76.201236, 2.026797], [-76.199496, 2.02816], [-76.198837, 2.027677], [-76.198762, 2.026702], [-76.198008, 2.026207], [-76.196829, 2.025975], [-76.195699, 2.02632], [-76.195691, 2.023928], [-76.195219, 2.022225], [-76.196777, 2.0214], [-76.197447, 2.021912], [-76.199277, 2.019024], [-76.199241, 2.018648], [-76.198225, 2.017719], [-76.199019, 2.016475], [-76.198603, 2.013622], [-76.199368, 2.012748], [-76.199649, 2.010644], [-76.19945, 2.010058], [-76.199904, 2.009968], [-76.200481, 2.010575], [-76.201884, 2.010215], [-76.201766, 2.010932], [-76.203084, 2.011995], [-76.203587, 2.012331], [-76.204597, 2.012099], [-76.205045, 2.013192], [-76.206199, 2.014149], [-76.207732, 2.014391], [-76.208446, 2.01558], [-76.209095, 2.015681], [-76.20995, 2.016592], [-76.21078, 2.016652], [-76.211175, 2.017441], [-76.213546, 2.018751], [-76.214141, 2.020117], [-76.215262, 2.020555], [-76.217136, 2.020515], [-76.217994, 2.02116], [-76.219905, 2.021544], [-76.22094, 2.022104], [-76.221345, 2.022546], [-76.221715, 2.024006], [-76.223232, 2.023493], [-76.224316, 2.024213], [-76.225535, 2.023238], [-76.226238, 2.024548], [-76.226289, 2.025615], [-76.2291, 2.02889], [-76.229502, 2.032133], [-76.22918, 2.032186], [-76.229064, 2.032765], [-76.227543, 2.033217], [-76.226044, 2.03429], [-76.224866, 2.034376], [-76.22395, 2.034017], [-76.220643, 2.030689], [-76.219857, 2.029266], [-76.219776, 2.027645], [-76.218795, 2.026697]]]}, "properties": {"NOMB_MPIO": "ISNOS", "NOMBRE_VER": "JARRAS", "AREA_HA": 407.713265867}},{"type": "Feature", "geometry": {"type": "Polygon", "coordinates": [[[-76.29983, 2.054815], [-76.299392, 2.054012], [-76.300274, 2.053295], [-76.29869, 2.052013], [-76.29708, 2.0516], [-76.296193, 2.052539], [-76.295088, 2.052454], [-76.292273, 2.050537], [-76.289677, 2.047878], [-76.288561, 2.047896], [-76.28785, 2.046794], [-76.285665, 2.045389], [-76.285369, 2.044907], [-76.283817, 2.044872], [-76.282699, 2.044009], [-76.280983, 2.044505], [-76.280558, 2.044337], [-76.279689, 2.043355], [-76.279585, 2.042731], [-76.279148, 2.042403], [-76.278826, 2.042831], [-76.278633, 2.042653], [-76.278035, 2.041363], [-76.277723, 2.041156], [-76.277175, 2.041662], [-76.276851, 2.041472], [-76.276685, 2.040614], [-76.276038, 2.040296], [-76.276273, 2.039216], [-76.276074, 2.038998], [-76.275395, 2.039115], [-76.274037, 2.037616], [-76.273561, 2.037763], [-76.273461, 2.038426], [-76.273013, 2.038069], [-76.272208, 2.035789], [-76.273097, 2.035765], [-76.273073, 2.035215], [-76.273626, 2.034314], [-76.272589, 2.034052], [-76.272122, 2.033004], [-76.271528, 2.033464], [-76.270733, 2.03278], [-76.26977, 2.032673], [-76.269846, 2.031524], [-76.269354, 2.031733], [-76.268893, 2.031125], [-76.268219, 2.024523], [-76.267301, 2.025242], [-76.266907, 2.024887], [-76.267996, 2.023009], [-76.267868, 2.022131], [-76.266135, 2.021566], [-76.265011, 2.021828], [-76.263905, 2.020618], [-76.263404, 2.021245], [-76.263061, 2.021186], [-76.261936, 2.019689], [-76.261598, 2.019872], [-76.26177, 2.020484], [-76.261069, 2.020491], [-76.260246, 2.020322], [-76.259841, 2.019633], [-76.258781, 2.019446], [-76.259325, 2.018251], [-76.258896, 2.01775], [-76.259014, 2.017176], [-76.258694, 2.016697], [-76.259649, 2.014149], [-76.259396, 2.011897], [-76.260184, 2.009973], [-76.26112, 2.010312], [-76.26161, 2.010918], [-76.262423, 2.009642], [-76.263387, 2.008984], [-76.263341, 2.008706], [-76.265096, 2.008443], [-76.267621, 2.008855], [-76.268856, 2.00822], [-76.27224, 2.004512], [-76.272034, 2.005385], [-76.272357, 2.006032], [-76.273176, 2.006289], [-76.273633, 2.006918], [-76.273519, 2.008241], [-76.27409, 2.009487], [-76.274328, 2.011058], [-76.277459, 2.011553], [-76.279239, 2.012533], [-76.281123, 2.014694], [-76.282713, 2.014932], [-76.284845, 2.016169], [-76.28652, 2.014446], [-76.287396, 2.014741], [-76.288052, 2.015588], [-76.288661, 2.018139], [-76.290346, 2.021937], [-76.291726, 2.022727], [-76.292611, 2.022574], [-76.293811, 2.021794], [-76.294477, 2.02207], [-76.295219, 2.024145], [-76.295667, 2.024573], [-76.29758, 2.025201], [-76.298503, 2.026467], [-76.301044, 2.027904], [-76.301634, 2.028628], [-76.301872, 2.031578], [-76.303405, 2.031255], [-76.304594, 2.033139], [-76.305879, 2.032768], [-76.312561, 2.032996], [-76.313808, 2.031198], [-76.315292, 2.031188], [-76.316968, 2.030094], [-76.319204, 2.030208], [-76.320308, 2.03116], [-76.321155, 2.031464], [-76.321593, 2.032254], [-76.321412, 2.034243], [-76.321955, 2.034843], [-76.324096, 2.035804], [-76.324348, 2.038017], [-76.322051, 2.04145], [-76.32166, 2.043736], [-76.320768, 2.044859], [-76.319774, 2.048326], [-76.320004, 2.049791], [-76.321118, 2.051237], [-76.320174, 2.052494], [-76.321624, 2.054095], [-76.319748, 2.058226], [-76.315002, 2.056712], [-76.312826, 2.056525], [-76.310664, 2.055463], [-76.30901, 2.055605], [-76.307478, 2.054608], [-76.306798, 2.054537], [-76.305883, 2.055436], [-76.304598, 2.05602], [-76.304216, 2.057419], [-76.301346, 2.058327], [-76.300324, 2.057516], [-76.299704, 2.056376], [-76.29983, 2.054815]]]}, "properties": {"NOMB_MPIO": "ISNOS", "NOMBRE_VER": "PALOQUEMAO", "AREA_HA": 1907.5128735}},{"type": "Feature", "geometry": {"type": "Polygon", "coordinates": [[[-76.285581, 2.057514], [-76.282204, 2.058122], [-76.280992, 2.057991], [-76.28134, 2.054593], [-76.280994, 2.053983], [-76.278699, 2.054156], [-76.276975, 2.053285], [-76.273991, 2.052679], [-76.271915, 2.053775], [-76.270301, 2.053422], [-76.268964, 2.053947], [-76.265991, 2.053699], [-76.264683, 2.054066], [-76.264253, 2.055038], [-76.26352, 2.055471], [-76.262033, 2.05554], [-76.261491, 2.053901], [-76.258909, 2.051801], [-76.257794, 2.051585], [-76.255352, 2.05177], [-76.252893, 2.050399], [-76.250694, 2.050819], [-76.249706, 2.050097], [-76.248803, 2.048271], [-76.246056, 2.048454], [-76.245567, 2.047284], [-76.244721, 2.046489], [-76.244534, 2.044887], [-76.243679, 2.044717], [-76.242745, 2.045191], [-76.241962, 2.044641], [-76.241567, 2.042904], [-76.240079, 2.04082], [-76.23837, 2.037086], [-76.237108, 2.0367], [-76.235355, 2.03686], [-76.233983, 2.036348], [-76.232472, 2.035241], [-76.2305, 2.032944], [-76.229064, 2.032765], [-76.22918, 2.032186], [-76.229502, 2.032133], [-76.2291, 2.02889], [-76.226289, 2.025615], [-76.226238, 2.024548], [-76.225535, 2.023238], [-76.226618, 2.021222], [-76.227754, 2.020331], [-76.22823, 2.019529], [-76.228217, 2.019062], [-76.2278, 2.018719], [-76.228486, 2.018325], [-76.228358, 2.017012], [-76.228711, 2.016235], [-76.228079, 2.015625], [-76.22707, 2.015383], [-76.227876, 2.014648], [-76.227346, 2.012947], [-76.230137, 2.010452], [-76.229995, 2.008513], [-76.232255, 2.006867], [-76.233829, 2.007418], [-76.234617, 2.009055], [-76.234973, 2.008881], [-76.235192, 2.008077], [-76.236207, 2.008543], [-76.236421, 2.008739], [-76.235144, 2.010523], [-76.23573, 2.011062], [-76.235562, 2.011516], [-76.236231, 2.012266], [-76.236376, 2.013045], [-76.237969, 2.011352], [-76.238903, 2.010847], [-76.239114, 2.00978], [-76.240109, 2.010031], [-76.240753, 2.009311], [-76.243392, 2.009871], [-76.2438, 2.009452], [-76.24436, 2.009489], [-76.244365, 2.008746], [-76.245346, 2.008668], [-76.245737, 2.007496], [-76.246393, 2.007735], [-76.246398, 2.008979], [-76.247225, 2.008672], [-76.248012, 2.008783], [-76.248789, 2.009735], [-76.249063, 2.00906], [-76.250436, 2.008211], [-76.252045, 2.00785], [-76.252542, 2.008061], [-76.251938, 2.009121], [-76.251628, 2.010599], [-76.25189, 2.010905], [-76.252741, 2.01061], [-76.252602, 2.011294], [-76.253355, 2.011375], [-76.253799, 2.012547], [-76.25456, 2.012954], [-76.254568, 2.013675], [-76.25529, 2.014097], [-76.25451, 2.015232], [-76.254395, 2.016364], [-76.254761, 2.016343], [-76.254973, 2.015416], [-76.255645, 2.01501], [-76.256101, 2.015059], [-76.256547, 2.015576], [-76.256997, 2.01534], [-76.257476, 2.016988], [-76.259014, 2.017176], [-76.258896, 2.01775], [-76.259325, 2.018251], [-76.258764, 2.019082], [-76.258941, 2.01957], [-76.259841, 2.019633], [-76.260246, 2.020322], [-76.261069, 2.020491], [-76.26177, 2.020484], [-76.261598, 2.019872], [-76.261936, 2.019689], [-76.263061, 2.021186], [-76.263404, 2.021245], [-76.263905, 2.020618], [-76.265011, 2.021828], [-76.266135, 2.021566], [-76.267868, 2.022131], [-76.267996, 2.023009], [-76.266907, 2.024887], [-76.267301, 2.025242], [-76.268219, 2.024523], [-76.268893, 2.031125], [-76.269354, 2.031733], [-76.269846, 2.031524], [-76.26977, 2.032673], [-76.270733, 2.03278], [-76.271528, 2.033464], [-76.272122, 2.033004], [-76.272589, 2.034052], [-76.273626, 2.034314], [-76.273073, 2.035215], [-76.273097, 2.035765], [-76.272208, 2.035789], [-76.273013, 2.038069], [-76.273461, 2.038426], [-76.273561, 2.037763], [-76.274037, 2.037616], [-76.275395, 2.039115], [-76.276074, 2.038998], [-76.276273, 2.039216], [-76.276038, 2.040296], [-76.276685, 2.040614], [-76.276851, 2.041472], [-76.277175, 2.041662], [-76.277723, 2.041156], [-76.278035, 2.041363], [-76.278633, 2.042653], [-76.278826, 2.042831], [-76.279148, 2.042403], [-76.279585, 2.042731], [-76.279689, 2.043355], [-76.280558, 2.044337], [-76.280983, 2.044505], [-76.282699, 2.044009], [-76.283817, 2.044872], [-76.285369, 2.044907], [-76.285665, 2.045389], [-76.28785, 2.046794], [-76.288561, 2.047896], [-76.289677, 2.047878], [-76.291152, 2.049343], [-76.29051, 2.050306], [-76.290495, 2.050861], [-76.291661, 2.052902], [-76.289882, 2.055177], [-76.288469, 2.060044], [-76.28675, 2.058037], [-76.285581, 2.057514]]]}, "properties": {"NOMB_MPIO": "ISNOS", "NOMBRE_VER": "AGRADO", "AREA_HA": 2038.56157135}},{"type": "Feature", "geometry": {"type": "Polygon", "coordinates": [[[-76.366768, 2.116943], [-76.365499, 2.115915], [-76.365385, 2.114095], [-76.364286, 2.113503], [-76.363822, 2.112282], [-76.362358, 2.112674], [-76.361566, 2.112225], [-76.361152, 2.11124], [-76.360745, 2.111061], [-76.359689, 2.111033], [-76.358968, 2.110569], [-76.358204, 2.110847], [-76.356484, 2.110404], [-76.35572, 2.107956], [-76.354877, 2.107328], [-76.353907, 2.105101], [-76.354306, 2.104044], [-76.352772, 2.103801], [-76.351915, 2.102995], [-76.352172, 2.099297], [-76.35098, 2.098348], [-76.351101, 2.096942], [-76.350609, 2.096163], [-76.350494, 2.094058], [-76.349816, 2.093201], [-76.348888, 2.092823], [-76.348696, 2.09203], [-76.347939, 2.092087], [-76.347853, 2.091231], [-76.346333, 2.089246], [-76.345919, 2.087612], [-76.34639, 2.086291], [-76.345997, 2.08607], [-76.345626, 2.085142], [-76.345005, 2.085085], [-76.344527, 2.085577], [-76.34352, 2.085834], [-76.343099, 2.085506], [-76.343256, 2.08487], [-76.342528, 2.084863], [-76.342207, 2.084456], [-76.343192, 2.083864], [-76.343092, 2.083143], [-76.342507, 2.08295], [-76.34165, 2.083364], [-76.340922, 2.082244], [-76.340158, 2.082029], [-76.33948, 2.082429], [-76.339152, 2.083393], [-76.33878, 2.083407], [-76.338316, 2.082308], [-76.337731, 2.082365], [-76.33741, 2.082072], [-76.336446, 2.082236], [-76.336339, 2.081258], [-76.335654, 2.080816], [-76.335382, 2.079945], [-76.334769, 2.079688], [-76.334083, 2.080202], [-76.333441, 2.080031], [-76.333576, 2.078546], [-76.332484, 2.07811], [-76.332049, 2.076776], [-76.3299, 2.076576], [-76.329351, 2.076019], [-76.32793, 2.075641], [-76.327352, 2.076076], [-76.327238, 2.077068], [-76.325981, 2.07816], [-76.325767, 2.079688], [-76.32511, 2.079752], [-76.324518, 2.079367], [-76.32329, 2.079524], [-76.323547, 2.079003], [-76.324468, 2.078603], [-76.324446, 2.078296], [-76.322897, 2.078596], [-76.32137, 2.078146], [-76.319243, 2.079253], [-76.3191, 2.080152], [-76.317315, 2.079931], [-76.317051, 2.079381], [-76.318222, 2.079067], [-76.318279, 2.078781], [-76.316616, 2.078867], [-76.31613, 2.077853], [-76.315352, 2.078267], [-76.314496, 2.077754], [-76.31471, 2.076319], [-76.314089, 2.075926], [-76.313889, 2.07654], [-76.313503, 2.076597], [-76.312568, 2.076097], [-76.313396, 2.075334], [-76.313075, 2.074591], [-76.312554, 2.074905], [-76.31164, 2.074684], [-76.310855, 2.075733], [-76.310091, 2.075384], [-76.308856, 2.075448], [-76.308556, 2.07497], [-76.308799, 2.074427], [-76.308599, 2.07382], [-76.30897, 2.073706], [-76.30897, 2.073321], [-76.307443, 2.071457], [-76.306322, 2.07175], [-76.305144, 2.071265], [-76.304509, 2.071979], [-76.303681, 2.072029], [-76.303167, 2.071679], [-76.302724, 2.070722], [-76.300569, 2.069966], [-76.300583, 2.068902], [-76.299227, 2.06978], [-76.298798, 2.069452], [-76.298413, 2.068409], [-76.297506, 2.068688], [-76.296714, 2.067924], [-76.296178, 2.068074], [-76.296153, 2.06934], [-76.295095, 2.069102], [-76.294119, 2.068424], [-76.293774, 2.067044], [-76.292787, 2.066996], [-76.291882, 2.065759], [-76.290263, 2.065156], [-76.29011, 2.063311], [-76.288469, 2.060044], [-76.289882, 2.055177], [-76.291661, 2.052902], [-76.290495, 2.050861], [-76.29051, 2.050306], [-76.291152, 2.049343], [-76.292273, 2.050537], [-76.295508, 2.052656], [-76.296555, 2.052306], [-76.29708, 2.0516], [-76.298106, 2.051678], [-76.300052, 2.052963], [-76.300127, 2.053558], [-76.29951, 2.053704], [-76.299392, 2.054012], [-76.29983, 2.054815], [-76.299704, 2.056376], [-76.300324, 2.057516], [-76.301346, 2.058327], [-76.304216, 2.057419], [-76.304598, 2.05602], [-76.305883, 2.055436], [-76.306798, 2.054537], [-76.307478, 2.054608], [-76.30901, 2.055605], [-76.310664, 2.055463], [-76.312826, 2.056525], [-76.315002, 2.056712], [-76.319748, 2.058226], [-76.321624, 2.054095], [-76.320174, 2.052494], [-76.321118, 2.051237], [-76.320004, 2.049791], [-76.31977, 2.049001], [-76.320273, 2.046166], [-76.320768, 2.044859], [-76.32166, 2.043736], [-76.322051, 2.04145], [-76.324348, 2.038017], [-76.324096, 2.035804], [-76.325648, 2.036071], [-76.32679, 2.037042], [-76.329093, 2.037508], [-76.329312, 2.038564], [-76.331216, 2.038812], [-76.332206, 2.040211], [-76.332748, 2.040316], [-76.332815, 2.041953], [-76.333767, 2.042229], [-76.334518, 2.043181], [-76.336441, 2.043637], [-76.337298, 2.044199], [-76.338506, 2.046112], [-76.339582, 2.046036], [-76.340239, 2.04635], [-76.341076, 2.048168], [-76.342028, 2.048377], [-76.343161, 2.049738], [-76.344141, 2.049358], [-76.345331, 2.050119], [-76.344912, 2.052679], [-76.34574, 2.052794], [-76.347758, 2.053993], [-76.347463, 2.05741], [-76.348662, 2.060265], [-76.346968, 2.061236], [-76.346882, 2.061836], [-76.347815, 2.062654], [-76.349325, 2.065059], [-76.350667, 2.064638], [-76.352422, 2.065638], [-76.354315, 2.065608], [-76.356113, 2.066608], [-76.356999, 2.066415], [-76.361724, 2.067643], [-76.362681, 2.068414], [-76.363166, 2.07052], [-76.363573, 2.070998], [-76.366657, 2.071505], [-76.368391, 2.072397], [-76.371918, 2.075295], [-76.373303, 2.075545], [-76.374431, 2.076295], [-76.375466, 2.075567], [-76.375944, 2.076202], [-76.37715, 2.075766], [-76.378385, 2.076059], [-76.378956, 2.076766], [-76.378778, 2.077922], [-76.3778, 2.07925], [-76.377586, 2.080078], [-76.378999, 2.081706], [-76.379199, 2.082391], [-76.37805, 2.083797], [-76.376958, 2.084225], [-76.376958, 2.084818], [-76.378342, 2.08641], [-76.378871, 2.087695], [-76.379813, 2.088151], [-76.379941, 2.089029], [-76.380884, 2.088944], [-76.381026, 2.089408], [-76.381797, 2.089943], [-76.381933, 2.090357], [-76.381505, 2.091457], [-76.381897, 2.092292], [-76.382904, 2.092477], [-76.383325, 2.093091], [-76.38486, 2.093034], [-76.385438, 2.09357], [-76.384703, 2.09534], [-76.383361, 2.096068], [-76.384767, 2.097139], [-76.384439, 2.098117], [-76.385602, 2.098973], [-76.386002, 2.100108], [-76.385902, 2.100437], [-76.381469, 2.102685], [-76.381326, 2.103469], [-76.366768, 2.116943]]]}, "properties": {"NOMB_MPIO": "ISNOS", "NOMBRE_VER": "MARMOL", "AREA_HA": 3464.95794706}},{"type": "Feature", "geometry": {"type": "Polygon", "coordinates": [[[-76.360476, 2.270703], [-76.362349, 2.266693], [-76.36482, 2.26484], [-76.367556, 2.258486], [-76.37091, 2.254779], [-76.370733, 2.252926], [-76.371616, 2.250543], [-76.371162, 2.247968], [-76.371704, 2.24013], [-76.372559, 2.236723], [-76.375639, 2.23087], [-76.376222, 2.228516], [-76.376367, 2.226007], [-76.37516, 2.222196], [-76.374823, 2.217468], [-76.37656, 2.216165], [-76.377621, 2.213367], [-76.383217, 2.214139], [-76.383893, 2.213946], [-76.384617, 2.212788], [-76.384568, 2.209266], [-76.383893, 2.207433], [-76.37931, 2.199906], [-76.378393, 2.197735], [-76.378827, 2.190354], [-76.378345, 2.186205], [-76.377717, 2.184757], [-76.376415, 2.183213], [-76.372941, 2.180801], [-76.370963, 2.17781], [-76.369323, 2.176121], [-76.368406, 2.173709], [-76.367827, 2.173082], [-76.36609, 2.173323], [-76.365064, 2.171398], [-76.365302, 2.164664], [-76.366016, 2.162713], [-76.36882, 2.158491], [-76.372351, 2.15496], [-76.37919, 2.151376], [-76.374772, 2.149566], [-76.373666, 2.148424], [-76.372188, 2.145818], [-76.370924, 2.144797], [-76.369168, 2.144026], [-76.365856, 2.144205], [-76.365228, 2.143355], [-76.365164, 2.142734], [-76.364393, 2.142541], [-76.364507, 2.141763], [-76.363965, 2.141064], [-76.36415, 2.138937], [-76.363593, 2.136167], [-76.364072, 2.134982], [-76.363779, 2.133768], [-76.36405, 2.132698], [-76.364778, 2.13177], [-76.36485, 2.130777], [-76.365871, 2.129764], [-76.365928, 2.126944], [-76.367598, 2.125831], [-76.368683, 2.123925], [-76.368269, 2.122354], [-76.368897, 2.119906], [-76.367734, 2.118399], [-76.367512, 2.117486], [-76.366768, 2.116943], [-76.381326, 2.103469], [-76.380991, 2.104413], [-76.381512, 2.105769], [-76.381826, 2.108046], [-76.382326, 2.108981], [-76.382297, 2.112415], [-76.382863, 2.113166], [-76.382811, 2.113871], [-76.385831, 2.114899], [-76.387087, 2.11572], [-76.387451, 2.117419], [-76.390321, 2.119717], [-76.390842, 2.123786], [-76.391277, 2.124379], [-76.39294, 2.125364], [-76.39536, 2.127798], [-76.395503, 2.129511], [-76.395874, 2.130061], [-76.396638, 2.130339], [-76.396395, 2.131103], [-76.395203, 2.131974], [-76.395389, 2.132766], [-76.395168, 2.13348], [-76.396474, 2.13328], [-76.396895, 2.133573], [-76.398751, 2.136543], [-76.398915, 2.138449], [-76.39985, 2.140519], [-76.401028, 2.141175], [-76.401499, 2.142739], [-76.401578, 2.145194], [-76.401148, 2.145759], [-76.400039, 2.145512], [-76.399608, 2.145711], [-76.399783, 2.147284], [-76.400738, 2.147896], [-76.40158, 2.147047], [-76.402997, 2.147116], [-76.403316, 2.147584], [-76.404346, 2.147309], [-76.405051, 2.14857], [-76.405819, 2.148364], [-76.406037, 2.148764], [-76.406605, 2.148895], [-76.406537, 2.149488], [-76.407123, 2.150181], [-76.406842, 2.150699], [-76.407117, 2.150892], [-76.407342, 2.150405], [-76.407598, 2.150455], [-76.408478, 2.152072], [-76.407317, 2.153127], [-76.409055, 2.15505], [-76.408944, 2.155558], [-76.407605, 2.156374], [-76.408746, 2.157349], [-76.408492, 2.158038], [-76.408802, 2.158292], [-76.408762, 2.159085], [-76.410078, 2.159426], [-76.410965, 2.158649], [-76.411552, 2.158815], [-76.412543, 2.1596], [-76.412963, 2.160392], [-76.414294, 2.160313], [-76.414825, 2.161177], [-76.415412, 2.161344], [-76.415776, 2.161098], [-76.416688, 2.161653], [-76.417195, 2.163056], [-76.418939, 2.163436], [-76.419169, 2.163951], [-76.418662, 2.164284], [-76.418828, 2.164902], [-76.419533, 2.16499], [-76.419914, 2.165655], [-76.421, 2.165552], [-76.42157, 2.165846], [-76.423393, 2.168485], [-76.423631, 2.169769], [-76.425589, 2.172963], [-76.426098, 2.178707], [-76.424891, 2.18337], [-76.424487, 2.183877], [-76.425002, 2.184638], [-76.424662, 2.185566], [-76.424891, 2.187151], [-76.424186, 2.187523], [-76.422308, 2.190345], [-76.419478, 2.191811], [-76.417235, 2.192309], [-76.414404, 2.194331], [-76.40886, 2.196877], [-76.406391, 2.198627], [-76.404732, 2.200541], [-76.403179, 2.203564], [-76.40249, 2.207184], [-76.40243, 2.209945], [-76.400978, 2.213891], [-76.4003, 2.216996], [-76.400407, 2.219209], [-76.399051, 2.2216], [-76.398051, 2.224884], [-76.397445, 2.228346], [-76.397445, 2.231059], [-76.395267, 2.234913], [-76.394268, 2.23577], [-76.3892, 2.242123], [-76.389205, 2.244714], [-76.391241, 2.246068], [-76.391241, 2.247324], [-76.39048, 2.249703], [-76.389376, 2.251283], [-76.388215, 2.260421], [-76.38732, 2.26181], [-76.386007, 2.262514], [-76.386064, 2.264018], [-76.385093, 2.268511], [-76.384065, 2.269596], [-76.380524, 2.271233], [-76.377022, 2.275782], [-76.373767, 2.279089], [-76.368447, 2.279089], [-76.365126, 2.278342], [-76.363465, 2.277346], [-76.362635, 2.27444], [-76.360476, 2.270703]]]}, "properties": {"NOMB_MPIO": "ISNOS", "NOMBRE_VER": "PARQUE NAL NATURAL DEL PURACE", "AREA_HA": 6135.3341909}},{"type": "Feature", "geometry": {"type": "Polygon", "coordinates": [[[-76.299064, 2.282487], [-76.295044, 2.277918], [-76.292851, 2.276547], [-76.291023, 2.275908], [-76.28883, 2.274263], [-76.285906, 2.273989], [-76.284901, 2.274537], [-76.277413, 2.271972], [-76.276114, 2.271042], [-76.274441, 2.269263], [-76.27322, 2.266772], [-76.27022, 2.262128], [-76.266004, 2.260877], [-76.263805, 2.258431], [-76.261978, 2.255748], [-76.255753, 2.250058], [-76.252898, 2.249245], [-76.249647, 2.246747], [-76.24933, 2.245563], [-76.249546, 2.243264], [-76.248563, 2.241132], [-76.246208, 2.23846], [-76.243969, 2.234467], [-76.241783, 2.231349], [-76.239498, 2.229205], [-76.238839, 2.227977], [-76.23365, 2.226594], [-76.23257, 2.225874], [-76.231755, 2.224718], [-76.224606, 2.21799], [-76.223628, 2.215597], [-76.221118, 2.212988], [-76.219505, 2.207618], [-76.217419, 2.206017], [-76.213526, 2.205874], [-76.2127, 2.205437], [-76.211844, 2.204533], [-76.211295, 2.203256], [-76.210906, 2.200812], [-76.20927, 2.198403], [-76.208215, 2.197996], [-76.207581, 2.196853], [-76.204287, 2.195459], [-76.202767, 2.194192], [-76.20302, 2.191785], [-76.204414, 2.186971], [-76.202894, 2.182352], [-76.196921, 2.178063], [-76.196038, 2.178466], [-76.195076, 2.178466], [-76.194595, 2.177659], [-76.19211, 2.175559], [-76.190347, 2.173299], [-76.188104, 2.167004], [-76.187463, 2.166358], [-76.185538, 2.166599], [-76.183131, 2.168131], [-76.182169, 2.16813], [-76.180645, 2.16708], [-76.181048, 2.16474], [-76.182975, 2.160788], [-76.182655, 2.158851], [-76.181613, 2.157317], [-76.180571, 2.157236], [-76.178085, 2.155863], [-76.17616, 2.155539], [-76.172311, 2.155456], [-76.170546, 2.15602], [-76.16838, 2.155776], [-76.167825, 2.156144], [-76.165381, 2.154168], [-76.164082, 2.152426], [-76.161926, 2.151541], [-76.160399, 2.151655], [-76.159528, 2.152454], [-76.1581, 2.152269], [-76.155573, 2.152497], [-76.152861, 2.151812], [-76.150762, 2.151883], [-76.146707, 2.152769], [-76.14625, 2.153268], [-76.145845, 2.154688], [-76.143713, 2.15721], [-76.142923, 2.15878], [-76.142513, 2.15898], [-76.142285, 2.159523], [-76.142475, 2.160189], [-76.137859, 2.164034], [-76.137478, 2.164815], [-76.13765, 2.165881], [-76.136603, 2.166718], [-76.136317, 2.168127], [-76.13507, 2.168336], [-76.133616, 2.170504], [-76.131204, 2.172331], [-76.130247, 2.171731], [-76.129462, 2.171889], [-76.129162, 2.172203], [-76.129533, 2.174587], [-76.129219, 2.174701], [-76.128391, 2.173802], [-76.127463, 2.174016], [-76.127692, 2.176157], [-76.126064, 2.176843], [-76.12555, 2.177685], [-76.125579, 2.17877], [-76.124522, 2.179469], [-76.124479, 2.180326], [-76.12258, 2.180883], [-76.122009, 2.182268], [-76.121267, 2.18291], [-76.120896, 2.18281], [-76.120824, 2.182196], [-76.119982, 2.181211], [-76.118797, 2.180869], [-76.116841, 2.181283], [-76.116042, 2.180255], [-76.114443, 2.180155], [-76.114771, 2.17887], [-76.113972, 2.178242], [-76.113829, 2.177185], [-76.113243, 2.176942], [-76.113003, 2.175585], [-76.112348, 2.17436], [-76.112317, 2.173403], [-76.111185, 2.171671], [-76.107172, 2.169734], [-76.1061, 2.168121], [-76.104375, 2.167018], [-76.104725, 2.161744], [-76.103013, 2.16146], [-76.099873, 2.159799], [-76.101356, 2.159511], [-76.108084, 2.156632], [-76.109907, 2.155424], [-76.112129, 2.152896], [-76.113098, 2.152551], [-76.113952, 2.150885], [-76.115148, 2.149621], [-76.117257, 2.148241], [-76.119137, 2.146057], [-76.127, 2.13893], [-76.131147, 2.136701], [-76.134601, 2.13397], [-76.138233, 2.130271], [-76.137244, 2.127645], [-76.139972, 2.12519], [-76.142173, 2.12394], [-76.150231, 2.118085], [-76.151038, 2.117169], [-76.151681, 2.11044], [-76.155802, 2.110469], [-76.158116, 2.110073], [-76.159927, 2.109011], [-76.160807, 2.109011], [-76.164704, 2.110278], [-76.168098, 2.110913], [-76.16948, 2.112685], [-76.171615, 2.11686], [-76.171609, 2.127233], [-76.172991, 2.128878], [-76.17626, 2.129892], [-76.188456, 2.129899], [-76.194993, 2.13142], [-76.197758, 2.133193], [-76.200021, 2.135218], [-76.201276, 2.137875], [-76.201778, 2.140658], [-76.203033, 2.144074], [-76.203031, 2.147363], [-76.203532, 2.151032], [-76.205165, 2.153436], [-76.209438, 2.158498], [-76.213585, 2.161157], [-76.217607, 2.164322], [-76.220874, 2.167866], [-76.224897, 2.170524], [-76.239103, 2.174833], [-76.244258, 2.175848], [-76.249538, 2.17623], [-76.252681, 2.17737], [-76.25507, 2.177372], [-76.257334, 2.176867], [-76.260729, 2.177375], [-76.262489, 2.178008], [-76.264877, 2.179148], [-76.271036, 2.184338], [-76.27355, 2.185098], [-76.278075, 2.188136], [-76.287378, 2.192442], [-76.288761, 2.193455], [-76.289101, 2.196043], [-76.290043, 2.198394], [-76.292751, 2.199509], [-76.300191, 2.204275], [-76.302996, 2.207741], [-76.304697, 2.208878], [-76.308242, 2.210416], [-76.310729, 2.210795], [-76.312094, 2.210437], [-76.314529, 2.21181], [-76.314528, 2.213581], [-76.315701, 2.215062], [-76.318192, 2.217142], [-76.32119, 2.218265], [-76.323075, 2.22067], [-76.3232, 2.222441], [-76.325461, 2.225984], [-76.328226, 2.229274], [-76.330741, 2.230414], [-76.331936, 2.231211], [-76.3325, 2.232059], [-76.336225, 2.232738], [-76.337319, 2.235402], [-76.342485, 2.238272], [-76.343535, 2.239832], [-76.346961, 2.248511], [-76.346809, 2.251043], [-76.347075, 2.252794], [-76.349169, 2.255916], [-76.352482, 2.257243], [-76.353552, 2.259659], [-76.354239, 2.263948], [-76.356136, 2.265472], [-76.358097, 2.26787], [-76.358566, 2.269036], [-76.360476, 2.270703], [-76.353335, 2.270869], [-76.35209, 2.271035], [-76.350761, 2.271783], [-76.348602, 2.272115], [-76.343787, 2.272115], [-76.340548, 2.273277], [-76.336191, 2.27548], [-76.333238, 2.277735], [-76.32538, 2.279928], [-76.323279, 2.281116], [-76.320446, 2.280933], [-76.319258, 2.280385], [-76.318162, 2.280385], [-76.314232, 2.281573], [-76.308293, 2.281299], [-76.305643, 2.28203], [-76.304273, 2.282852], [-76.303907, 2.283401], [-76.302902, 2.283675], [-76.299064, 2.282487]]]}, "properties": {"NOMB_MPIO": "LA ARGENTINA", "NOMBRE_VER": "CAMPO ALEGRE", "AREA_HA": 15420.9622229}},{"type": "Feature", "geometry": {"type": "Polygon", "coordinates": [[[-76.18161, 2.043082], [-76.181207, 2.041972], [-76.179941, 2.041774], [-76.178717, 2.040846], [-76.177601, 2.038463], [-76.177982, 2.037276], [-76.179067, 2.036645], [-76.179343, 2.035641], [-76.18058, 2.03434], [-76.1804, 2.032875], [-76.181875, 2.032293], [-76.18275, 2.032322], [-76.183549, 2.032925], [-76.1837, 2.034332], [-76.184318, 2.035098], [-76.186001, 2.035807], [-76.188644, 2.038163], [-76.189605, 2.038441], [-76.192567, 2.038456], [-76.192731, 2.034418], [-76.193464, 2.03348], [-76.193807, 2.031758], [-76.19454, 2.031414], [-76.197822, 2.031415], [-76.198716, 2.030995], [-76.199401, 2.030277], [-76.201236, 2.026797], [-76.202235, 2.026831], [-76.203893, 2.027644], [-76.205752, 2.026239], [-76.207263, 2.025907], [-76.210254, 2.027291], [-76.213395, 2.027489], [-76.214205, 2.028002], [-76.214836, 2.028899], [-76.215596, 2.029194], [-76.216893, 2.028543], [-76.218016, 2.02689], [-76.21905, 2.02677], [-76.219776, 2.027645], [-76.219954, 2.02953], [-76.221246, 2.031478], [-76.223612, 2.033805], [-76.224866, 2.034376], [-76.225793, 2.03437], [-76.223715, 2.038283], [-76.222466, 2.039754], [-76.221252, 2.042912], [-76.220285, 2.04269], [-76.219786, 2.042235], [-76.219097, 2.040728], [-76.217718, 2.040727], [-76.217338, 2.038932], [-76.216744, 2.038406], [-76.214389, 2.039457], [-76.213532, 2.040964], [-76.212033, 2.042303], [-76.212152, 2.043475], [-76.213198, 2.04417], [-76.211485, 2.04582], [-76.209344, 2.04656], [-76.208845, 2.046057], [-76.208703, 2.044454], [-76.208251, 2.043976], [-76.205969, 2.043209], [-76.205684, 2.041964], [-76.204519, 2.042538], [-76.2039, 2.043375], [-76.202947, 2.0467], [-76.198239, 2.046195], [-76.196383, 2.047869], [-76.19448, 2.048897], [-76.194123, 2.048801], [-76.194052, 2.048131], [-76.193244, 2.047771], [-76.192674, 2.046694], [-76.192368, 2.041], [-76.189657, 2.04119], [-76.185115, 2.040422], [-76.183949, 2.042287], [-76.182522, 2.043387], [-76.18161, 2.043082]]]}, "properties": {"NOMB_MPIO": "SALADOBLANCO", "NOMBRE_VER": "VISTA HERMOSA", "AREA_HA": 679.896214144}},{"type": "Feature", "geometry": {"type": "Polygon", "coordinates": [[[-76.10987, 2.078767], [-76.121732, 2.072736], [-76.125441, 2.070528], [-76.125169, 2.069977], [-76.127411, 2.068494], [-76.130883, 2.067682], [-76.134296, 2.067541], [-76.134962, 2.067111], [-76.136199, 2.065604], [-76.13525, 2.062577], [-76.135429, 2.060568], [-76.137629, 2.061012], [-76.13814, 2.060868], [-76.138509, 2.060258], [-76.141588, 2.061014], [-76.143348, 2.061015], [-76.143681, 2.060704], [-76.14367, 2.05824], [-76.142828, 2.054806], [-76.147252, 2.053589], [-76.1466, 2.050586], [-76.142391, 2.050715], [-76.140714, 2.051659], [-76.136516, 2.0518], [-76.134471, 2.052253], [-76.134472, 2.051512], [-76.133201, 2.048616], [-76.132488, 2.048065], [-76.131465, 2.047993], [-76.131645, 2.046211], [-76.132121, 2.045385], [-76.135106, 2.043509], [-76.13474, 2.039286], [-76.136598, 2.042552], [-76.137853, 2.043687], [-76.139936, 2.044248], [-76.143945, 2.044322], [-76.14617, 2.0454], [-76.148267, 2.046837], [-76.148509, 2.047669], [-76.151104, 2.050384], [-76.152374, 2.050815], [-76.154357, 2.050443], [-76.154829, 2.049683], [-76.156784, 2.049081], [-76.156783, 2.0501], [-76.15584, 2.052037], [-76.155754, 2.053487], [-76.154868, 2.056128], [-76.153923, 2.060678], [-76.156063, 2.061942], [-76.157062, 2.062173], [-76.158146, 2.061886], [-76.163842, 2.057325], [-76.164027, 2.058387], [-76.163055, 2.061056], [-76.162883, 2.062607], [-76.160185, 2.064845], [-76.161197, 2.065793], [-76.162053, 2.065535], [-76.163324, 2.064559], [-76.164224, 2.063052], [-76.165451, 2.062824], [-76.167662, 2.064031], [-76.17043, 2.064267], [-76.170786, 2.065583], [-76.171594, 2.066181], [-76.172022, 2.06611], [-76.173022, 2.063957], [-76.175092, 2.062236], [-76.177827, 2.06061], [-76.179755, 2.058865], [-76.179802, 2.058506], [-76.18142, 2.05767], [-76.180707, 2.056952], [-76.179518, 2.056664], [-76.178496, 2.05573], [-76.178497, 2.05463], [-76.178949, 2.053338], [-76.179022, 2.050634], [-76.178428, 2.049581], [-76.177596, 2.0486], [-76.176812, 2.048504], [-76.176478, 2.049006], [-76.175789, 2.049006], [-76.175766, 2.047666], [-76.172509, 2.04575], [-76.172344, 2.042927], [-76.172844, 2.042688], [-76.174506, 2.045727], [-76.175172, 2.045847], [-76.176243, 2.045345], [-76.177598, 2.046207], [-76.17981, 2.04506], [-76.181618, 2.043076], [-76.182522, 2.043387], [-76.183949, 2.042287], [-76.185115, 2.040422], [-76.189657, 2.04119], [-76.192368, 2.041], [-76.192674, 2.046694], [-76.193244, 2.047771], [-76.194052, 2.048131], [-76.194123, 2.048801], [-76.19448, 2.048897], [-76.196383, 2.047869], [-76.198239, 2.046195], [-76.202947, 2.0467], [-76.2039, 2.043375], [-76.204519, 2.042538], [-76.205684, 2.041964], [-76.205969, 2.043209], [-76.208251, 2.043976], [-76.208703, 2.044454], [-76.208845, 2.046057], [-76.209344, 2.04656], [-76.211485, 2.04582], [-76.213198, 2.04417], [-76.212152, 2.043475], [-76.212033, 2.042303], [-76.213532, 2.040964], [-76.214389, 2.039457], [-76.216744, 2.038406], [-76.217338, 2.038932], [-76.217718, 2.040727], [-76.219097, 2.040728], [-76.220285, 2.04269], [-76.222184, 2.042986], [-76.222327, 2.044106], [-76.223297, 2.044278], [-76.223882, 2.043317], [-76.225637, 2.043346], [-76.227506, 2.044883], [-76.229872, 2.04866], [-76.230885, 2.048374], [-76.231213, 2.049608], [-76.232225, 2.050341], [-76.233195, 2.051676], [-76.233508, 2.053012], [-76.235419, 2.054405], [-76.235533, 2.055367], [-76.23519, 2.056788], [-76.236159, 2.059042], [-76.236258, 2.061138], [-76.235944, 2.06154], [-76.232261, 2.063332], [-76.230107, 2.062743], [-76.225055, 2.064161], [-76.223828, 2.064089], [-76.221218, 2.063283], [-76.220233, 2.063556], [-76.217964, 2.063425], [-76.214383, 2.064471], [-76.212043, 2.063709], [-76.210645, 2.063708], [-76.208033, 2.064425], [-76.206007, 2.064179], [-76.205536, 2.06504], [-76.205647, 2.069864], [-76.204748, 2.07127], [-76.203834, 2.07216], [-76.201753, 2.072873], [-76.200183, 2.073889], [-76.199339, 2.073661], [-76.19878, 2.072668], [-76.198043, 2.072704], [-76.197983, 2.073804], [-76.19885, 2.075443], [-76.197755, 2.076747], [-76.197004, 2.08067], [-76.197597, 2.084307], [-76.196502, 2.084988], [-76.196348, 2.085419], [-76.197297, 2.088888], [-76.19594, 2.091196], [-76.194727, 2.092177], [-76.1933, 2.092678], [-76.191052, 2.092952], [-76.189768, 2.092521], [-76.183978, 2.091704], [-76.175644, 2.089223], [-76.174099, 2.089186], [-76.170972, 2.087414], [-76.169522, 2.087437], [-76.168083, 2.088118], [-76.165978, 2.08838], [-76.163373, 2.090041], [-76.162529, 2.090017], [-76.162172, 2.089538], [-76.16234, 2.087708], [-76.159084, 2.084452], [-76.158811, 2.083986], [-76.158918, 2.082562], [-76.158609, 2.082239], [-76.158098, 2.082203], [-76.156491, 2.085181], [-76.155444, 2.086257], [-76.153827, 2.086184], [-76.152665, 2.081147], [-76.151311, 2.078239], [-76.149802, 2.076899], [-76.145844, 2.074815], [-76.140338, 2.076283], [-76.123398, 2.082967], [-76.118639, 2.089392], [-76.113088, 2.093555], [-76.112595, 2.092619], [-76.111282, 2.092219], [-76.110739, 2.089878], [-76.108954, 2.089192], [-76.110068, 2.08638], [-76.109368, 2.083881], [-76.110125, 2.080069], [-76.10987, 2.078767]]]}, "properties": {"NOMB_MPIO": "SALADOBLANCO", "NOMBRE_VER": "MORELIA", "AREA_HA": 3927.34513047}},{"type": "Feature", "geometry": {"type": "Polygon", "coordinates": [[[-76.222496, 2.117435], [-76.22208, 2.117459], [-76.220627, 2.12076], [-76.219569, 2.121238], [-76.211875, 2.121927], [-76.208034, 2.121901], [-76.207666, 2.121518], [-76.207859, 2.116231], [-76.207444, 2.114974], [-76.207422, 2.110644], [-76.206567, 2.109364], [-76.206699, 2.107234], [-76.196221, 2.110889], [-76.194199, 2.111869], [-76.192392, 2.111844], [-76.191751, 2.110611], [-76.191918, 2.108865], [-76.191051, 2.107309], [-76.191468, 2.105288], [-76.190982, 2.10378], [-76.191815, 2.10262], [-76.191791, 2.101508], [-76.190948, 2.100287], [-76.190687, 2.098732], [-76.191818, 2.096519], [-76.192021, 2.095311], [-76.189928, 2.092555], [-76.191052, 2.092952], [-76.193716, 2.092595], [-76.19594, 2.091196], [-76.196975, 2.089702], [-76.197333, 2.088482], [-76.196348, 2.085419], [-76.196502, 2.084988], [-76.197597, 2.084307], [-76.197004, 2.08067], [-76.197755, 2.076747], [-76.19885, 2.075443], [-76.197983, 2.073804], [-76.198043, 2.072704], [-76.19878, 2.072668], [-76.199339, 2.073661], [-76.200183, 2.073889], [-76.201753, 2.072873], [-76.203834, 2.07216], [-76.204748, 2.07127], [-76.205647, 2.069864], [-76.205536, 2.06504], [-76.206007, 2.064179], [-76.208033, 2.064425], [-76.210645, 2.063708], [-76.212043, 2.063709], [-76.214383, 2.064471], [-76.217964, 2.063425], [-76.220233, 2.063556], [-76.221218, 2.063283], [-76.223828, 2.064089], [-76.225055, 2.064161], [-76.230107, 2.062743], [-76.232261, 2.063332], [-76.235944, 2.06154], [-76.236258, 2.061138], [-76.236159, 2.059042], [-76.23519, 2.056788], [-76.235439, 2.054568], [-76.24305, 2.055379], [-76.243549, 2.05587], [-76.244155, 2.057915], [-76.24596, 2.061063], [-76.248387, 2.063377], [-76.247274, 2.06464], [-76.244676, 2.066893], [-76.24165, 2.068728], [-76.23728, 2.0751], [-76.236296, 2.07487], [-76.235525, 2.07507], [-76.233841, 2.076763], [-76.233327, 2.076935], [-76.2321, 2.076432], [-76.231415, 2.076747], [-76.230788, 2.075168], [-76.229802, 2.077522], [-76.228005, 2.075813], [-76.227649, 2.074678], [-76.22735, 2.074549], [-76.226765, 2.074477], [-76.225166, 2.07561], [-76.223397, 2.075781], [-76.223254, 2.076384], [-76.223894, 2.07861], [-76.225506, 2.080548], [-76.226376, 2.080463], [-76.22629, 2.081482], [-76.226618, 2.081626], [-76.227803, 2.080794], [-76.229629, 2.080335], [-76.230086, 2.079847], [-76.232926, 2.079849], [-76.234096, 2.079132], [-76.237034, 2.08189], [-76.237889, 2.084015], [-76.237874, 2.085393], [-76.23923, 2.085063], [-76.244395, 2.085497], [-76.245678, 2.08633], [-76.247318, 2.088254], [-76.245804, 2.091268], [-76.243663, 2.092286], [-76.239898, 2.090447], [-76.233377, 2.090185], [-76.234175, 2.09152], [-76.235017, 2.092243], [-76.235605, 2.095354], [-76.23511, 2.095641], [-76.234215, 2.097076], [-76.232189, 2.097697], [-76.232654, 2.09875], [-76.232348, 2.102367], [-76.231148, 2.1043], [-76.22954, 2.10583], [-76.227684, 2.106776], [-76.225048, 2.108765], [-76.224391, 2.109577], [-76.225318, 2.109876], [-76.226816, 2.109817], [-76.228088, 2.111373], [-76.229693, 2.111924], [-76.230382, 2.113145], [-76.232403, 2.113696], [-76.232878, 2.114917], [-76.235041, 2.117358], [-76.23611, 2.119297], [-76.237714, 2.121284], [-76.235538, 2.121773], [-76.235156, 2.123471], [-76.235334, 2.124058], [-76.234632, 2.126007], [-76.232562, 2.127011], [-76.231896, 2.128267], [-76.231253, 2.128613], [-76.228376, 2.128468], [-76.226105, 2.127127], [-76.225464, 2.126146], [-76.223789, 2.122604], [-76.222496, 2.117435]]]}, "properties": {"NOMB_MPIO": "SALADOBLANCO", "NOMBRE_VER": "EL PALMAR", "AREA_HA": 2781.93828312}},{"type": "Feature", "geometry": {"type": "Polygon", "coordinates": [[[-76.314528, 2.213581], [-76.314529, 2.21181], [-76.312961, 2.210741], [-76.312094, 2.210437], [-76.310729, 2.210795], [-76.308242, 2.210416], [-76.304697, 2.208878], [-76.302996, 2.207741], [-76.300191, 2.204275], [-76.292751, 2.199509], [-76.290043, 2.198394], [-76.289101, 2.196043], [-76.288761, 2.193455], [-76.287378, 2.192442], [-76.278075, 2.188136], [-76.27355, 2.185098], [-76.271036, 2.184338], [-76.264877, 2.179148], [-76.260729, 2.177375], [-76.257334, 2.176867], [-76.25507, 2.177372], [-76.252681, 2.17737], [-76.249538, 2.17623], [-76.244258, 2.175848], [-76.239103, 2.174833], [-76.224897, 2.170524], [-76.220874, 2.167866], [-76.217607, 2.164322], [-76.213585, 2.161157], [-76.209438, 2.158498], [-76.205165, 2.153436], [-76.203532, 2.151032], [-76.203031, 2.147363], [-76.203033, 2.144074], [-76.201778, 2.140658], [-76.201276, 2.137875], [-76.200021, 2.135218], [-76.197758, 2.133193], [-76.194993, 2.13142], [-76.188456, 2.129899], [-76.17626, 2.129892], [-76.172991, 2.128878], [-76.171609, 2.127233], [-76.171615, 2.11686], [-76.16948, 2.112685], [-76.168098, 2.110913], [-76.164704, 2.110278], [-76.160807, 2.109011], [-76.159927, 2.109011], [-76.158116, 2.110073], [-76.155802, 2.110469], [-76.151681, 2.11044], [-76.151038, 2.117169], [-76.150231, 2.118085], [-76.14976, 2.117437], [-76.145934, 2.116361], [-76.144849, 2.115743], [-76.143297, 2.113991], [-76.139009, 2.112302], [-76.138331, 2.111648], [-76.137914, 2.109566], [-76.137081, 2.108566], [-76.13254, 2.108809], [-76.131697, 2.108452], [-76.130127, 2.10838], [-76.127114, 2.109451], [-76.125301, 2.109408], [-76.124902, 2.108809], [-76.124787, 2.107367], [-76.122503, 2.105297], [-76.12226, 2.103012], [-76.12079, 2.101171], [-76.118092, 2.098743], [-76.116578, 2.099143], [-76.115964, 2.099886], [-76.115422, 2.099829], [-76.115736, 2.096845], [-76.115579, 2.09496], [-76.115022, 2.094418], [-76.113751, 2.094361], [-76.113088, 2.093555], [-76.118639, 2.089392], [-76.123398, 2.082967], [-76.140338, 2.076283], [-76.145844, 2.074815], [-76.149802, 2.076899], [-76.151311, 2.078239], [-76.152665, 2.081147], [-76.153827, 2.086184], [-76.155444, 2.086257], [-76.156491, 2.085181], [-76.158098, 2.082203], [-76.158609, 2.082239], [-76.158918, 2.082562], [-76.158811, 2.083986], [-76.159084, 2.084452], [-76.16234, 2.087708], [-76.162172, 2.089538], [-76.162529, 2.090017], [-76.163373, 2.090041], [-76.165978, 2.08838], [-76.168083, 2.088118], [-76.169522, 2.087437], [-76.170972, 2.087414], [-76.174099, 2.089186], [-76.175644, 2.089223], [-76.183978, 2.091704], [-76.189928, 2.092555], [-76.192021, 2.095311], [-76.191818, 2.096519], [-76.190687, 2.098732], [-76.190948, 2.100287], [-76.191791, 2.101508], [-76.191815, 2.10262], [-76.190982, 2.10378], [-76.191468, 2.105288], [-76.191051, 2.107309], [-76.191918, 2.108865], [-76.191751, 2.110611], [-76.192392, 2.111844], [-76.194199, 2.111869], [-76.196221, 2.110889], [-76.206699, 2.107234], [-76.206567, 2.109364], [-76.207422, 2.110644], [-76.207444, 2.114974], [-76.207859, 2.116231], [-76.207666, 2.121518], [-76.208034, 2.121901], [-76.211875, 2.121927], [-76.219569, 2.121238], [-76.220627, 2.12076], [-76.22102, 2.12021], [-76.222282, 2.117315], [-76.223042, 2.119098], [-76.223789, 2.122604], [-76.226105, 2.127127], [-76.228376, 2.128468], [-76.231574, 2.128458], [-76.232562, 2.127011], [-76.234632, 2.126007], [-76.235334, 2.124058], [-76.235156, 2.123471], [-76.235538, 2.121773], [-76.237714, 2.121284], [-76.23611, 2.119297], [-76.235041, 2.117358], [-76.232878, 2.114917], [-76.232403, 2.113696], [-76.230382, 2.113145], [-76.229693, 2.111924], [-76.228088, 2.111373], [-76.226816, 2.109817], [-76.225318, 2.109876], [-76.224391, 2.109577], [-76.225048, 2.108765], [-76.227684, 2.106776], [-76.22954, 2.10583], [-76.231148, 2.1043], [-76.232348, 2.102367], [-76.232654, 2.09875], [-76.232189, 2.097697], [-76.234215, 2.097076], [-76.23511, 2.095641], [-76.235605, 2.095354], [-76.235017, 2.092243], [-76.234175, 2.09152], [-76.233377, 2.090185], [-76.239898, 2.090447], [-76.243663, 2.092286], [-76.245804, 2.091268], [-76.247318, 2.088254], [-76.245678, 2.08633], [-76.244395, 2.085497], [-76.23923, 2.085063], [-76.237874, 2.085393], [-76.237889, 2.084015], [-76.237034, 2.08189], [-76.234096, 2.079132], [-76.232926, 2.079849], [-76.230086, 2.079847], [-76.229629, 2.080335], [-76.227803, 2.080794], [-76.226618, 2.081626], [-76.22629, 2.081482], [-76.226376, 2.080463], [-76.225506, 2.080548], [-76.223894, 2.07861], [-76.223353, 2.077231], [-76.223397, 2.075781], [-76.225166, 2.07561], [-76.226765, 2.074477], [-76.22735, 2.074549], [-76.227649, 2.074678], [-76.228005, 2.075813], [-76.229802, 2.077522], [-76.230788, 2.075168], [-76.231415, 2.076747], [-76.2321, 2.076432], [-76.233327, 2.076935], [-76.233841, 2.076763], [-76.235525, 2.07507], [-76.236296, 2.07487], [-76.23728, 2.0751], [-76.24165, 2.068728], [-76.244676, 2.066893], [-76.248387, 2.063377], [-76.24596, 2.061063], [-76.244155, 2.057915], [-76.243549, 2.05587], [-76.24305, 2.055379], [-76.235439, 2.054568], [-76.233508, 2.053012], [-76.233195, 2.051676], [-76.232225, 2.050341], [-76.231213, 2.049608], [-76.230885, 2.048374], [-76.229872, 2.04866], [-76.227506, 2.044883], [-76.225637, 2.043346], [-76.223882, 2.043317], [-76.223297, 2.044278], [-76.222897, 2.04435], [-76.222213, 2.043933], [-76.222184, 2.042986], [-76.221252, 2.042912], [-76.222466, 2.039754], [-76.223715, 2.038283], [-76.225793, 2.03437], [-76.227783, 2.03311], [-76.229551, 2.032702], [-76.231178, 2.033448], [-76.232472, 2.035241], [-76.233983, 2.036348], [-76.235355, 2.03686], [-76.237108, 2.0367], [-76.23837, 2.037086], [-76.240079, 2.04082], [-76.241567, 2.042904], [-76.241962, 2.044641], [-76.242745, 2.045191], [-76.243679, 2.044717], [-76.244534, 2.044887], [-76.244721, 2.046489], [-76.245567, 2.047284], [-76.245952, 2.048357], [-76.246849, 2.048574], [-76.248803, 2.048271], [-76.249706, 2.050097], [-76.250427, 2.050715], [-76.25136, 2.050835], [-76.252893, 2.050399], [-76.255352, 2.05177], [-76.257794, 2.051585], [-76.258909, 2.051801], [-76.261491, 2.053901], [-76.262033, 2.05554], [-76.262463, 2.055617], [-76.26352, 2.055471], [-76.264253, 2.055038], [-76.264683, 2.054066], [-76.265991, 2.053699], [-76.268964, 2.053947], [-76.270301, 2.053422], [-76.271915, 2.053775], [-76.273991, 2.052679], [-76.276975, 2.053285], [-76.278699, 2.054156], [-76.280994, 2.053983], [-76.28134, 2.054593], [-76.280992, 2.057991], [-76.282204, 2.058122], [-76.285581, 2.057514], [-76.28675, 2.058037], [-76.287919, 2.05917], [-76.289044, 2.060957], [-76.29011, 2.063311], [-76.290263, 2.065156], [-76.291882, 2.065759], [-76.292787, 2.066996], [-76.293774, 2.067044], [-76.294119, 2.068424], [-76.295095, 2.069102], [-76.296153, 2.06934], [-76.296178, 2.068074], [-76.296714, 2.067924], [-76.297506, 2.068688], [-76.298413, 2.068409], [-76.298798, 2.069452], [-76.299227, 2.06978], [-76.300583, 2.068902], [-76.300569, 2.069966], [-76.302724, 2.070722], [-76.303167, 2.071679], [-76.303681, 2.072029], [-76.304509, 2.071979], [-76.305144, 2.071265], [-76.306322, 2.07175], [-76.307443, 2.071457], [-76.30897, 2.073321], [-76.30897, 2.073706], [-76.308599, 2.07382], [-76.308799, 2.074427], [-76.308556, 2.07497], [-76.308856, 2.075448], [-76.310091, 2.075384], [-76.310855, 2.075733], [-76.31164, 2.074684], [-76.312554, 2.074905], [-76.313075, 2.074591], [-76.313396, 2.075334], [-76.312568, 2.076097], [-76.313503, 2.076597], [-76.313889, 2.07654], [-76.314089, 2.075926], [-76.31471, 2.076319], [-76.314496, 2.077754], [-76.315352, 2.078267], [-76.31613, 2.077853], [-76.316616, 2.078867], [-76.318279, 2.078781], [-76.318222, 2.079067], [-76.317051, 2.079381], [-76.317315, 2.079931], [-76.3191, 2.080152], [-76.319243, 2.079253], [-76.32137, 2.078146], [-76.322897, 2.078596], [-76.324446, 2.078296], [-76.324468, 2.078603], [-76.323547, 2.079003], [-76.32329, 2.079524], [-76.324518, 2.079367], [-76.32511, 2.079752], [-76.325767, 2.079688], [-76.325981, 2.07816], [-76.327238, 2.077068], [-76.327352, 2.076076], [-76.32793, 2.075641], [-76.329351, 2.076019], [-76.3299, 2.076576], [-76.332049, 2.076776], [-76.332484, 2.07811], [-76.333576, 2.078546], [-76.333441, 2.080031], [-76.334083, 2.080202], [-76.334769, 2.079688], [-76.335382, 2.079945], [-76.335654, 2.080816], [-76.336339, 2.081258], [-76.336446, 2.082236], [-76.33741, 2.082072], [-76.337731, 2.082365], [-76.338316, 2.082308], [-76.33878, 2.083407], [-76.339152, 2.083393], [-76.33948, 2.082429], [-76.340158, 2.082029], [-76.340922, 2.082244], [-76.34165, 2.083364], [-76.342885, 2.083015], [-76.343192, 2.083864], [-76.342207, 2.084456], [-76.342528, 2.084863], [-76.343256, 2.08487], [-76.343099, 2.085506], [-76.34352, 2.085834], [-76.344527, 2.085577], [-76.345005, 2.085085], [-76.345626, 2.085142], [-76.345997, 2.08607], [-76.34639, 2.086291], [-76.345919, 2.087612], [-76.346333, 2.089246], [-76.347853, 2.091231], [-76.347939, 2.092087], [-76.348696, 2.09203], [-76.348888, 2.092823], [-76.349816, 2.093201], [-76.350494, 2.094058], [-76.350609, 2.096163], [-76.351101, 2.096942], [-76.35098, 2.098348], [-76.352172, 2.099297], [-76.351915, 2.102995], [-76.352772, 2.103801], [-76.354306, 2.104044], [-76.353907, 2.105101], [-76.354877, 2.107328], [-76.35572, 2.107956], [-76.356484, 2.110404], [-76.358204, 2.110847], [-76.358968, 2.110569], [-76.359689, 2.111033], [-76.360745, 2.111061], [-76.361152, 2.11124], [-76.361566, 2.112225], [-76.362358, 2.112674], [-76.363822, 2.112282], [-76.364286, 2.113503], [-76.365385, 2.114095], [-76.365499, 2.115915], [-76.365956, 2.116365], [-76.366492, 2.116394], [-76.367512, 2.117486], [-76.367734, 2.118399], [-76.368897, 2.119906], [-76.368269, 2.122354], [-76.368697, 2.123532], [-76.368483, 2.124474], [-76.367855, 2.125067], [-76.367598, 2.125831], [-76.365928, 2.126944], [-76.365871, 2.129764], [-76.36485, 2.130777], [-76.364778, 2.13177], [-76.36405, 2.132698], [-76.363779, 2.133768], [-76.364107, 2.134668], [-76.363593, 2.136167], [-76.364164, 2.139294], [-76.363829, 2.14055], [-76.364507, 2.141763], [-76.364393, 2.142541], [-76.365164, 2.142734], [-76.365228, 2.143355], [-76.366106, 2.144298], [-76.369168, 2.144026], [-76.370924, 2.144797], [-76.372188, 2.145818], [-76.373666, 2.148424], [-76.374772, 2.149566], [-76.37919, 2.151376], [-76.372351, 2.15496], [-76.36882, 2.158491], [-76.366016, 2.162713], [-76.365302, 2.164664], [-76.365064, 2.171398], [-76.36609, 2.173323], [-76.367827, 2.173082], [-76.368406, 2.173709], [-76.369323, 2.176121], [-76.370963, 2.17781], [-76.372941, 2.180801], [-76.376415, 2.183213], [-76.377717, 2.184757], [-76.378345, 2.186205], [-76.378827, 2.190354], [-76.378393, 2.197735], [-76.37931, 2.199906], [-76.383893, 2.207433], [-76.384568, 2.209266], [-76.384617, 2.212788], [-76.383893, 2.213946], [-76.383217, 2.214139], [-76.377621, 2.213367], [-76.37656, 2.216165], [-76.374823, 2.217468], [-76.37516, 2.222196], [-76.376367, 2.226007], [-76.376222, 2.228516], [-76.375639, 2.23087], [-76.372559, 2.236723], [-76.371704, 2.24013], [-76.371162, 2.247968], [-76.371616, 2.250543], [-76.370733, 2.252926], [-76.37091, 2.254779], [-76.367556, 2.258486], [-76.36482, 2.26484], [-76.362349, 2.266693], [-76.360476, 2.270703], [-76.358566, 2.269036], [-76.358097, 2.26787], [-76.356136, 2.265472], [-76.354239, 2.263948], [-76.353552, 2.259659], [-76.352482, 2.257243], [-76.349169, 2.255916], [-76.347075, 2.252794], [-76.346809, 2.251043], [-76.346961, 2.248511], [-76.343535, 2.239832], [-76.342485, 2.238272], [-76.337319, 2.235402], [-76.336225, 2.232738], [-76.3325, 2.232059], [-76.331936, 2.231211], [-76.330741, 2.230414], [-76.328226, 2.229274], [-76.325461, 2.225984], [-76.3232, 2.222441], [-76.323075, 2.22067], [-76.32119, 2.218265], [-76.318192, 2.217142], [-76.315701, 2.215062], [-76.314528, 2.213581]]]}, "properties": {"NOMB_MPIO": "SALADOBLANCO", "NOMBRE_VER": "BUENOS AIRES", "AREA_HA": 28628.5279117}},{"type": "Feature", "geometry": {"type": "Polygon", "coordinates": [[[-76.309966, 1.963134], [-76.307588, 1.963343], [-76.303803, 1.962327], [-76.303384, 1.962595], [-76.301691, 1.962077], [-76.300644, 1.962823], [-76.300071, 1.962581], [-76.299727, 1.961289], [-76.300204, 1.959004], [-76.297517, 1.957017], [-76.297244, 1.956239], [-76.296733, 1.956741], [-76.296293, 1.956239], [-76.2964, 1.955461], [-76.295687, 1.955461], [-76.295141, 1.95448], [-76.294439, 1.953977], [-76.294915, 1.953463], [-76.294404, 1.952936], [-76.294238, 1.952003], [-76.294845, 1.951285], [-76.294583, 1.950867], [-76.293716, 1.950615], [-76.293502, 1.949921], [-76.294168, 1.94912], [-76.294168, 1.94845], [-76.293538, 1.947935], [-76.293741, 1.947708], [-76.29342, 1.947194], [-76.292195, 1.947109], [-76.290163, 1.94456], [-76.289451, 1.942777], [-76.289439, 1.941581], [-76.288964, 1.940791], [-76.288156, 1.939786], [-76.284899, 1.93787], [-76.284233, 1.938301], [-76.281983, 1.938567], [-76.28203, 1.937978], [-76.281571, 1.937077], [-76.282208, 1.935497], [-76.282208, 1.933227], [-76.282639, 1.931518], [-76.282041, 1.93064], [-76.283844, 1.930239], [-76.284201, 1.92988], [-76.284587, 1.928631], [-76.284317, 1.926708], [-76.284931, 1.925818], [-76.286258, 1.925517], [-76.287028, 1.925847], [-76.286556, 1.928101], [-76.28784, 1.928762], [-76.288254, 1.928403], [-76.288983, 1.926293], [-76.289924, 1.925921], [-76.29068, 1.926481], [-76.291421, 1.928634], [-76.292577, 1.929094], [-76.293247, 1.929052], [-76.293661, 1.928478], [-76.293348, 1.926496], [-76.293605, 1.926123], [-76.295232, 1.925894], [-76.296986, 1.926613], [-76.297372, 1.92634], [-76.298143, 1.924417], [-76.299285, 1.923958], [-76.300669, 1.924174], [-76.303236, 1.92663], [-76.302521, 1.928238], [-76.302549, 1.92953], [-76.303762, 1.930837], [-76.304004, 1.932028], [-76.303675, 1.932229], [-76.302734, 1.931827], [-76.302748, 1.932616], [-76.304259, 1.936076], [-76.304002, 1.936507], [-76.304472, 1.937067], [-76.304305, 1.93834], [-76.303791, 1.939187], [-76.305245, 1.941269], [-76.305916, 1.941341], [-76.307145, 1.940454], [-76.307759, 1.943245], [-76.307687, 1.944666], [-76.307201, 1.945972], [-76.30556, 1.945957], [-76.304775, 1.947565], [-76.304973, 1.950924], [-76.305636, 1.952459], [-76.307101, 1.953455], [-76.307481, 1.95422], [-76.308318, 1.954106], [-76.308584, 1.954374], [-76.308736, 1.954719], [-76.308508, 1.954872], [-76.309915, 1.956499], [-76.310047, 1.957763], [-76.311528, 1.958235], [-76.311527, 1.961795], [-76.311146, 1.962407], [-76.309966, 1.963134]]]}, "properties": {"NOMB_MPIO": "SAN AGUSTÍN", "NOMBRE_VER": "OBANDO", "AREA_HA": 711.909179533}},{"type": "Feature", "geometry": {"type": "Polygon", "coordinates": [[[-76.369765, 1.966043], [-76.367732, 1.965492], [-76.366365, 1.965671], [-76.36583, 1.9653], [-76.365117, 1.96445], [-76.364442, 1.962097], [-76.362026, 1.961177], [-76.359249, 1.960621], [-76.357994, 1.959472], [-76.357258, 1.959371], [-76.359292, 1.953696], [-76.360739, 1.951476], [-76.365934, 1.948473], [-76.366581, 1.947459], [-76.369892, 1.945182], [-76.371225, 1.943881], [-76.374784, 1.937873], [-76.375261, 1.935519], [-76.377107, 1.934065], [-76.377583, 1.933318], [-76.377279, 1.932151], [-76.377679, 1.930466], [-76.381294, 1.929434], [-76.382893, 1.927521], [-76.38335, 1.926449], [-76.383256, 1.922659], [-76.386738, 1.921972], [-76.38904, 1.92092], [-76.392236, 1.920423], [-76.392987, 1.920636], [-76.393462, 1.922467], [-76.393426, 1.923101], [-76.392672, 1.924085], [-76.392785, 1.926018], [-76.394003, 1.927071], [-76.394059, 1.929043], [-76.395923, 1.929024], [-76.39598, 1.930154], [-76.394553, 1.93111], [-76.396492, 1.934843], [-76.395863, 1.935992], [-76.395596, 1.937886], [-76.395634, 1.938307], [-76.396452, 1.938959], [-76.396661, 1.940241], [-76.39436, 1.947968], [-76.393504, 1.9486], [-76.392876, 1.949633], [-76.391435, 1.949977], [-76.391919, 1.950867], [-76.391491, 1.951915], [-76.389707, 1.953938], [-76.389279, 1.953967], [-76.388465, 1.954814], [-76.387608, 1.956062], [-76.38708, 1.956478], [-76.384512, 1.956463], [-76.384169, 1.957023], [-76.384368, 1.959061], [-76.383626, 1.960341], [-76.383198, 1.960418], [-76.382684, 1.959805], [-76.381552, 1.959891], [-76.38023, 1.96124], [-76.379688, 1.960933], [-76.378755, 1.961182], [-76.377195, 1.962865], [-76.37573, 1.963219], [-76.375149, 1.963955], [-76.375106, 1.96516], [-76.373499, 1.965937], [-76.372381, 1.965973], [-76.37213, 1.967779], [-76.370787, 1.96724], [-76.369765, 1.966043]]]}, "properties": {"NOMB_MPIO": "SAN AGUSTÍN", "NOMBRE_VER": "CHONTILLAL", "AREA_HA": 1129.52853783}},{"type": "Feature", "geometry": {"type": "Polygon", "coordinates": [[[-76.339238, 1.958094], [-76.33901, 1.956357], [-76.33697, 1.956744], [-76.336542, 1.955882], [-76.335359, 1.954791], [-76.335231, 1.953714], [-76.334503, 1.953484], [-76.332963, 1.951345], [-76.330809, 1.949477], [-76.330511, 1.947281], [-76.32887, 1.946964], [-76.328456, 1.947452], [-76.326259, 1.947193], [-76.32596, 1.946934], [-76.32616, 1.945915], [-76.325746, 1.945915], [-76.325233, 1.944666], [-76.322622, 1.944909], [-76.321424, 1.944047], [-76.320325, 1.943888], [-76.319455, 1.944189], [-76.318813, 1.943888], [-76.317415, 1.942021], [-76.315718, 1.941216], [-76.314305, 1.941187], [-76.314177, 1.941416], [-76.313107, 1.94087], [-76.312465, 1.942033], [-76.311737, 1.942578], [-76.310139, 1.941084], [-76.308371, 1.940165], [-76.308199, 1.940452], [-76.307172, 1.940437], [-76.305916, 1.941341], [-76.305245, 1.941269], [-76.303791, 1.939187], [-76.304305, 1.93834], [-76.304472, 1.937067], [-76.304002, 1.936507], [-76.304259, 1.936076], [-76.303731, 1.934382], [-76.302748, 1.932616], [-76.302734, 1.931827], [-76.303675, 1.932229], [-76.304004, 1.932028], [-76.303762, 1.930837], [-76.302549, 1.92953], [-76.302521, 1.928238], [-76.303195, 1.926747], [-76.307463, 1.926739], [-76.309775, 1.926266], [-76.309301, 1.922653], [-76.309765, 1.921672], [-76.311085, 1.921721], [-76.312323, 1.922644], [-76.313001, 1.922453], [-76.313572, 1.920491], [-76.316925, 1.920122], [-76.32079, 1.91748], [-76.321551, 1.917516], [-76.322739, 1.920423], [-76.324212, 1.92241], [-76.324781, 1.922759], [-76.327995, 1.923067], [-76.328052, 1.924732], [-76.328622, 1.925374], [-76.331209, 1.925528], [-76.33412, 1.926333], [-76.334819, 1.927658], [-76.335353, 1.930817], [-76.336791, 1.932337], [-76.336814, 1.934311], [-76.33654, 1.934657], [-76.336742, 1.936428], [-76.336337, 1.93772], [-76.336491, 1.938832], [-76.337204, 1.939933], [-76.338286, 1.940125], [-76.338405, 1.939695], [-76.338976, 1.939456], [-76.342091, 1.939696], [-76.342614, 1.939158], [-76.343576, 1.940809], [-76.344504, 1.941444], [-76.346122, 1.939136], [-76.346894, 1.939148], [-76.34939, 1.941901], [-76.350523, 1.944718], [-76.351855, 1.945101], [-76.352844, 1.94602], [-76.353566, 1.946059], [-76.355336, 1.945333], [-76.358289, 1.948673], [-76.359944, 1.949319], [-76.364031, 1.949353], [-76.360739, 1.951476], [-76.359292, 1.953696], [-76.355788, 1.963705], [-76.354493, 1.965791], [-76.352551, 1.970154], [-76.351347, 1.971839], [-76.349777, 1.970277], [-76.347532, 1.969109], [-76.347571, 1.967501], [-76.347229, 1.966927], [-76.344928, 1.964629], [-76.342798, 1.963096], [-76.342789, 1.962632], [-76.343474, 1.962274], [-76.343503, 1.961355], [-76.341677, 1.960938], [-76.340779, 1.958971], [-76.339238, 1.958094]]]}, "properties": {"NOMB_MPIO": "SAN AGUSTÍN", "NOMBRE_VER": "JABON", "AREA_HA": 1470.24698021}},{"type": "Feature", "geometry": {"type": "Polygon", "coordinates": [[[-76.323809, 1.976386], [-76.322878, 1.97428], [-76.321395, 1.972078], [-76.317573, 1.96932], [-76.316698, 1.968152], [-76.314893, 1.963174], [-76.315369, 1.962065], [-76.314837, 1.96128], [-76.314723, 1.960208], [-76.31402, 1.959231], [-76.314286, 1.9586], [-76.313925, 1.958236], [-76.312536, 1.958484], [-76.310047, 1.957763], [-76.309915, 1.956499], [-76.308508, 1.954872], [-76.308736, 1.954719], [-76.308584, 1.954374], [-76.308318, 1.954106], [-76.307481, 1.95422], [-76.307101, 1.953455], [-76.305636, 1.952459], [-76.305142, 1.951521], [-76.304775, 1.947565], [-76.30556, 1.945957], [-76.307201, 1.945972], [-76.307687, 1.944666], [-76.307759, 1.943245], [-76.307172, 1.940437], [-76.308199, 1.940452], [-76.308371, 1.940165], [-76.30897, 1.940395], [-76.311737, 1.942578], [-76.312465, 1.942033], [-76.313107, 1.94087], [-76.314177, 1.941416], [-76.314305, 1.941187], [-76.315718, 1.941216], [-76.317415, 1.942021], [-76.318813, 1.943888], [-76.319455, 1.944189], [-76.320325, 1.943888], [-76.321424, 1.944047], [-76.322622, 1.944909], [-76.325233, 1.944666], [-76.325746, 1.945915], [-76.32616, 1.945915], [-76.32596, 1.946934], [-76.326259, 1.947193], [-76.328456, 1.947452], [-76.32887, 1.946964], [-76.330511, 1.947281], [-76.330809, 1.949477], [-76.332963, 1.951345], [-76.334503, 1.953484], [-76.335231, 1.953714], [-76.335359, 1.954791], [-76.335829, 1.955408], [-76.336542, 1.955882], [-76.33697, 1.956744], [-76.33901, 1.956357], [-76.339038, 1.957778], [-76.340779, 1.958971], [-76.341677, 1.960938], [-76.343503, 1.961355], [-76.343474, 1.962274], [-76.342789, 1.962632], [-76.342798, 1.963096], [-76.344928, 1.964629], [-76.347229, 1.966927], [-76.347571, 1.967501], [-76.347532, 1.969109], [-76.349777, 1.970277], [-76.351347, 1.971839], [-76.347799, 1.975975], [-76.344927, 1.974998], [-76.343139, 1.973466], [-76.341579, 1.97425], [-76.3365, 1.973176], [-76.33414, 1.974266], [-76.331648, 1.974934], [-76.325655, 1.974951], [-76.325598, 1.975927], [-76.324323, 1.976539], [-76.323809, 1.976386]]]}, "properties": {"NOMB_MPIO": "SAN AGUSTÍN", "NOMBRE_VER": "AGUA VENDITA", "AREA_HA": 1062.31291695}},{"type": "Feature", "geometry": {"type": "Polygon", "coordinates": [[[-76.291275, 1.986115], [-76.291051, 1.981644], [-76.2891, 1.980891], [-76.287551, 1.979684], [-76.287144, 1.979744], [-76.286823, 1.980269], [-76.285669, 1.97989], [-76.284916, 1.98023], [-76.283258, 1.979341], [-76.282469, 1.978466], [-76.281392, 1.978318], [-76.28083, 1.978674], [-76.278008, 1.977761], [-76.277936, 1.97733], [-76.277996, 1.975931], [-76.278761, 1.974006], [-76.280326, 1.972629], [-76.281658, 1.972058], [-76.281906, 1.970564], [-76.284181, 1.97023], [-76.284068, 1.969496], [-76.282639, 1.96735], [-76.284801, 1.967361], [-76.284273, 1.965759], [-76.282704, 1.964778], [-76.283739, 1.962492], [-76.282876, 1.960211], [-76.282774, 1.956463], [-76.281205, 1.954592], [-76.281658, 1.953384], [-76.282914, 1.952586], [-76.282531, 1.949674], [-76.283329, 1.948741], [-76.281863, 1.944654], [-76.28176, 1.941359], [-76.282094, 1.940609], [-76.281674, 1.939827], [-76.281744, 1.939191], [-76.281983, 1.938567], [-76.284233, 1.938301], [-76.284899, 1.93787], [-76.288156, 1.939786], [-76.289439, 1.941581], [-76.289451, 1.942777], [-76.290163, 1.94456], [-76.292195, 1.947109], [-76.29367, 1.947409], [-76.293538, 1.947935], [-76.294168, 1.94845], [-76.294168, 1.94912], [-76.293502, 1.949921], [-76.293716, 1.950615], [-76.294583, 1.950867], [-76.294845, 1.951285], [-76.294238, 1.952003], [-76.294404, 1.952936], [-76.294915, 1.953463], [-76.294439, 1.953977], [-76.295141, 1.95448], [-76.295687, 1.955461], [-76.2964, 1.955461], [-76.296293, 1.956239], [-76.296733, 1.956741], [-76.297244, 1.956239], [-76.297517, 1.957017], [-76.300204, 1.959004], [-76.299727, 1.961983], [-76.301158, 1.963379], [-76.301328, 1.964623], [-76.300415, 1.965828], [-76.300376, 1.967838], [-76.302162, 1.972069], [-76.302883, 1.975361], [-76.302578, 1.978519], [-76.303833, 1.979802], [-76.303756, 1.980204], [-76.302253, 1.981582], [-76.301399, 1.983805], [-76.297606, 1.983741], [-76.295374, 1.984053], [-76.294415, 1.984497], [-76.293488, 1.984259], [-76.293497, 1.986111], [-76.291275, 1.986115]]]}, "properties": {"NOMB_MPIO": "SAN AGUSTÍN", "NOMBRE_VER": "PALMAR", "AREA_HA": 839.325980819}},{"type": "Feature", "geometry": {"type": "Polygon", "coordinates": [[[-76.411062, 2.022459], [-76.411087, 2.019157], [-76.410065, 2.018032], [-76.410874, 2.01674], [-76.410375, 2.016357], [-76.410684, 2.015568], [-76.410542, 2.014826], [-76.411541, 2.013343], [-76.412089, 2.01119], [-76.413421, 2.00887], [-76.414848, 2.008511], [-76.416538, 2.006191], [-76.41737, 2.006048], [-76.418084, 2.005019], [-76.419368, 2.00502], [-76.419678, 2.003034], [-76.420344, 2.002723], [-76.42132, 2.001503], [-76.421439, 2.000379], [-76.422676, 1.99947], [-76.422177, 1.998752], [-76.422201, 1.99758], [-76.423153, 1.996886], [-76.42439, 1.994423], [-76.424438, 1.993609], [-76.425865, 1.993418], [-76.425842, 1.992533], [-76.426793, 1.992485], [-76.427388, 1.991672], [-76.427127, 1.990236], [-76.425677, 1.988609], [-76.425654, 1.987006], [-76.426986, 1.985044], [-76.428318, 1.983777], [-76.428629, 1.979279], [-76.428178, 1.976312], [-76.429568, 1.975145], [-76.430025, 1.973748], [-76.429968, 1.972178], [-76.430635, 1.96992], [-76.430712, 1.966589], [-76.429667, 1.964234], [-76.426377, 1.962223], [-76.422724, 1.961724], [-76.419643, 1.959962], [-76.418768, 1.959005], [-76.417875, 1.956937], [-76.416391, 1.956305], [-76.414395, 1.951672], [-76.414454, 1.948954], [-76.419478, 1.943022], [-76.419764, 1.942505], [-76.419745, 1.941338], [-76.419518, 1.939634], [-76.418415, 1.936705], [-76.413262, 1.932435], [-76.413001, 1.931451], [-76.413502, 1.931753], [-76.415342, 1.931782], [-76.41901, 1.930506], [-76.421136, 1.928698], [-76.423197, 1.927559], [-76.424525, 1.929431], [-76.425641, 1.932541], [-76.427614, 1.9346], [-76.427447, 1.936131], [-76.427946, 1.937304], [-76.430338, 1.938463], [-76.430908, 1.939707], [-76.431003, 1.9412], [-76.42948, 1.942597], [-76.429441, 1.945583], [-76.431628, 1.948187], [-76.433188, 1.949298], [-76.434938, 1.950006], [-76.434994, 1.951729], [-76.435697, 1.953088], [-76.436001, 1.954716], [-76.435772, 1.955711], [-76.436857, 1.956075], [-76.437903, 1.955578], [-76.439101, 1.956439], [-76.440852, 1.956593], [-76.44146, 1.956976], [-76.441802, 1.958163], [-76.443646, 1.961246], [-76.446975, 1.963371], [-76.447012, 1.964386], [-76.446555, 1.965611], [-76.447943, 1.968272], [-76.448438, 1.968827], [-76.451082, 1.970111], [-76.452242, 1.971489], [-76.453782, 1.972064], [-76.45304, 1.973844], [-76.453419, 1.977864], [-76.453019, 1.979376], [-76.451439, 1.982017], [-76.450164, 1.982016], [-76.449612, 1.982571], [-76.447862, 1.98257], [-76.447576, 1.982264], [-76.445369, 1.983316], [-76.443847, 1.982779], [-76.443296, 1.982875], [-76.443143, 1.983449], [-76.442097, 1.984367], [-76.441392, 1.98563], [-76.441714, 1.989937], [-76.441904, 1.991028], [-76.442379, 1.991679], [-76.44217, 1.992598], [-76.442645, 1.992885], [-76.443006, 1.993766], [-76.443406, 1.993996], [-76.444262, 1.993843], [-76.444414, 1.994437], [-76.443386, 1.996293], [-76.44114, 1.997996], [-76.439656, 1.998569], [-76.438229, 2.000081], [-76.435508, 2.001515], [-76.433832, 2.004864], [-76.432253, 2.005897], [-76.431396, 2.005954], [-76.431433, 2.008596], [-76.430843, 2.009763], [-76.430575, 2.014204], [-76.431487, 2.016865], [-76.431906, 2.017286], [-76.431886, 2.017994], [-76.430916, 2.0192], [-76.429108, 2.019027], [-76.42671, 2.021782], [-76.42574, 2.022069], [-76.423723, 2.021838], [-76.423228, 2.022087], [-76.420869, 2.023617], [-76.41906, 2.02578], [-76.419022, 2.027024], [-76.41807, 2.028803], [-76.418069, 2.031464], [-76.416564, 2.035215], [-76.416564, 2.036574], [-76.417781, 2.038508], [-76.418132, 2.039636], [-76.414337, 2.037605], [-76.413434, 2.035452], [-76.411723, 2.033824], [-76.410796, 2.03222], [-76.410511, 2.031144], [-76.410538, 2.023822], [-76.411062, 2.022459]]]}, "properties": {"NOMB_MPIO": "SAN AGUSTÍN", "NOMBRE_VER": "YARUMAL", "AREA_HA": 2129.71590755}},{"type": "Feature", "geometry": {"type": "Polygon", "coordinates": [[[-76.309709, 1.97801], [-76.309086, 1.975812], [-76.308366, 1.97624], [-76.307623, 1.976027], [-76.306929, 1.977771], [-76.305504, 1.979198], [-76.304667, 1.980849], [-76.3048, 1.983194], [-76.301971, 1.982115], [-76.303833, 1.979802], [-76.302578, 1.978519], [-76.302883, 1.975361], [-76.302162, 1.972069], [-76.300376, 1.967838], [-76.300415, 1.965828], [-76.301328, 1.964623], [-76.301158, 1.963379], [-76.300644, 1.962823], [-76.301691, 1.962077], [-76.303384, 1.962595], [-76.303803, 1.962327], [-76.306085, 1.962807], [-76.307588, 1.963343], [-76.309966, 1.963134], [-76.311146, 1.962407], [-76.311527, 1.961795], [-76.311528, 1.958235], [-76.313392, 1.958523], [-76.313925, 1.958236], [-76.314286, 1.9586], [-76.31402, 1.959231], [-76.314723, 1.960208], [-76.314837, 1.96128], [-76.315369, 1.962065], [-76.314893, 1.963174], [-76.317021, 1.968726], [-76.321395, 1.972078], [-76.322878, 1.97428], [-76.323809, 1.976386], [-76.324323, 1.976539], [-76.325598, 1.975927], [-76.325643, 1.976594], [-76.325345, 1.978179], [-76.322551, 1.978657], [-76.321629, 1.979165], [-76.317494, 1.986639], [-76.317256, 1.987387], [-76.317608, 1.988749], [-76.316992, 1.990007], [-76.315085, 1.992404], [-76.312952, 1.993675], [-76.312356, 1.993545], [-76.311208, 1.99181], [-76.311891, 1.987874], [-76.311684, 1.983081], [-76.310834, 1.979963], [-76.309709, 1.97801]]]}, "properties": {"NOMB_MPIO": "SAN AGUSTÍN", "NOMBRE_VER": "PEÑAS BLANCAS", "AREA_HA": 496.397980024}},{"type": "Feature", "geometry": {"type": "Polygon", "coordinates": [[[-76.344341, 2.049453], [-76.343161, 2.049738], [-76.342028, 2.048377], [-76.341076, 2.048168], [-76.340239, 2.04635], [-76.339582, 2.046036], [-76.338506, 2.046112], [-76.337298, 2.044199], [-76.336441, 2.043637], [-76.334518, 2.043181], [-76.333767, 2.042229], [-76.332815, 2.041953], [-76.332748, 2.040316], [-76.332206, 2.040211], [-76.331216, 2.038812], [-76.329312, 2.038564], [-76.328931, 2.037403], [-76.32679, 2.037042], [-76.325648, 2.036071], [-76.324096, 2.035804], [-76.321726, 2.034691], [-76.321412, 2.034243], [-76.321479, 2.031854], [-76.319204, 2.030208], [-76.316968, 2.030094], [-76.315292, 2.031188], [-76.313808, 2.031198], [-76.312561, 2.032996], [-76.305879, 2.032768], [-76.304594, 2.033139], [-76.303405, 2.031255], [-76.301872, 2.031578], [-76.301634, 2.028628], [-76.301044, 2.027904], [-76.298503, 2.026467], [-76.29758, 2.025201], [-76.295667, 2.024573], [-76.295219, 2.024145], [-76.294477, 2.02207], [-76.293811, 2.021794], [-76.292611, 2.022574], [-76.291726, 2.022727], [-76.290346, 2.021937], [-76.288661, 2.018139], [-76.288052, 2.015588], [-76.287396, 2.014741], [-76.28652, 2.014446], [-76.284845, 2.016169], [-76.282713, 2.014932], [-76.281123, 2.014694], [-76.279239, 2.012533], [-76.277459, 2.011553], [-76.274328, 2.011058], [-76.27409, 2.009487], [-76.273519, 2.008241], [-76.273633, 2.006918], [-76.273176, 2.006289], [-76.272357, 2.006032], [-76.272034, 2.005385], [-76.272053, 2.004843], [-76.273033, 2.003777], [-76.272995, 2.003406], [-76.272681, 2.003006], [-76.27033, 2.002016], [-76.269378, 2.000969], [-76.269512, 1.999075], [-76.269968, 1.998056], [-76.268617, 1.994954], [-76.268835, 1.993033], [-76.268381, 1.991047], [-76.268871, 1.989289], [-76.268345, 1.987651], [-76.269445, 1.986647], [-76.269636, 1.984135], [-76.270402, 1.983752], [-76.271825, 1.984613], [-76.272949, 1.984769], [-76.273738, 1.983059], [-76.27387, 1.981337], [-76.274372, 1.980978], [-76.274659, 1.980966], [-76.275975, 1.98264], [-76.276702, 1.982827], [-76.277123, 1.981923], [-76.276477, 1.979973], [-76.278008, 1.977761], [-76.28083, 1.978674], [-76.281392, 1.978318], [-76.282469, 1.978466], [-76.283258, 1.979341], [-76.284916, 1.98023], [-76.285669, 1.97989], [-76.286823, 1.980269], [-76.287144, 1.979744], [-76.287551, 1.979684], [-76.2891, 1.980891], [-76.291051, 1.981644], [-76.291275, 1.986115], [-76.293497, 1.986111], [-76.293488, 1.984259], [-76.294415, 1.984497], [-76.295374, 1.984053], [-76.297606, 1.983741], [-76.301399, 1.983805], [-76.301971, 1.982115], [-76.3048, 1.983194], [-76.304667, 1.980849], [-76.30524, 1.97957], [-76.306786, 1.978], [-76.307623, 1.976027], [-76.308366, 1.97624], [-76.309086, 1.975812], [-76.309903, 1.978515], [-76.311273, 1.981169], [-76.311684, 1.983081], [-76.311891, 1.987874], [-76.311208, 1.99181], [-76.312356, 1.993545], [-76.312952, 1.993675], [-76.315085, 1.992404], [-76.316992, 1.990007], [-76.317608, 1.988749], [-76.317256, 1.987387], [-76.317494, 1.986639], [-76.321629, 1.979165], [-76.322551, 1.978657], [-76.325345, 1.978179], [-76.325655, 1.974951], [-76.331648, 1.974934], [-76.33414, 1.974266], [-76.3365, 1.973176], [-76.341579, 1.97425], [-76.343139, 1.973466], [-76.344927, 1.974998], [-76.347799, 1.975975], [-76.350939, 1.97257], [-76.352551, 1.970154], [-76.354493, 1.965791], [-76.355788, 1.963705], [-76.357258, 1.959371], [-76.357994, 1.959472], [-76.359249, 1.960621], [-76.362026, 1.961177], [-76.364442, 1.962097], [-76.365117, 1.96445], [-76.36583, 1.9653], [-76.366365, 1.965671], [-76.367732, 1.965492], [-76.369765, 1.966043], [-76.370787, 1.96724], [-76.37213, 1.967779], [-76.372381, 1.965973], [-76.373499, 1.965937], [-76.375106, 1.96516], [-76.375063, 1.966157], [-76.373597, 1.967515], [-76.373464, 1.968453], [-76.372741, 1.968663], [-76.372106, 1.969303], [-76.371487, 1.971408], [-76.369596, 1.972532], [-76.36811, 1.97289], [-76.368086, 1.9735], [-76.367348, 1.97405], [-76.367491, 1.975354], [-76.36648, 1.976347], [-76.365409, 1.978248], [-76.365087, 1.979002], [-76.365313, 1.979325], [-76.364968, 1.979839], [-76.364005, 1.979623], [-76.363481, 1.981011], [-76.362042, 1.981608], [-76.361732, 1.983415], [-76.361375, 1.984072], [-76.360436, 1.984694], [-76.359781, 1.985854], [-76.359745, 1.986464], [-76.361254, 1.989922], [-76.361313, 1.991107], [-76.363263, 1.991861], [-76.363488, 1.99228], [-76.362762, 1.993584], [-76.36426, 1.9949], [-76.363962, 1.995714], [-76.364224, 1.996742], [-76.363569, 1.997651], [-76.364473, 1.997712], [-76.364461, 1.998154], [-76.363818, 1.998525], [-76.364448, 1.999997], [-76.364186, 2.000224], [-76.363235, 2.000008], [-76.362949, 2.00179], [-76.362331, 2.002292], [-76.362461, 2.003692], [-76.361295, 2.005211], [-76.361366, 2.006252], [-76.360723, 2.006921], [-76.360723, 2.007364], [-76.362197, 2.008453], [-76.361793, 2.009243], [-76.361091, 2.008967], [-76.360901, 2.009171], [-76.361245, 2.01002], [-76.361055, 2.010439], [-76.361587, 2.010988], [-76.361569, 2.01139], [-76.362457, 2.011769], [-76.363138, 2.012789], [-76.363814, 2.012894], [-76.363427, 2.01347], [-76.363879, 2.013996], [-76.36365, 2.014743], [-76.364456, 2.015019], [-76.364218, 2.015747], [-76.365206, 2.016299], [-76.365342, 2.017618], [-76.364299, 2.018198], [-76.365462, 2.019122], [-76.364963, 2.019944], [-76.364981, 2.020774], [-76.365686, 2.02181], [-76.364829, 2.022876], [-76.365499, 2.023456], [-76.365586, 2.02501], [-76.367488, 2.028196], [-76.366926, 2.028629], [-76.366612, 2.031179], [-76.367117, 2.03376], [-76.367635, 2.034319], [-76.363626, 2.039872], [-76.362377, 2.040637], [-76.358144, 2.041198], [-76.354064, 2.042942], [-76.353184, 2.044079], [-76.351851, 2.046877], [-76.350305, 2.047008], [-76.347761, 2.046265], [-76.346025, 2.046707], [-76.345306, 2.047615], [-76.345093, 2.049957], [-76.344341, 2.049453]]]}, "properties": {"NOMB_MPIO": "SAN AGUSTÍN", "NOMBRE_VER": "PLATANARES", "AREA_HA": 6351.14241833}},{"type": "Feature", "geometry": {"type": "Polygon", "coordinates": [[[-76.442214, 2.073737], [-76.43839, 2.073257], [-76.434738, 2.069983], [-76.433901, 2.070116], [-76.433198, 2.068412], [-76.432456, 2.068412], [-76.432247, 2.068814], [-76.431371, 2.068948], [-76.430781, 2.069598], [-76.427985, 2.069272], [-76.427109, 2.070573], [-76.427584, 2.071549], [-76.427261, 2.071913], [-76.426138, 2.071683], [-76.425852, 2.072467], [-76.424711, 2.072754], [-76.425167, 2.074017], [-76.424977, 2.0744], [-76.422732, 2.074418], [-76.422731, 2.074706], [-76.42431, 2.075606], [-76.423891, 2.075988], [-76.422693, 2.075739], [-76.421589, 2.075968], [-76.418831, 2.074666], [-76.416245, 2.072674], [-76.415388, 2.072501], [-76.414494, 2.072865], [-76.413448, 2.072405], [-76.412725, 2.072979], [-76.410537, 2.073418], [-76.406501, 2.071151], [-76.407025, 2.070684], [-76.407334, 2.070888], [-76.407643, 2.070661], [-76.405468, 2.069667], [-76.405052, 2.068829], [-76.405195, 2.068183], [-76.402555, 2.068302], [-76.401402, 2.067835], [-76.399142, 2.068575], [-76.397347, 2.068419], [-76.396419, 2.069388], [-76.395919, 2.069352], [-76.39542, 2.068813], [-76.392804, 2.069386], [-76.391686, 2.070534], [-76.38945, 2.071562], [-76.386726, 2.073343], [-76.38009, 2.07535], [-76.378956, 2.076766], [-76.378214, 2.075923], [-76.376815, 2.075802], [-76.375944, 2.076202], [-76.375466, 2.075567], [-76.374431, 2.076295], [-76.373303, 2.075545], [-76.371918, 2.075295], [-76.369155, 2.072797], [-76.366657, 2.071505], [-76.363573, 2.070998], [-76.363166, 2.07052], [-76.362681, 2.068414], [-76.361724, 2.067643], [-76.356999, 2.066415], [-76.356113, 2.066608], [-76.354315, 2.065608], [-76.352422, 2.065638], [-76.350667, 2.064638], [-76.349325, 2.065059], [-76.347815, 2.062654], [-76.346882, 2.061836], [-76.346968, 2.061236], [-76.348662, 2.060265], [-76.347463, 2.05741], [-76.347758, 2.053993], [-76.34574, 2.052794], [-76.345102, 2.052841], [-76.344817, 2.052327], [-76.345378, 2.050861], [-76.345093, 2.049957], [-76.345457, 2.047238], [-76.346025, 2.046707], [-76.347761, 2.046265], [-76.350305, 2.047008], [-76.351851, 2.046877], [-76.353184, 2.044079], [-76.354064, 2.042942], [-76.358144, 2.041198], [-76.362377, 2.040637], [-76.363626, 2.039872], [-76.367635, 2.034319], [-76.367117, 2.03376], [-76.366612, 2.031179], [-76.366926, 2.028629], [-76.367488, 2.028196], [-76.365586, 2.02501], [-76.365499, 2.023456], [-76.364829, 2.022876], [-76.365686, 2.02181], [-76.364981, 2.020774], [-76.364963, 2.019944], [-76.365462, 2.019122], [-76.364299, 2.018198], [-76.365342, 2.017618], [-76.365206, 2.016299], [-76.364218, 2.015747], [-76.364456, 2.015019], [-76.36365, 2.014743], [-76.363879, 2.013996], [-76.363427, 2.01347], [-76.363814, 2.012894], [-76.363138, 2.012789], [-76.362457, 2.011769], [-76.361569, 2.01139], [-76.361587, 2.010988], [-76.361055, 2.010439], [-76.361245, 2.01002], [-76.360901, 2.009171], [-76.361091, 2.008967], [-76.361793, 2.009243], [-76.362197, 2.008453], [-76.360723, 2.007364], [-76.360723, 2.006921], [-76.361366, 2.006252], [-76.361295, 2.005211], [-76.362461, 2.003692], [-76.362331, 2.002292], [-76.362949, 2.00179], [-76.363235, 2.000008], [-76.364186, 2.000224], [-76.364448, 1.999997], [-76.363818, 1.998525], [-76.364461, 1.998154], [-76.364473, 1.997712], [-76.363569, 1.997651], [-76.364224, 1.996742], [-76.363962, 1.995714], [-76.36426, 1.9949], [-76.362762, 1.993584], [-76.363488, 1.99228], [-76.363263, 1.991861], [-76.361313, 1.991107], [-76.361254, 1.989922], [-76.359745, 1.986464], [-76.359781, 1.985854], [-76.360436, 1.984694], [-76.361375, 1.984072], [-76.361732, 1.983415], [-76.362042, 1.981608], [-76.363481, 1.981011], [-76.364005, 1.979623], [-76.364968, 1.979839], [-76.365313, 1.979325], [-76.365087, 1.979002], [-76.365409, 1.978248], [-76.36648, 1.976347], [-76.367491, 1.975354], [-76.367348, 1.97405], [-76.368086, 1.9735], [-76.36811, 1.97289], [-76.369596, 1.972532], [-76.371749, 1.971085], [-76.372333, 1.968956], [-76.373464, 1.968453], [-76.373597, 1.967515], [-76.375063, 1.966157], [-76.375149, 1.963955], [-76.37573, 1.963219], [-76.377195, 1.962865], [-76.379212, 1.960962], [-76.38023, 1.96124], [-76.381552, 1.959891], [-76.382684, 1.959805], [-76.383198, 1.960418], [-76.383626, 1.960341], [-76.384368, 1.959061], [-76.384169, 1.957023], [-76.384512, 1.956463], [-76.38708, 1.956478], [-76.387608, 1.956062], [-76.388465, 1.954814], [-76.389279, 1.953967], [-76.389707, 1.953938], [-76.391491, 1.951915], [-76.391919, 1.950867], [-76.391435, 1.949977], [-76.392876, 1.949633], [-76.394589, 1.947523], [-76.396661, 1.940241], [-76.396452, 1.938959], [-76.395634, 1.938307], [-76.395596, 1.937886], [-76.395863, 1.935992], [-76.396492, 1.934843], [-76.394553, 1.93111], [-76.39598, 1.930154], [-76.395923, 1.929024], [-76.394059, 1.929043], [-76.394003, 1.927071], [-76.392785, 1.926018], [-76.392596, 1.925233], [-76.392672, 1.924085], [-76.393426, 1.923101], [-76.393142, 1.920935], [-76.391457, 1.919753], [-76.391305, 1.919313], [-76.392656, 1.917284], [-76.392258, 1.91382], [-76.393323, 1.913476], [-76.394755, 1.912055], [-76.396016, 1.911912], [-76.397419, 1.912559], [-76.398037, 1.911865], [-76.402864, 1.913231], [-76.403672, 1.913183], [-76.403768, 1.91237], [-76.412549, 1.912922], [-76.411588, 1.917266], [-76.410687, 1.926197], [-76.413262, 1.932435], [-76.418415, 1.936705], [-76.419518, 1.939634], [-76.419745, 1.941338], [-76.419764, 1.942505], [-76.419478, 1.943022], [-76.414454, 1.948954], [-76.414395, 1.951672], [-76.416391, 1.956305], [-76.417875, 1.956937], [-76.419148, 1.959522], [-76.422306, 1.961571], [-76.42377, 1.962031], [-76.425787, 1.962012], [-76.427993, 1.96299], [-76.429667, 1.964234], [-76.430712, 1.966589], [-76.430635, 1.96992], [-76.429968, 1.972178], [-76.430025, 1.973748], [-76.429568, 1.975145], [-76.428178, 1.976312], [-76.428629, 1.979279], [-76.428318, 1.983777], [-76.426986, 1.985044], [-76.425654, 1.987006], [-76.425677, 1.988609], [-76.427127, 1.990236], [-76.427388, 1.991672], [-76.426793, 1.992485], [-76.425842, 1.992533], [-76.425865, 1.993418], [-76.424438, 1.993609], [-76.42439, 1.994423], [-76.423153, 1.996886], [-76.422201, 1.99758], [-76.422177, 1.998752], [-76.422676, 1.99947], [-76.421439, 2.000379], [-76.42132, 2.001503], [-76.420344, 2.002723], [-76.419678, 2.003034], [-76.419368, 2.00502], [-76.418084, 2.005019], [-76.41737, 2.006048], [-76.416538, 2.006191], [-76.414848, 2.008511], [-76.413421, 2.00887], [-76.412089, 2.01119], [-76.411541, 2.013343], [-76.410542, 2.014826], [-76.410684, 2.015568], [-76.410375, 2.016357], [-76.410874, 2.01674], [-76.410065, 2.018032], [-76.411087, 2.019157], [-76.411062, 2.022459], [-76.410538, 2.023822], [-76.410511, 2.031144], [-76.410796, 2.03222], [-76.411723, 2.033824], [-76.413434, 2.035452], [-76.414337, 2.037605], [-76.418132, 2.039636], [-76.419339, 2.042356], [-76.419262, 2.044768], [-76.420117, 2.048098], [-76.42103, 2.049266], [-76.42335, 2.051143], [-76.424891, 2.051737], [-76.427973, 2.051719], [-76.431454, 2.052735], [-76.435925, 2.051263], [-76.439597, 2.051207], [-76.441957, 2.050806], [-76.443992, 2.05163], [-76.445323, 2.052722], [-76.447073, 2.055861], [-76.448061, 2.059058], [-76.450476, 2.061088], [-76.454813, 2.063598], [-76.45622, 2.064842], [-76.45757, 2.066814], [-76.45909, 2.072002], [-76.459089, 2.076156], [-76.459963, 2.077247], [-76.461637, 2.078377], [-76.462873, 2.080196], [-76.464336, 2.086054], [-76.464297, 2.088657], [-76.463726, 2.088599], [-76.461196, 2.086952], [-76.457336, 2.082529], [-76.454178, 2.080767], [-76.449612, 2.079885], [-76.445162, 2.075844], [-76.444135, 2.075403], [-76.442214, 2.073737]]]}, "properties": {"NOMB_MPIO": "SAN AGUSTÍN", "NOMBRE_VER": "MARBELLA", "AREA_HA": 10373.1966229}},{"type": "Feature", "geometry": {"type": "Polygon", "coordinates": [[[-76.421, 2.165552], [-76.419914, 2.165655], [-76.419533, 2.16499], [-76.418828, 2.164902], [-76.418662, 2.164284], [-76.419169, 2.163951], [-76.418939, 2.163436], [-76.417195, 2.163056], [-76.416688, 2.161653], [-76.415776, 2.161098], [-76.415412, 2.161344], [-76.414825, 2.161177], [-76.414294, 2.160313], [-76.412963, 2.160392], [-76.412543, 2.1596], [-76.411552, 2.158815], [-76.410965, 2.158649], [-76.410078, 2.159426], [-76.408762, 2.159085], [-76.408802, 2.158292], [-76.408492, 2.158038], [-76.408746, 2.157349], [-76.407605, 2.156374], [-76.408944, 2.155558], [-76.409055, 2.15505], [-76.407317, 2.153127], [-76.408478, 2.152072], [-76.407598, 2.150455], [-76.407342, 2.150405], [-76.407117, 2.150892], [-76.406842, 2.150699], [-76.407123, 2.150181], [-76.406537, 2.149488], [-76.406605, 2.148895], [-76.406037, 2.148764], [-76.405819, 2.148364], [-76.405051, 2.14857], [-76.404346, 2.147309], [-76.403316, 2.147584], [-76.402997, 2.147116], [-76.40158, 2.147047], [-76.400738, 2.147896], [-76.399939, 2.147497], [-76.399608, 2.145711], [-76.400039, 2.145512], [-76.401148, 2.145759], [-76.401578, 2.145194], [-76.401499, 2.142739], [-76.401028, 2.141175], [-76.39985, 2.140519], [-76.398915, 2.138449], [-76.398751, 2.136543], [-76.396895, 2.133573], [-76.396474, 2.13328], [-76.395168, 2.13348], [-76.395389, 2.132766], [-76.395203, 2.131974], [-76.396688, 2.130589], [-76.395503, 2.129511], [-76.39536, 2.127798], [-76.39294, 2.125364], [-76.391277, 2.124379], [-76.390842, 2.123786], [-76.390321, 2.119717], [-76.387451, 2.117419], [-76.387087, 2.11572], [-76.385831, 2.114899], [-76.382811, 2.113871], [-76.382863, 2.113166], [-76.382297, 2.112415], [-76.382326, 2.108981], [-76.381826, 2.108046], [-76.381512, 2.105769], [-76.380991, 2.104413], [-76.381469, 2.102685], [-76.385902, 2.100437], [-76.38593, 2.099537], [-76.385602, 2.098973], [-76.384439, 2.098117], [-76.384767, 2.097139], [-76.383361, 2.096068], [-76.384703, 2.09534], [-76.385438, 2.09357], [-76.38486, 2.093034], [-76.383325, 2.093091], [-76.382904, 2.092477], [-76.381897, 2.092292], [-76.381505, 2.091457], [-76.381933, 2.090357], [-76.381797, 2.089943], [-76.381026, 2.089408], [-76.380884, 2.088944], [-76.379941, 2.089029], [-76.379813, 2.088151], [-76.378871, 2.087695], [-76.378342, 2.08641], [-76.376958, 2.084818], [-76.376958, 2.084225], [-76.37805, 2.083797], [-76.379199, 2.082391], [-76.378999, 2.081706], [-76.377586, 2.080078], [-76.3778, 2.07925], [-76.378656, 2.078222], [-76.378956, 2.076766], [-76.38009, 2.07535], [-76.386726, 2.073343], [-76.38945, 2.071562], [-76.391686, 2.070534], [-76.392804, 2.069386], [-76.39542, 2.068813], [-76.395919, 2.069352], [-76.396419, 2.069388], [-76.397347, 2.068419], [-76.399142, 2.068575], [-76.401402, 2.067835], [-76.402555, 2.068302], [-76.405195, 2.068183], [-76.405052, 2.068829], [-76.405468, 2.069667], [-76.407643, 2.070661], [-76.407334, 2.070888], [-76.407025, 2.070684], [-76.406501, 2.071151], [-76.410537, 2.073418], [-76.412725, 2.072979], [-76.413448, 2.072405], [-76.414494, 2.072865], [-76.415388, 2.072501], [-76.416815, 2.072865], [-76.418831, 2.074666], [-76.421057, 2.075758], [-76.423891, 2.075988], [-76.42431, 2.075606], [-76.422731, 2.074706], [-76.422732, 2.074418], [-76.424977, 2.0744], [-76.425167, 2.074017], [-76.424711, 2.072754], [-76.425852, 2.072467], [-76.426138, 2.071683], [-76.427261, 2.071913], [-76.427584, 2.071549], [-76.427109, 2.070573], [-76.427985, 2.069272], [-76.430781, 2.069598], [-76.431371, 2.068948], [-76.432247, 2.068814], [-76.432456, 2.068412], [-76.433198, 2.068412], [-76.433901, 2.070116], [-76.434738, 2.069983], [-76.43839, 2.073257], [-76.442214, 2.073737], [-76.444135, 2.075403], [-76.445162, 2.075844], [-76.449612, 2.079885], [-76.454178, 2.080767], [-76.457336, 2.082529], [-76.461196, 2.086952], [-76.463726, 2.088599], [-76.464297, 2.088657], [-76.464336, 2.086054], [-76.462873, 2.080196], [-76.461637, 2.078377], [-76.459963, 2.077247], [-76.459089, 2.076156], [-76.45909, 2.072002], [-76.45757, 2.066814], [-76.45622, 2.064842], [-76.454813, 2.063598], [-76.450476, 2.061088], [-76.448061, 2.059058], [-76.447073, 2.055861], [-76.444753, 2.052128], [-76.441957, 2.050806], [-76.439597, 2.051207], [-76.435925, 2.051263], [-76.431454, 2.052735], [-76.427973, 2.051719], [-76.424891, 2.051737], [-76.42335, 2.051143], [-76.42103, 2.049266], [-76.420117, 2.048098], [-76.419262, 2.044768], [-76.419339, 2.042356], [-76.417781, 2.038508], [-76.416564, 2.036574], [-76.416564, 2.035215], [-76.418069, 2.031464], [-76.41807, 2.028803], [-76.419022, 2.027024], [-76.41906, 2.02578], [-76.419403, 2.025205], [-76.420869, 2.023617], [-76.423228, 2.022087], [-76.423723, 2.021838], [-76.42574, 2.022069], [-76.42671, 2.021782], [-76.429108, 2.019027], [-76.430916, 2.0192], [-76.431886, 2.017994], [-76.431906, 2.017286], [-76.431487, 2.016865], [-76.430575, 2.014204], [-76.430843, 2.009763], [-76.431433, 2.008596], [-76.431396, 2.005954], [-76.432253, 2.005897], [-76.433832, 2.004864], [-76.435508, 2.001515], [-76.436002, 2.001094], [-76.438229, 2.000081], [-76.439656, 1.998569], [-76.44114, 1.997996], [-76.443386, 1.996293], [-76.444414, 1.994437], [-76.444262, 1.993843], [-76.443406, 1.993996], [-76.443006, 1.993766], [-76.442645, 1.992885], [-76.44217, 1.992598], [-76.442379, 1.991679], [-76.441904, 1.991028], [-76.441714, 1.989937], [-76.441392, 1.98563], [-76.442097, 1.984367], [-76.443143, 1.983449], [-76.443296, 1.982875], [-76.443847, 1.982779], [-76.445369, 1.983316], [-76.447576, 1.982264], [-76.447862, 1.98257], [-76.449612, 1.982571], [-76.450164, 1.982016], [-76.451039, 1.982189], [-76.451857, 1.981634], [-76.453019, 1.979376], [-76.453419, 1.977864], [-76.45304, 1.973844], [-76.453782, 1.972064], [-76.452242, 1.971489], [-76.451082, 1.970111], [-76.448438, 1.968827], [-76.447943, 1.968272], [-76.446555, 1.965611], [-76.447012, 1.964386], [-76.446975, 1.963371], [-76.443646, 1.961246], [-76.441802, 1.958163], [-76.44146, 1.956976], [-76.440852, 1.956593], [-76.439101, 1.956439], [-76.437903, 1.955578], [-76.436857, 1.956075], [-76.435772, 1.955711], [-76.436001, 1.954716], [-76.435697, 1.953088], [-76.434994, 1.951729], [-76.434938, 1.950006], [-76.433188, 1.949298], [-76.431628, 1.948187], [-76.429441, 1.945583], [-76.42948, 1.942597], [-76.431003, 1.9412], [-76.430908, 1.939707], [-76.430338, 1.938463], [-76.427946, 1.937304], [-76.427447, 1.936131], [-76.427614, 1.9346], [-76.426022, 1.93314], [-76.424525, 1.929431], [-76.422338, 1.926271], [-76.421506, 1.925529], [-76.421055, 1.924333], [-76.421365, 1.922634], [-76.420224, 1.920983], [-76.420201, 1.920217], [-76.421867, 1.916318], [-76.421415, 1.915121], [-76.420869, 1.914595], [-76.417801, 1.913732], [-76.416399, 1.912129], [-76.415948, 1.910167], [-76.416043, 1.909042], [-76.415473, 1.907511], [-76.416211, 1.905824], [-76.416021, 1.90458], [-76.418496, 1.904361], [-76.419505, 1.903079], [-76.419278, 1.901299], [-76.419563, 1.90105], [-76.421998, 1.900936], [-76.423444, 1.900209], [-76.424358, 1.89931], [-76.426585, 1.894985], [-76.428278, 1.894603], [-76.430447, 1.895465], [-76.432463, 1.894738], [-76.434841, 1.895007], [-76.436991, 1.895639], [-76.438874, 1.895487], [-76.440434, 1.894971], [-76.441594, 1.89522], [-76.441426, 1.888827], [-76.440323, 1.88764], [-76.438878, 1.884577], [-76.439126, 1.882835], [-76.438579, 1.881303], [-76.43875, 1.880915], [-76.442075, 1.879136], [-76.443574, 1.876352], [-76.445287, 1.875936], [-76.446143, 1.875334], [-76.446914, 1.874099], [-76.447656, 1.873913], [-76.449068, 1.87489], [-76.449339, 1.874588], [-76.450595, 1.874402], [-76.498643, 1.825912], [-76.500052, 1.826977], [-76.502109, 1.829556], [-76.506178, 1.828499], [-76.507034, 1.828891], [-76.510033, 1.833031], [-76.512709, 1.833638], [-76.515101, 1.832996], [-76.518313, 1.831461], [-76.519884, 1.829748], [-76.522311, 1.828177], [-76.522204, 1.827249], [-76.521204, 1.825893], [-76.521097, 1.825108], [-76.521383, 1.824929], [-76.524452, 1.825037], [-76.527843, 1.823894], [-76.530448, 1.823537], [-76.531412, 1.824573], [-76.533339, 1.82907], [-76.534553, 1.830283], [-76.539626, 1.834], [-76.541819, 1.836116], [-76.544239, 1.839151], [-76.546301, 1.840418], [-76.547986, 1.840853], [-76.549311, 1.840486], [-76.553058, 1.838418], [-76.555023, 1.838281], [-76.556759, 1.838787], [-76.558038, 1.839937], [-76.558814, 1.843017], [-76.559545, 1.843937], [-76.568682, 1.849733], [-76.568955, 1.852308], [-76.568635, 1.854284], [-76.568726, 1.855204], [-76.569274, 1.855802], [-76.57302, 1.85801], [-76.575807, 1.858332], [-76.577772, 1.859206], [-76.578457, 1.85985], [-76.578959, 1.861368], [-76.57999, 1.862423], [-76.58266, 1.8633], [-76.584578, 1.864726], [-76.586543, 1.865692], [-76.588234, 1.865968], [-76.588539, 1.86616], [-76.588973, 1.867679], [-76.590307, 1.868158], [-76.590425, 1.870938], [-76.590188, 1.87221], [-76.591609, 1.877857], [-76.592054, 1.881409], [-76.591328, 1.882619], [-76.590199, 1.883304], [-76.587023, 1.884281], [-76.58556, 1.885097], [-76.584244, 1.886319], [-76.583689, 1.887635], [-76.582818, 1.892934], [-76.580465, 1.896417], [-76.578797, 1.898084], [-76.578723, 1.898732], [-76.583096, 1.900418], [-76.583726, 1.90103], [-76.584488, 1.902748], [-76.58583, 1.904458], [-76.585949, 1.908028], [-76.586258, 1.908837], [-76.592013, 1.91361], [-76.595038, 1.919972], [-76.595657, 1.920329], [-76.603105, 1.920615], [-76.605175, 1.921781], [-76.60665, 1.922043], [-76.609505, 1.923518], [-76.610743, 1.924422], [-76.611599, 1.925802], [-76.614788, 1.925683], [-76.619285, 1.92654], [-76.61967, 1.928131], [-76.619563, 1.930239], [-76.619058, 1.931548], [-76.616232, 1.933897], [-76.61415, 1.937288], [-76.613852, 1.938359], [-76.61415, 1.940114], [-76.610465, 1.946727], [-76.611503, 1.948115], [-76.615042, 1.949959], [-76.616814, 1.953183], [-76.619535, 1.95501], [-76.622018, 1.958668], [-76.624185, 1.967785], [-76.624663, 1.971739], [-76.624259, 1.973848], [-76.621911, 1.975842], [-76.620464, 1.97626], [-76.615838, 1.985607], [-76.613002, 1.988519], [-76.612279, 1.989871], [-76.61068, 1.995011], [-76.607729, 1.996286], [-76.600033, 1.997392], [-76.597888, 1.99956], [-76.596041, 2.00253], [-76.593738, 2.0047], [-76.592348, 2.005518], [-76.59033, 2.005785], [-76.589363, 2.005569], [-76.58915, 2.002587], [-76.588217, 2.000969], [-76.587385, 2.000411], [-76.582522, 2.000498], [-76.579233, 2.001749], [-76.578623, 2.002796], [-76.579328, 2.008945], [-76.579099, 2.01022], [-76.576606, 2.014084], [-76.573198, 2.018101], [-76.572513, 2.019738], [-76.573446, 2.02937], [-76.573845, 2.029884], [-76.576016, 2.030379], [-76.580344, 2.029118], [-76.582732, 2.030413], [-76.585305, 2.033044], [-76.586063, 2.034644], [-76.586295, 2.039985], [-76.584064, 2.04658], [-76.582677, 2.048979], [-76.577967, 2.054557], [-76.577375, 2.055614], [-76.577279, 2.056539], [-76.577708, 2.05839], [-76.579119, 2.060819], [-76.579954, 2.064336], [-76.580574, 2.072304], [-76.582377, 2.076834], [-76.583925, 2.082281], [-76.583732, 2.083946], [-76.58248, 2.086119], [-76.582425, 2.086704], [-76.583298, 2.087936], [-76.585868, 2.089877], [-76.588328, 2.092428], [-76.59006, 2.094755], [-76.590118, 2.100183], [-76.589406, 2.10278], [-76.590569, 2.105059], [-76.590509, 2.107393], [-76.589645, 2.108504], [-76.585483, 2.110181], [-76.579939, 2.11525], [-76.575419, 2.118011], [-76.572619, 2.123727], [-76.570419, 2.12663], [-76.567252, 2.128527], [-76.562908, 2.131871], [-76.55908, 2.133581], [-76.555301, 2.13813], [-76.553887, 2.139424], [-76.552919, 2.139719], [-76.551911, 2.139384], [-76.547589, 2.13611], [-76.54181, 2.134004], [-76.536387, 2.134664], [-76.529463, 2.134879], [-76.524751, 2.135664], [-76.52004, 2.1342], [-76.513401, 2.135307], [-76.507476, 2.132773], [-76.505656, 2.129953], [-76.50455, 2.128847], [-76.504193, 2.126669], [-76.503229, 2.126205], [-76.502337, 2.126241], [-76.501766, 2.126884], [-76.49684, 2.127455], [-76.491451, 2.128454], [-76.488631, 2.129311], [-76.487417, 2.129061], [-76.484205, 2.125135], [-76.483563, 2.123386], [-76.48392, 2.121137], [-76.483634, 2.119888], [-76.483099, 2.118139], [-76.48185, 2.11639], [-76.480814, 2.114106], [-76.480922, 2.111964], [-76.4806, 2.110858], [-76.476389, 2.110073], [-76.474604, 2.10918], [-76.472712, 2.102827], [-76.472213, 2.102078], [-76.469679, 2.101364], [-76.468608, 2.1004], [-76.46743, 2.100008], [-76.466395, 2.100257], [-76.463789, 2.101578], [-76.461148, 2.104683], [-76.456758, 2.109038], [-76.454331, 2.112428], [-76.452868, 2.113642], [-76.448299, 2.116355], [-76.44266, 2.119174], [-76.433201, 2.119602], [-76.430917, 2.120388], [-76.428883, 2.122458], [-76.424742, 2.128882], [-76.424314, 2.130381], [-76.424635, 2.132523], [-76.425813, 2.134736], [-76.426813, 2.135271], [-76.429454, 2.138343], [-76.430881, 2.141217], [-76.432802, 2.149213], [-76.435479, 2.152782], [-76.436138, 2.155115], [-76.437458, 2.161112], [-76.437387, 2.165181], [-76.436887, 2.166216], [-76.433497, 2.169035], [-76.432247, 2.170713], [-76.431783, 2.172355], [-76.432283, 2.173461], [-76.435817, 2.176495], [-76.436745, 2.177923], [-76.435272, 2.179655], [-76.435919, 2.180835], [-76.435957, 2.181596], [-76.434701, 2.183862], [-76.434434, 2.186793], [-76.433673, 2.188107], [-76.430303, 2.189668], [-76.424859, 2.191019], [-76.419478, 2.191811], [-76.422308, 2.190345], [-76.424186, 2.187523], [-76.424828, 2.187278], [-76.424662, 2.185566], [-76.425002, 2.184638], [-76.424487, 2.183877], [-76.424891, 2.18337], [-76.426098, 2.178707], [-76.425589, 2.172963], [-76.423631, 2.169769], [-76.423393, 2.168485], [-76.42157, 2.165846], [-76.421, 2.165552]]]}, "properties": {"NOMB_MPIO": "SAN AGUSTÍN", "NOMBRE_VER": "PARQUE NAL NATURAL PURACE", "AREA_HA": 59357.4682381}}]}