{"type":"FeatureCollection","features":[{"type": "Feature", "geometry": {"type": "MultiPolygon", "coordinates": [[[[-76.643483, 2.453553], [-76.642808, 2.453814], [-76.642405, 2.452573], [-76.643364, 2.452188], [-76.643618, 2.452601], [-76.64455, 2.45199], [-76.644934, 2.452615], [-76.645443, 2.452647], [-76.644795, 2.45417], [-76.643483, 2.453553]]], [[[-76.574526, 2.495455], [-76.57086, 2.497059], [-76.569695, 2.497154], [-76.560516, 2.494407], [-76.559096, 2.493592], [-76.558389, 2.492135], [-76.557727, 2.492633], [-76.558335, 2.493855], [-76.55809, 2.495289], [-76.554993, 2.493686], [-76.555346, 2.492551], [-76.557278, 2.49141], [-76.557006, 2.490764], [-76.55746, 2.490897], [-76.558052, 2.489319], [-76.557698, 2.489192], [-76.557892, 2.488653], [-76.558301, 2.488808], [-76.558534, 2.488131], [-76.558316, 2.488126], [-76.558, 2.486369], [-76.556768, 2.486207], [-76.557008, 2.485849], [-76.556496, 2.485256], [-76.556177, 2.483224], [-76.556384, 2.482824], [-76.555798, 2.481121], [-76.555941, 2.479824], [-76.555565, 2.479367], [-76.555292, 2.479493], [-76.554017, 2.478772], [-76.552701, 2.477273], [-76.552589, 2.476468], [-76.551752, 2.476765], [-76.551083, 2.476336], [-76.550609, 2.476511], [-76.550818, 2.476169], [-76.550665, 2.475871], [-76.550377, 2.476019], [-76.549926, 2.475171], [-76.550708, 2.474688], [-76.550906, 2.47402], [-76.550626, 2.473485], [-76.550883, 2.473327], [-76.550542, 2.472759], [-76.550281, 2.472888], [-76.549609, 2.471583], [-76.550268, 2.471483], [-76.550942, 2.471858], [-76.552643, 2.471541], [-76.554001, 2.470822], [-76.555328, 2.472489], [-76.555988, 2.472087], [-76.556972, 2.472614], [-76.557432, 2.472301], [-76.557891, 2.470979], [-76.559322, 2.4708], [-76.561394, 2.472649], [-76.562101, 2.472866], [-76.563414, 2.4726], [-76.56488, 2.473947], [-76.565823, 2.474135], [-76.565335, 2.473232], [-76.565183, 2.471847], [-76.56463, 2.471341], [-76.56581, 2.469692], [-76.56645, 2.470425], [-76.566481, 2.471533], [-76.566154, 2.472294], [-76.566423, 2.473267], [-76.56667, 2.473398], [-76.567192, 2.472906], [-76.567519, 2.473894], [-76.568411, 2.474194], [-76.57047, 2.472982], [-76.570515, 2.471515], [-76.571198, 2.469333], [-76.571577, 2.469789], [-76.572791, 2.469908], [-76.573743, 2.469355], [-76.574849, 2.469947], [-76.57482, 2.469203], [-76.575243, 2.468618], [-76.575894, 2.46905], [-76.577472, 2.467187], [-76.578116, 2.467167], [-76.578176, 2.467423], [-76.578689, 2.467197], [-76.579198, 2.466604], [-76.578038, 2.465673], [-76.576909, 2.466443], [-76.575364, 2.466148], [-76.575349, 2.464242], [-76.575507, 2.463666], [-76.576918, 2.46421], [-76.577637, 2.463986], [-76.577622, 2.463372], [-76.576742, 2.462477], [-76.576851, 2.461987], [-76.578422, 2.462753], [-76.578631, 2.46232], [-76.579459, 2.462272], [-76.579745, 2.462611], [-76.580448, 2.462254], [-76.581518, 2.462637], [-76.581792, 2.462175], [-76.582364, 2.462113], [-76.582072, 2.461281], [-76.580646, 2.461452], [-76.580642, 2.460198], [-76.580206, 2.460086], [-76.580605, 2.459722], [-76.579162, 2.459585], [-76.579277, 2.459063], [-76.580175, 2.45838], [-76.580047, 2.457795], [-76.579178, 2.457547], [-76.579581, 2.456673], [-76.579759, 2.456516], [-76.580691, 2.457938], [-76.580704, 2.459178], [-76.583676, 2.459078], [-76.584289, 2.459493], [-76.584021, 2.459174], [-76.583961, 2.457844], [-76.583363, 2.45785], [-76.583102, 2.45716], [-76.582388, 2.456645], [-76.583443, 2.45654], [-76.58298, 2.456105], [-76.583523, 2.455866], [-76.583818, 2.455277], [-76.583369, 2.455235], [-76.583528, 2.454129], [-76.583187, 2.45409], [-76.582602, 2.454657], [-76.581948, 2.454021], [-76.581509, 2.454024], [-76.581062, 2.452388], [-76.580293, 2.452485], [-76.579672, 2.451716], [-76.581324, 2.450149], [-76.581719, 2.450915], [-76.582812, 2.450263], [-76.583773, 2.450814], [-76.584245, 2.451424], [-76.583971, 2.451632], [-76.584544, 2.452281], [-76.584803, 2.451982], [-76.584135, 2.450731], [-76.585917, 2.449775], [-76.586404, 2.450666], [-76.587059, 2.450681], [-76.587939, 2.451799], [-76.58816, 2.45171], [-76.588273, 2.452549], [-76.58763, 2.453167], [-76.587713, 2.453417], [-76.588517, 2.453646], [-76.588805, 2.454184], [-76.589294, 2.454166], [-76.589114, 2.452038], [-76.588533, 2.451408], [-76.588843, 2.450821], [-76.588497, 2.45028], [-76.588005, 2.447109], [-76.58965, 2.443221], [-76.590223, 2.44331], [-76.590403, 2.444046], [-76.59106, 2.444347], [-76.590675, 2.444648], [-76.590974, 2.445155], [-76.590561, 2.445563], [-76.590652, 2.445953], [-76.591682, 2.445488], [-76.591708, 2.445113], [-76.592041, 2.445245], [-76.593879, 2.444291], [-76.593671, 2.443462], [-76.594242, 2.442864], [-76.59491, 2.444249], [-76.594856, 2.445263], [-76.595428, 2.445285], [-76.595917, 2.44477], [-76.596215, 2.445222], [-76.597257, 2.444683], [-76.597654, 2.443884], [-76.598776, 2.444411], [-76.59867, 2.443965], [-76.598028, 2.443575], [-76.598675, 2.442837], [-76.598563, 2.442605], [-76.597382, 2.442807], [-76.596735, 2.442466], [-76.597769, 2.441795], [-76.598061, 2.440739], [-76.59733, 2.441793], [-76.596336, 2.442298], [-76.595904, 2.442163], [-76.596034, 2.441629], [-76.597172, 2.441592], [-76.596366, 2.441371], [-76.596291, 2.440978], [-76.597935, 2.43931], [-76.597291, 2.439049], [-76.597263, 2.43864], [-76.596817, 2.438391], [-76.595663, 2.438212], [-76.595313, 2.437454], [-76.596119, 2.437178], [-76.596604, 2.437399], [-76.59731, 2.4363], [-76.59602, 2.436504], [-76.59601, 2.436139], [-76.597463, 2.435517], [-76.597535, 2.43517], [-76.597051, 2.434993], [-76.597093, 2.434173], [-76.597948, 2.434396], [-76.59814, 2.433954], [-76.595767, 2.433172], [-76.595566, 2.432851], [-76.59435, 2.433206], [-76.594506, 2.432324], [-76.597105, 2.432696], [-76.597144, 2.431978], [-76.597989, 2.43191], [-76.598278, 2.431422], [-76.597303, 2.430404], [-76.598379, 2.428929], [-76.597942, 2.427976], [-76.596948, 2.428089], [-76.596567, 2.428441], [-76.596129, 2.428103], [-76.596286, 2.427737], [-76.595047, 2.427634], [-76.595078, 2.42788], [-76.594668, 2.427935], [-76.594608, 2.42741], [-76.594234, 2.427241], [-76.594442, 2.426734], [-76.5963, 2.425017], [-76.597676, 2.425303], [-76.599211, 2.424715], [-76.599155, 2.423746], [-76.599528, 2.423537], [-76.599182, 2.423359], [-76.599258, 2.422961], [-76.599675, 2.42284], [-76.599745, 2.422323], [-76.600175, 2.422246], [-76.601048, 2.422729], [-76.601189, 2.423127], [-76.601211, 2.424235], [-76.600555, 2.425796], [-76.601245, 2.425965], [-76.601239, 2.42557], [-76.602303, 2.425527], [-76.603145, 2.425932], [-76.602894, 2.425403], [-76.603055, 2.424691], [-76.603926, 2.4248], [-76.604164, 2.424524], [-76.604245, 2.425139], [-76.60486, 2.425527], [-76.604484, 2.427112], [-76.605031, 2.427457], [-76.605474, 2.42671], [-76.605921, 2.426765], [-76.606406, 2.426374], [-76.605731, 2.427295], [-76.605536, 2.428299], [-76.605903, 2.428954], [-76.606155, 2.428702], [-76.607012, 2.429181], [-76.607407, 2.42721], [-76.606858, 2.42629], [-76.607163, 2.42492], [-76.606761, 2.424357], [-76.606863, 2.423935], [-76.606373, 2.423511], [-76.606696, 2.422859], [-76.606539, 2.421769], [-76.60731, 2.42136], [-76.607267, 2.420842], [-76.605695, 2.418093], [-76.604789, 2.41775], [-76.604826, 2.416897], [-76.604376, 2.416114], [-76.60561, 2.417437], [-76.606442, 2.416536], [-76.607186, 2.41666], [-76.606307, 2.417264], [-76.606005, 2.417879], [-76.607212, 2.418911], [-76.607768, 2.420212], [-76.608407, 2.420726], [-76.607755, 2.420724], [-76.60735, 2.423922], [-76.608188, 2.424013], [-76.607987, 2.424417], [-76.608606, 2.42508], [-76.607662, 2.424766], [-76.607998, 2.426509], [-76.608731, 2.427767], [-76.609402, 2.427418], [-76.610308, 2.425686], [-76.611066, 2.425481], [-76.611497, 2.424796], [-76.610734, 2.423862], [-76.610674, 2.422775], [-76.612251, 2.422885], [-76.612493, 2.421314], [-76.613469, 2.421984], [-76.614069, 2.420812], [-76.614802, 2.420375], [-76.615299, 2.419171], [-76.615653, 2.419355], [-76.616405, 2.420135], [-76.616494, 2.421225], [-76.616028, 2.422304], [-76.616485, 2.42372], [-76.616839, 2.424686], [-76.61716, 2.424718], [-76.617315, 2.425292], [-76.617675, 2.425271], [-76.617951, 2.426], [-76.617498, 2.427435], [-76.617155, 2.427521], [-76.617607, 2.427588], [-76.61808, 2.428175], [-76.619269, 2.428025], [-76.619296, 2.428602], [-76.620119, 2.429543], [-76.620035, 2.430322], [-76.621347, 2.429107], [-76.621678, 2.431145], [-76.622454, 2.431808], [-76.622921, 2.431545], [-76.623241, 2.431151], [-76.622549, 2.431112], [-76.622167, 2.430111], [-76.623519, 2.428875], [-76.622709, 2.428232], [-76.622644, 2.427493], [-76.62346, 2.427255], [-76.623886, 2.427686], [-76.624646, 2.427252], [-76.62478, 2.427647], [-76.624982, 2.427524], [-76.624834, 2.429084], [-76.624046, 2.429897], [-76.624812, 2.430563], [-76.625045, 2.431602], [-76.62413, 2.431979], [-76.624684, 2.433236], [-76.624578, 2.43372], [-76.623824, 2.43383], [-76.623358, 2.433253], [-76.623225, 2.434014], [-76.622603, 2.433474], [-76.621949, 2.434633], [-76.624995, 2.437288], [-76.625938, 2.437887], [-76.627147, 2.438101], [-76.627437, 2.437682], [-76.629074, 2.437952], [-76.629928, 2.437621], [-76.630777, 2.438474], [-76.631501, 2.438458], [-76.631787, 2.438987], [-76.631303, 2.439075], [-76.631603, 2.439642], [-76.631858, 2.439463], [-76.634143, 2.439909], [-76.634364, 2.439301], [-76.633976, 2.439052], [-76.634095, 2.438748], [-76.633771, 2.438719], [-76.634585, 2.43742], [-76.633556, 2.436365], [-76.633795, 2.435641], [-76.63461, 2.435173], [-76.635086, 2.436458], [-76.636062, 2.43745], [-76.635105, 2.437848], [-76.635416, 2.437959], [-76.635649, 2.438704], [-76.635556, 2.440463], [-76.635139, 2.441446], [-76.634438, 2.441405], [-76.633799, 2.4419], [-76.63378, 2.442487], [-76.634341, 2.442949], [-76.634155, 2.443372], [-76.634507, 2.443568], [-76.633997, 2.444161], [-76.634575, 2.445546], [-76.633867, 2.445407], [-76.634054, 2.446339], [-76.633463, 2.446698], [-76.634197, 2.447682], [-76.638562, 2.451248], [-76.638711, 2.45022], [-76.638248, 2.450074], [-76.637982, 2.448991], [-76.638069, 2.448601], [-76.638568, 2.448414], [-76.638062, 2.4479], [-76.637638, 2.447959], [-76.637433, 2.447518], [-76.637348, 2.44713], [-76.637916, 2.446573], [-76.637636, 2.446097], [-76.638006, 2.44602], [-76.637322, 2.445727], [-76.637142, 2.444364], [-76.637429, 2.44437], [-76.637555, 2.443882], [-76.638334, 2.444042], [-76.63836, 2.443533], [-76.637677, 2.443321], [-76.637874, 2.442263], [-76.638378, 2.442281], [-76.63824, 2.442941], [-76.638857, 2.442779], [-76.639786, 2.44329], [-76.639903, 2.442333], [-76.639036, 2.441651], [-76.638144, 2.441862], [-76.637737, 2.441465], [-76.637837, 2.441204], [-76.637143, 2.440767], [-76.637645, 2.439691], [-76.637127, 2.439432], [-76.637126, 2.438788], [-76.637592, 2.439089], [-76.639443, 2.439111], [-76.639772, 2.439325], [-76.639624, 2.440008], [-76.639126, 2.439982], [-76.639088, 2.440109], [-76.639885, 2.440225], [-76.642765, 2.442415], [-76.643137, 2.444732], [-76.642506, 2.445728], [-76.642836, 2.446013], [-76.641616, 2.447434], [-76.641221, 2.449326], [-76.643497, 2.449124], [-76.643666, 2.44986], [-76.641128, 2.450351], [-76.64177, 2.450351], [-76.641823, 2.450837], [-76.641119, 2.450649], [-76.641466, 2.452188], [-76.640301, 2.452102], [-76.63997, 2.451443], [-76.639743, 2.451587], [-76.640283, 2.452711], [-76.640173, 2.453312], [-76.642035, 2.454276], [-76.64231, 2.455331], [-76.642817, 2.455764], [-76.643691, 2.455652], [-76.643405, 2.455092], [-76.643656, 2.454934], [-76.643782, 2.455184], [-76.645668, 2.455392], [-76.645417, 2.456073], [-76.646335, 2.456272], [-76.647268, 2.456907], [-76.647063, 2.457122], [-76.648023, 2.457367], [-76.647512, 2.457905], [-76.64805, 2.458187], [-76.646018, 2.462406], [-76.644053, 2.46261], [-76.645517, 2.465055], [-76.645446, 2.465944], [-76.644318, 2.466537], [-76.644077, 2.467485], [-76.642127, 2.466372], [-76.641313, 2.466248], [-76.640764, 2.465594], [-76.640288, 2.466764], [-76.63995, 2.466855], [-76.638437, 2.46627], [-76.637104, 2.465118], [-76.636002, 2.465708], [-76.635343, 2.465706], [-76.634712, 2.465061], [-76.634508, 2.463195], [-76.632594, 2.461453], [-76.629468, 2.461653], [-76.628797, 2.461962], [-76.628687, 2.462633], [-76.627203, 2.463295], [-76.625299, 2.463233], [-76.624476, 2.462591], [-76.625177, 2.460421], [-76.624207, 2.45886], [-76.623661, 2.458989], [-76.623172, 2.459943], [-76.622751, 2.460108], [-76.621392, 2.458818], [-76.620857, 2.458744], [-76.620263, 2.459158], [-76.619686, 2.460723], [-76.617307, 2.460933], [-76.615618, 2.459589], [-76.615341, 2.45863], [-76.614533, 2.458104], [-76.613949, 2.459853], [-76.613331, 2.460283], [-76.612659, 2.460098], [-76.610922, 2.458707], [-76.610608, 2.460065], [-76.610127, 2.460596], [-76.608202, 2.459756], [-76.607414, 2.460164], [-76.60687, 2.461005], [-76.606022, 2.461352], [-76.604448, 2.460019], [-76.603961, 2.460023], [-76.603209, 2.460601], [-76.602726, 2.461397], [-76.602886, 2.463798], [-76.602484, 2.464362], [-76.603591, 2.469762], [-76.60134, 2.468949], [-76.601195, 2.470687], [-76.600352, 2.470651], [-76.599439, 2.470287], [-76.599089, 2.468635], [-76.59795, 2.468182], [-76.598307, 2.467296], [-76.597925, 2.467097], [-76.598105, 2.466683], [-76.598647, 2.466697], [-76.598333, 2.465337], [-76.597162, 2.464859], [-76.597178, 2.464334], [-76.595096, 2.463312], [-76.594371, 2.463458], [-76.594009, 2.464471], [-76.595025, 2.469926], [-76.59331, 2.470883], [-76.592892, 2.470476], [-76.59081, 2.470525], [-76.588332, 2.471418], [-76.590882, 2.474643], [-76.590963, 2.475148], [-76.592791, 2.47422], [-76.593252, 2.474531], [-76.594003, 2.474459], [-76.5941, 2.475111], [-76.595325, 2.474055], [-76.595491, 2.474809], [-76.594416, 2.475879], [-76.592856, 2.475758], [-76.592809, 2.476578], [-76.591785, 2.476583], [-76.591139, 2.47702], [-76.590662, 2.478274], [-76.590717, 2.479291], [-76.589303, 2.479331], [-76.588388, 2.479967], [-76.58711, 2.484243], [-76.588012, 2.484813], [-76.591248, 2.485503], [-76.592415, 2.486713], [-76.591929, 2.487073], [-76.593, 2.487231], [-76.593239, 2.489004], [-76.593881, 2.489398], [-76.594707, 2.489753], [-76.594933, 2.489187], [-76.596994, 2.489964], [-76.596791, 2.490609], [-76.597976, 2.491327], [-76.597586, 2.492412], [-76.592647, 2.490591], [-76.590337, 2.489322], [-76.589668, 2.490309], [-76.58829, 2.489513], [-76.588225, 2.490252], [-76.588986, 2.490269], [-76.588876, 2.490563], [-76.589831, 2.491233], [-76.590367, 2.491232], [-76.590916, 2.491727], [-76.591158, 2.491451], [-76.592332, 2.492305], [-76.592479, 2.491914], [-76.593147, 2.492042], [-76.593671, 2.492585], [-76.5933, 2.494297], [-76.592362, 2.494034], [-76.59258, 2.493356], [-76.590037, 2.491927], [-76.589564, 2.492892], [-76.588908, 2.492506], [-76.588168, 2.493594], [-76.586802, 2.492434], [-76.586393, 2.49157], [-76.585563, 2.492965], [-76.585135, 2.493129], [-76.584261, 2.49247], [-76.583962, 2.492663], [-76.582801, 2.492298], [-76.582272, 2.491704], [-76.577751, 2.493803], [-76.578979, 2.494473], [-76.579869, 2.495594], [-76.580051, 2.495343], [-76.580657, 2.495863], [-76.580121, 2.496551], [-76.580239, 2.496906], [-76.579047, 2.495959], [-76.575845, 2.494727], [-76.575283, 2.49517], [-76.576458, 2.495829], [-76.57712, 2.496757], [-76.577039, 2.497333], [-76.576006, 2.498635], [-76.575205, 2.496339], [-76.574526, 2.495455]]]]}, "properties": {"zu_cnmbre": "POPAYÁN", "zu_narea": 33054304.1851, "zu_nano": 2025}},{"type": "Feature", "geometry": {"type": "Polygon", "coordinates": [[[-76.489256, 3.037557], [-76.487318, 3.031192], [-76.48694, 3.031271], [-76.485189, 3.032044], [-76.48079, 3.035282], [-76.479899, 3.035502], [-76.478613, 3.033962], [-76.477543, 3.031636], [-76.477011, 3.03115], [-76.476275, 3.031179], [-76.475967, 3.030732], [-76.475883, 3.029498], [-76.474485, 3.0279], [-76.474144, 3.02669], [-76.473602, 3.026217], [-76.472894, 3.022601], [-76.472201, 3.021727], [-76.472866, 3.017544], [-76.471475, 3.017004], [-76.471199, 3.016121], [-76.47128, 3.014418], [-76.47175, 3.013212], [-76.472677, 3.011753], [-76.474552, 3.009997], [-76.474573, 3.009335], [-76.474849, 3.00919], [-76.474263, 3.00908], [-76.474494, 3.008232], [-76.474204, 3.006091], [-76.474346, 3.004634], [-76.473641, 3.003788], [-76.473758, 3.003329], [-76.474447, 3.003076], [-76.474679, 3.002434], [-76.473475, 3.002512], [-76.473339, 3.002252], [-76.472651, 3.002622], [-76.472011, 3.004494], [-76.471185, 3.005689], [-76.46962, 3.004781], [-76.472628, 3.001586], [-76.471216, 3.001019], [-76.471146, 2.999104], [-76.47191, 2.998474], [-76.47279, 2.998442], [-76.472533, 2.997968], [-76.473319, 2.9969], [-76.472946, 2.996477], [-76.473444, 2.996729], [-76.474452, 2.996599], [-76.47443, 2.996932], [-76.475085, 2.99711], [-76.475131, 2.995891], [-76.475687, 2.995823], [-76.476234, 2.996617], [-76.476641, 2.996417], [-76.476992, 2.996983], [-76.477297, 2.99691], [-76.476817, 2.99724], [-76.477532, 2.997973], [-76.478201, 2.999529], [-76.478879, 3.0], [-76.479802, 2.999438], [-76.480146, 2.998739], [-76.481178, 2.999017], [-76.481421, 2.998316], [-76.479672, 2.996733], [-76.479099, 2.996565], [-76.477658, 2.996924], [-76.477174, 2.996528], [-76.477652, 2.996164], [-76.477756, 2.996394], [-76.478334, 2.996214], [-76.478756, 2.995639], [-76.479806, 2.99582], [-76.479833, 2.995258], [-76.480464, 2.99525], [-76.481379, 2.996271], [-76.481629, 2.994906], [-76.482514, 2.99454], [-76.483032, 2.994785], [-76.483088, 2.993037], [-76.484647, 2.993226], [-76.484451, 2.993985], [-76.484733, 2.993942], [-76.484978, 2.994497], [-76.485477, 2.994044], [-76.485696, 2.994597], [-76.486676, 2.994256], [-76.486407, 2.994723], [-76.486929, 2.995058], [-76.486802, 2.995369], [-76.487291, 2.995313], [-76.48799, 2.996796], [-76.488047, 2.998233], [-76.488547, 2.998343], [-76.490374, 2.99726], [-76.490614, 2.996837], [-76.49094, 2.99703], [-76.491685, 2.996136], [-76.491804, 2.995574], [-76.491223, 2.994456], [-76.491462, 2.994408], [-76.491116, 2.993868], [-76.490494, 2.99405], [-76.490205, 2.993421], [-76.490973, 2.993142], [-76.493108, 2.993219], [-76.493451, 2.993736], [-76.492972, 2.995308], [-76.494641, 2.996183], [-76.494957, 2.997145], [-76.494749, 2.997883], [-76.495318, 2.998997], [-76.495341, 3.000704], [-76.496259, 3.00211], [-76.496642, 3.004119], [-76.497596, 3.005166], [-76.498901, 3.005324], [-76.499017, 3.005914], [-76.499232, 3.009549], [-76.498969, 3.009532], [-76.498455, 3.008322], [-76.498175, 3.008219], [-76.497751, 3.008675], [-76.496936, 3.00799], [-76.495531, 3.009763], [-76.495982, 3.010573], [-76.496019, 3.011445], [-76.493738, 3.013215], [-76.494779, 3.013228], [-76.495031, 3.013983], [-76.4965, 3.015768], [-76.496584, 3.016621], [-76.495975, 3.017429], [-76.495014, 3.016387], [-76.494574, 3.016597], [-76.494393, 3.017283], [-76.494931, 3.016967], [-76.495363, 3.017887], [-76.49582, 3.017881], [-76.496183, 3.01862], [-76.495611, 3.019233], [-76.496673, 3.020363], [-76.496242, 3.020426], [-76.496209, 3.021402], [-76.497428, 3.022205], [-76.497759, 3.022988], [-76.496959, 3.024184], [-76.496573, 3.024309], [-76.497746, 3.026131], [-76.497403, 3.026215], [-76.498025, 3.027521], [-76.497181, 3.028034], [-76.497589, 3.028959], [-76.497446, 3.029765], [-76.497996, 3.029971], [-76.498537, 3.030816], [-76.498341, 3.031958], [-76.498664, 3.032162], [-76.498628, 3.033868], [-76.496549, 3.03497], [-76.495996, 3.033359], [-76.489256, 3.037557]]]}, "properties": {"zu_cnmbre": "SANTANDER DE QUILICHAO", "zu_narea": 10972086.657, "zu_nano": 2025}},{"type": "Feature", "geometry": {"type": "Polygon", "coordinates": [[[-76.494584, 2.989704], [-76.493735, 2.989669], [-76.494495, 2.989356], [-76.494201, 2.986427], [-76.494878, 2.986073], [-76.494786, 2.98442], [-76.495197, 2.984208], [-76.495641, 2.984806], [-76.496112, 2.984066], [-76.496419, 2.98494], [-76.495956, 2.985457], [-76.496818, 2.986569], [-76.496305, 2.987391], [-76.49693, 2.988505], [-76.495772, 2.989746], [-76.496202, 2.991498], [-76.495932, 2.992387], [-76.493999, 2.994226], [-76.494149, 2.995719], [-76.492972, 2.995308], [-76.492997, 2.994756], [-76.493451, 2.993736], [-76.494774, 2.992663], [-76.494941, 2.992019], [-76.494584, 2.989704]]]}, "properties": {"zu_cnmbre": "EL TAJO", "zu_narea": 202895.35156, "zu_nano": 2025}},{"type": "Feature", "geometry": {"type": "Polygon", "coordinates": [[[-76.470185, 2.995329], [-76.470292, 2.994126], [-76.471049, 2.994498], [-76.470972, 2.99495], [-76.472264, 2.995145], [-76.473319, 2.9969], [-76.472811, 2.997477], [-76.471799, 2.996349], [-76.469666, 2.995896], [-76.470185, 2.995329]]]}, "properties": {"zu_cnmbre": "LOURDES", "zu_narea": 52876.1538722, "zu_nano": 2025}},{"type": "Feature", "geometry": {"type": "Polygon", "coordinates": [[[-75.280721, 2.982745], [-75.279351, 2.979799], [-75.278159, 2.979299], [-75.277586, 2.979255], [-75.27731, 2.979718], [-75.276986, 2.979546], [-75.276118, 2.979045], [-75.276018, 2.978445], [-75.274464, 2.977203], [-75.273921, 2.978328], [-75.274082, 2.978967], [-75.274798, 2.979226], [-75.274714, 2.980291], [-75.273422, 2.978115], [-75.272973, 2.975734], [-75.272325, 2.975788], [-75.272218, 2.976158], [-75.271593, 2.975682], [-75.270779, 2.975667], [-75.268108, 2.974616], [-75.267262, 2.973625], [-75.266323, 2.97365], [-75.268455, 2.972728], [-75.268235, 2.972592], [-75.268641, 2.972031], [-75.26818, 2.97206], [-75.267656, 2.971483], [-75.266695, 2.971881], [-75.266275, 2.973064], [-75.265562, 2.972899], [-75.264794, 2.973264], [-75.264374, 2.973072], [-75.264237, 2.972549], [-75.265147, 2.9719], [-75.265371, 2.972591], [-75.266199, 2.972163], [-75.265715, 2.971858], [-75.26561, 2.970662], [-75.266881, 2.970255], [-75.266559, 2.967904], [-75.266898, 2.966476], [-75.26778, 2.966783], [-75.268608, 2.966142], [-75.268249, 2.96522], [-75.268384, 2.963696], [-75.271635, 2.963557], [-75.271677, 2.960575], [-75.275941, 2.959795], [-75.275609, 2.958134], [-75.277659, 2.957505], [-75.277487, 2.956843], [-75.275818, 2.955477], [-75.276517, 2.954679], [-75.276243, 2.954371], [-75.27581, 2.954289], [-75.274153, 2.955878], [-75.272192, 2.956806], [-75.271281, 2.956244], [-75.26856, 2.956865], [-75.267025, 2.956825], [-75.26571, 2.956359], [-75.263772, 2.957026], [-75.261966, 2.95597], [-75.259914, 2.956022], [-75.258919, 2.955313], [-75.25518, 2.95452], [-75.25453, 2.954727], [-75.252381, 2.956542], [-75.250998, 2.956844], [-75.250205, 2.956054], [-75.250285, 2.95356], [-75.249341, 2.952417], [-75.248087, 2.952456], [-75.24758, 2.953132], [-75.247099, 2.953243], [-75.246152, 2.952162], [-75.245588, 2.950384], [-75.24264, 2.949331], [-75.241783, 2.949405], [-75.240478, 2.950463], [-75.240057, 2.950442], [-75.239124, 2.949607], [-75.238098, 2.947929], [-75.237248, 2.947615], [-75.236341, 2.946357], [-75.236582, 2.945069], [-75.235924, 2.944082], [-75.235807, 2.943076], [-75.238203, 2.941388], [-75.239202, 2.941512], [-75.240693, 2.940232], [-75.240411, 2.939267], [-75.241363, 2.938875], [-75.241041, 2.9381], [-75.240103, 2.938562], [-75.239803, 2.937743], [-75.241796, 2.9369], [-75.24056, 2.933785], [-75.242924, 2.93284], [-75.242582, 2.931881], [-75.243321, 2.931899], [-75.244809, 2.93037], [-75.245875, 2.930203], [-75.247401, 2.929092], [-75.248508, 2.929054], [-75.249706, 2.927822], [-75.24962, 2.927091], [-75.251432, 2.926106], [-75.253574, 2.924177], [-75.255376, 2.923611], [-75.257483, 2.923402], [-75.258566, 2.922745], [-75.259356, 2.92285], [-75.2604, 2.922348], [-75.260714, 2.921955], [-75.260537, 2.920975], [-75.260918, 2.919745], [-75.262351, 2.91912], [-75.262921, 2.918405], [-75.263035, 2.9175], [-75.264068, 2.917066], [-75.266256, 2.914934], [-75.267573, 2.914659], [-75.267509, 2.913332], [-75.266955, 2.912202], [-75.264789, 2.913274], [-75.263132, 2.913256], [-75.259923, 2.909316], [-75.259013, 2.907758], [-75.258977, 2.905605], [-75.258521, 2.903966], [-75.257419, 2.901536], [-75.25638, 2.900551], [-75.257803, 2.899495], [-75.257674, 2.899019], [-75.256845, 2.898558], [-75.256905, 2.89804], [-75.258505, 2.897225], [-75.257905, 2.894056], [-75.25863, 2.893034], [-75.251066, 2.893185], [-75.250983, 2.891775], [-75.248728, 2.89203], [-75.248032, 2.890763], [-75.247681, 2.890704], [-75.247973, 2.889871], [-75.24899, 2.889615], [-75.249264, 2.889003], [-75.249652, 2.888983], [-75.249261, 2.887312], [-75.252748, 2.885664], [-75.252976, 2.887234], [-75.253365, 2.887594], [-75.254783, 2.886822], [-75.255018, 2.887144], [-75.25575, 2.886757], [-75.259253, 2.891249], [-75.260625, 2.891167], [-75.26105, 2.892098], [-75.263942, 2.891517], [-75.264537, 2.892203], [-75.264232, 2.892194], [-75.264237, 2.89276], [-75.25997, 2.892948], [-75.261847, 2.896605], [-75.263664, 2.89475], [-75.26421, 2.894847], [-75.266727, 2.893233], [-75.266601, 2.891517], [-75.267541, 2.891297], [-75.268662, 2.891476], [-75.275037, 2.886136], [-75.275095, 2.886799], [-75.27658, 2.887145], [-75.277557, 2.886002], [-75.278368, 2.887427], [-75.278879, 2.887404], [-75.278908, 2.886814], [-75.279384, 2.886433], [-75.279469, 2.887122], [-75.280221, 2.886945], [-75.280711, 2.887449], [-75.282549, 2.887836], [-75.282995, 2.887086], [-75.28373, 2.88749], [-75.284215, 2.887261], [-75.284497, 2.886269], [-75.285133, 2.886426], [-75.285275, 2.887304], [-75.28619, 2.888916], [-75.284803, 2.890581], [-75.284212, 2.890824], [-75.284471, 2.892491], [-75.283759, 2.896327], [-75.286055, 2.897347], [-75.287139, 2.898322], [-75.287535, 2.899373], [-75.287481, 2.902097], [-75.287825, 2.902233], [-75.288906, 2.902115], [-75.290214, 2.898882], [-75.291654, 2.897841], [-75.294095, 2.900178], [-75.296589, 2.900802], [-75.295226, 2.903794], [-75.293085, 2.904603], [-75.292335, 2.905359], [-75.292344, 2.908066], [-75.293727, 2.909436], [-75.295626, 2.908899], [-75.296937, 2.911396], [-75.297073, 2.912853], [-75.296596, 2.915827], [-75.297047, 2.916916], [-75.296479, 2.919495], [-75.296981, 2.921533], [-75.300008, 2.922923], [-75.301042, 2.923987], [-75.303351, 2.923959], [-75.304318, 2.924773], [-75.304654, 2.926407], [-75.304033, 2.928003], [-75.304083, 2.928831], [-75.30566, 2.930665], [-75.305725, 2.931108], [-75.30445, 2.933202], [-75.30409, 2.934491], [-75.305733, 2.936167], [-75.308345, 2.937717], [-75.308963, 2.938709], [-75.308779, 2.946156], [-75.306875, 2.953614], [-75.305066, 2.956717], [-75.301644, 2.959465], [-75.300547, 2.962102], [-75.300601, 2.971118], [-75.30003, 2.974353], [-75.29935, 2.975757], [-75.295445, 2.98117], [-75.293347, 2.982194], [-75.292756, 2.982108], [-75.291687, 2.981197], [-75.291084, 2.982065], [-75.289344, 2.982918], [-75.287187, 2.982715], [-75.286335, 2.983621], [-75.284716, 2.986618], [-75.284095, 2.987049], [-75.282974, 2.986833], [-75.28156, 2.985544], [-75.280594, 2.983552], [-75.280721, 2.982745]], [[-75.274237, 2.975416], [-75.275449, 2.975255], [-75.277035, 2.973925], [-75.277626, 2.974562], [-75.278206, 2.974312], [-75.278513, 2.973647], [-75.278137, 2.973897], [-75.277869, 2.973726], [-75.278273, 2.973122], [-75.277333, 2.973731], [-75.277058, 2.972974], [-75.277878, 2.97242], [-75.278524, 2.972953], [-75.278622, 2.972332], [-75.279017, 2.972353], [-75.277778, 2.971781], [-75.278302, 2.971006], [-75.278007, 2.970754], [-75.277799, 2.968595], [-75.27842, 2.967822], [-75.277811, 2.967789], [-75.277572, 2.966789], [-75.276975, 2.966569], [-75.277101, 2.965386], [-75.275638, 2.965024], [-75.276151, 2.961487], [-75.274908, 2.961705], [-75.274452, 2.965746], [-75.273647, 2.965933], [-75.273056, 2.966635], [-75.273659, 2.967717], [-75.272037, 2.968023], [-75.271941, 2.968966], [-75.271196, 2.96924], [-75.271158, 2.970187], [-75.270688, 2.970052], [-75.270106, 2.970448], [-75.270053, 2.971131], [-75.268842, 2.972885], [-75.268992, 2.973379], [-75.269991, 2.973589], [-75.271663, 2.972271], [-75.272449, 2.971164], [-75.272923, 2.971527], [-75.272829, 2.972932], [-75.271765, 2.973118], [-75.271223, 2.974107], [-75.272544, 2.974505], [-75.272554, 2.97474], [-75.274233, 2.974251], [-75.273941, 2.974664], [-75.274237, 2.975416]]]}, "properties": {"zu_cnmbre": "NEIVA", "zu_narea": 48109879.7526, "zu_nano": 2025}},{"type": "Feature", "geometry": {"type": "Polygon", "coordinates": [[[-75.310575, 2.529594], [-75.311458, 2.528532], [-75.310474, 2.526876], [-75.310622, 2.525113], [-75.309995, 2.524525], [-75.308067, 2.524715], [-75.307046, 2.524224], [-75.306839, 2.52365], [-75.30619, 2.523234], [-75.305956, 2.522344], [-75.305524, 2.522144], [-75.305431, 2.521413], [-75.304936, 2.520846], [-75.308501, 2.521101], [-75.309999, 2.520626], [-75.309089, 2.517419], [-75.309302, 2.517222], [-75.309876, 2.517661], [-75.312085, 2.517284], [-75.314321, 2.516194], [-75.313392, 2.514786], [-75.313612, 2.5145], [-75.313175, 2.513444], [-75.313303, 2.512968], [-75.312452, 2.511868], [-75.311946, 2.510459], [-75.312923, 2.509719], [-75.313664, 2.511213], [-75.314776, 2.511403], [-75.316014, 2.512159], [-75.316858, 2.513161], [-75.316528, 2.513898], [-75.317055, 2.515332], [-75.315416, 2.516842], [-75.315446, 2.517606], [-75.324002, 2.517258], [-75.325426, 2.519985], [-75.323371, 2.520317], [-75.323656, 2.522142], [-75.321107, 2.52267], [-75.322285, 2.524843], [-75.320165, 2.526283], [-75.319589, 2.527029], [-75.319912, 2.527322], [-75.320373, 2.526959], [-75.320978, 2.527804], [-75.320177, 2.528513], [-75.319724, 2.528171], [-75.319371, 2.52834], [-75.319059, 2.527836], [-75.319396, 2.52763], [-75.318834, 2.527221], [-75.318468, 2.528699], [-75.317877, 2.528509], [-75.316101, 2.528921], [-75.314017, 2.52811], [-75.312445, 2.530418], [-75.310575, 2.529594]]]}, "properties": {"zu_cnmbre": "ALGECIRAS", "zu_narea": 2132375.24265, "zu_nano": 2025}},{"type": "Feature", "geometry": {"type": "MultiPolygon", "coordinates": [[[[-75.630868, 2.189284], [-75.630571, 2.188618], [-75.629459, 2.188288], [-75.629406, 2.187956], [-75.631287, 2.187342], [-75.631531, 2.186845], [-75.633104, 2.188437], [-75.630868, 2.189284]]], [[[-75.64638, 2.189518], [-75.645856, 2.18913], [-75.645352, 2.190249], [-75.644882, 2.189845], [-75.645248, 2.188696], [-75.645865, 2.189121], [-75.646052, 2.188669], [-75.646898, 2.189061], [-75.6471, 2.1889], [-75.647326, 2.189243], [-75.646918, 2.18929], [-75.646463, 2.190858], [-75.646186, 2.190691], [-75.64638, 2.189518]]], [[[-75.612354, 2.198671], [-75.61267, 2.198182], [-75.615502, 2.198387], [-75.614253, 2.200358], [-75.612354, 2.198671]]], [[[-75.645279, 2.199086], [-75.644138, 2.199301], [-75.644812, 2.198116], [-75.64555, 2.198387], [-75.646479, 2.200009], [-75.646404, 2.200802], [-75.645961, 2.20074], [-75.645947, 2.20004], [-75.645279, 2.199086]]], [[[-75.628203, 2.208292], [-75.628104, 2.207563], [-75.627526, 2.207406], [-75.627415, 2.206623], [-75.626657, 2.206316], [-75.627136, 2.204543], [-75.626639, 2.204226], [-75.627854, 2.202691], [-75.626381, 2.20146], [-75.624853, 2.202781], [-75.624425, 2.204385], [-75.622744, 2.206207], [-75.622381, 2.20802], [-75.621204, 2.20814], [-75.621381, 2.207389], [-75.621024, 2.207148], [-75.621676, 2.206724], [-75.622478, 2.204215], [-75.623, 2.203984], [-75.622744, 2.203273], [-75.623254, 2.202947], [-75.622506, 2.202452], [-75.623059, 2.201916], [-75.622565, 2.20099], [-75.623298, 2.199979], [-75.621151, 2.199819], [-75.620797, 2.200059], [-75.621487, 2.200202], [-75.621281, 2.200713], [-75.619481, 2.201427], [-75.618077, 2.200785], [-75.618284, 2.199472], [-75.617796, 2.199238], [-75.617929, 2.198582], [-75.617051, 2.19827], [-75.616348, 2.197525], [-75.614629, 2.197033], [-75.612688, 2.195323], [-75.611909, 2.195619], [-75.611374, 2.195073], [-75.610743, 2.195067], [-75.607913, 2.196078], [-75.607483, 2.19586], [-75.607821, 2.19517], [-75.606754, 2.194829], [-75.607167, 2.194085], [-75.60672, 2.193415], [-75.607193, 2.192773], [-75.608648, 2.193403], [-75.608875, 2.192946], [-75.608183, 2.192662], [-75.608381, 2.192213], [-75.609056, 2.192451], [-75.609474, 2.191818], [-75.60965, 2.190147], [-75.610888, 2.190325], [-75.610936, 2.189745], [-75.613183, 2.189479], [-75.613469, 2.190033], [-75.61394, 2.189977], [-75.615265, 2.188571], [-75.61542, 2.188368], [-75.612746, 2.186714], [-75.614203, 2.185105], [-75.615302, 2.186162], [-75.615081, 2.1866], [-75.615599, 2.18697], [-75.615324, 2.187227], [-75.615884, 2.187263], [-75.616298, 2.18758], [-75.616191, 2.18782], [-75.61858, 2.189082], [-75.617921, 2.189937], [-75.618714, 2.190383], [-75.619335, 2.191231], [-75.618242, 2.192125], [-75.620074, 2.191691], [-75.620377, 2.19126], [-75.62038, 2.189397], [-75.619359, 2.187981], [-75.618877, 2.186426], [-75.618153, 2.185736], [-75.618012, 2.185125], [-75.616098, 2.183153], [-75.616231, 2.182749], [-75.615693, 2.181458], [-75.615993, 2.181305], [-75.616377, 2.181994], [-75.61757, 2.181691], [-75.617531, 2.181313], [-75.61801, 2.181245], [-75.618782, 2.183172], [-75.619729, 2.183808], [-75.620029, 2.184754], [-75.621555, 2.186042], [-75.621706, 2.186862], [-75.622439, 2.187256], [-75.621906, 2.18671], [-75.621904, 2.186006], [-75.622754, 2.184921], [-75.622978, 2.185336], [-75.623563, 2.184737], [-75.623612, 2.18564], [-75.624013, 2.186102], [-75.624541, 2.185455], [-75.625082, 2.186697], [-75.62369, 2.187599], [-75.62444, 2.188814], [-75.62685, 2.190045], [-75.627016, 2.191254], [-75.62794, 2.191566], [-75.628249, 2.191948], [-75.62813, 2.192341], [-75.629114, 2.193289], [-75.629608, 2.192711], [-75.629223, 2.192141], [-75.62999, 2.191909], [-75.631026, 2.190374], [-75.630811, 2.189836], [-75.632808, 2.191063], [-75.634505, 2.190116], [-75.634802, 2.191243], [-75.635288, 2.191165], [-75.63561, 2.191564], [-75.636891, 2.191261], [-75.637535, 2.191794], [-75.639248, 2.192314], [-75.63956, 2.191336], [-75.641465, 2.191198], [-75.642063, 2.190561], [-75.643151, 2.190347], [-75.643095, 2.191095], [-75.643494, 2.191429], [-75.644945, 2.191511], [-75.644554, 2.192302], [-75.646629, 2.191474], [-75.647708, 2.191451], [-75.64818, 2.191036], [-75.648439, 2.190183], [-75.648624, 2.190291], [-75.64794, 2.191583], [-75.647027, 2.192191], [-75.647425, 2.192389], [-75.646061, 2.193453], [-75.646022, 2.193929], [-75.643512, 2.197301], [-75.644275, 2.197813], [-75.643539, 2.198982], [-75.643972, 2.199227], [-75.643694, 2.199998], [-75.642526, 2.20201], [-75.640847, 2.201248], [-75.640522, 2.201745], [-75.639736, 2.200766], [-75.639185, 2.20074], [-75.638588, 2.201654], [-75.637816, 2.201468], [-75.636866, 2.202182], [-75.636859, 2.202883], [-75.637654, 2.203626], [-75.640074, 2.203306], [-75.641153, 2.201826], [-75.641678, 2.202089], [-75.641668, 2.202758], [-75.640501, 2.203838], [-75.639435, 2.204468], [-75.638567, 2.204522], [-75.638517, 2.205882], [-75.638062, 2.205861], [-75.63815, 2.204389], [-75.637656, 2.204392], [-75.637541, 2.204904], [-75.637077, 2.204918], [-75.637078, 2.204324], [-75.636567, 2.203786], [-75.633582, 2.202827], [-75.633691, 2.202028], [-75.63486, 2.202203], [-75.634732, 2.201884], [-75.632694, 2.202073], [-75.6326, 2.201811], [-75.6317, 2.201752], [-75.631598, 2.20295], [-75.630975, 2.203523], [-75.630797, 2.203339], [-75.630434, 2.203734], [-75.629591, 2.203878], [-75.629624, 2.204378], [-75.628958, 2.20398], [-75.629288, 2.204743], [-75.629884, 2.20511], [-75.628972, 2.206236], [-75.629199, 2.207669], [-75.628847, 2.208191], [-75.628203, 2.208292]]], [[[-75.62304, 2.217667], [-75.622446, 2.217944], [-75.621517, 2.217788], [-75.62104, 2.218175], [-75.617473, 2.216538], [-75.617424, 2.216151], [-75.618022, 2.215923], [-75.618811, 2.214878], [-75.619591, 2.214867], [-75.620206, 2.214408], [-75.620446, 2.213895], [-75.619753, 2.213209], [-75.620223, 2.212622], [-75.620981, 2.212889], [-75.621482, 2.212108], [-75.621167, 2.211845], [-75.621183, 2.210862], [-75.620562, 2.210114], [-75.620819, 2.209314], [-75.620481, 2.209008], [-75.62097, 2.209031], [-75.621521, 2.210019], [-75.623329, 2.211217], [-75.623247, 2.211518], [-75.622984, 2.211426], [-75.622593, 2.213923], [-75.623854, 2.21535], [-75.623715, 2.216943], [-75.624313, 2.217609], [-75.623833, 2.218298], [-75.62304, 2.217667]]]]}, "properties": {"zu_cnmbre": "GARZÓN", "zu_narea": 5735736.79109, "zu_nano": 2025}},{"type": "Feature", "geometry": {"type": "MultiPolygon", "coordinates": [[[[-76.05908, 1.832774], [-76.059058, 1.831481], [-76.060201, 1.831485], [-76.060374, 1.831828], [-76.059858, 1.832126], [-76.060082, 1.832587], [-76.059468, 1.832418], [-76.05908, 1.832774]]], [[[-76.063191, 1.83597], [-76.062316, 1.835801], [-76.061783, 1.834703], [-76.062011, 1.834333], [-76.061228, 1.834019], [-76.062032, 1.833618], [-76.063901, 1.833994], [-76.063905, 1.835473], [-76.063191, 1.83597]]], [[[-76.0653, 1.837007], [-76.065801, 1.834769], [-76.065058, 1.834442], [-76.064902, 1.835359], [-76.06437, 1.835529], [-76.064, 1.834977], [-76.064389, 1.834066], [-76.066078, 1.834462], [-76.066083, 1.836174], [-76.066787, 1.835971], [-76.066578, 1.834957], [-76.066821, 1.834504], [-76.067449, 1.834458], [-76.067734, 1.835317], [-76.069081, 1.835095], [-76.069283, 1.835766], [-76.069615, 1.835729], [-76.069324, 1.833912], [-76.069712, 1.834444], [-76.070128, 1.836343], [-76.067087, 1.836141], [-76.066066, 1.837145], [-76.0653, 1.837007]]], [[[-76.054093, 1.842363], [-76.054396, 1.840125], [-76.055829, 1.838211], [-76.054978, 1.837449], [-76.055466, 1.836719], [-76.056068, 1.83701], [-76.056258, 1.836626], [-76.055719, 1.836391], [-76.056309, 1.83553], [-76.05706, 1.836226], [-76.056624, 1.836269], [-76.056374, 1.837187], [-76.057266, 1.837669], [-76.056665, 1.837553], [-76.056307, 1.837916], [-76.057064, 1.83824], [-76.056463, 1.83857], [-76.056261, 1.838398], [-76.055881, 1.838853], [-76.056178, 1.839581], [-76.054978, 1.84006], [-76.05506, 1.840876], [-76.054645, 1.841521], [-76.054962, 1.841936], [-76.054535, 1.842379], [-76.054093, 1.842363]]], [[[-76.0737, 1.854408], [-76.073165, 1.854237], [-76.073905, 1.854119], [-76.073579, 1.853769], [-76.074121, 1.853491], [-76.074382, 1.852809], [-76.073792, 1.852466], [-76.074045, 1.851259], [-76.076237, 1.851732], [-76.076563, 1.852168], [-76.076321, 1.852578], [-76.074697, 1.851968], [-76.073932, 1.854137], [-76.074163, 1.854357], [-76.073722, 1.854953], [-76.073427, 1.854755], [-76.0737, 1.854408]]], [[[-76.045689, 1.867601], [-76.047594, 1.866023], [-76.048091, 1.866765], [-76.046476, 1.868479], [-76.045689, 1.867601]]], [[[-76.033455, 1.869769], [-76.030614, 1.866084], [-76.030188, 1.866342], [-76.030003, 1.865884], [-76.03146, 1.865201], [-76.031294, 1.864957], [-76.028686, 1.861381], [-76.027845, 1.861551], [-76.027095, 1.860548], [-76.029, 1.858236], [-76.029355, 1.858215], [-76.029583, 1.857519], [-76.029319, 1.857233], [-76.02971, 1.856914], [-76.027872, 1.855361], [-76.027995, 1.854493], [-76.028474, 1.854253], [-76.030764, 1.856112], [-76.032978, 1.853272], [-76.029407, 1.850114], [-76.029443, 1.84947], [-76.030068, 1.849147], [-76.02967, 1.848708], [-76.030131, 1.847982], [-76.033763, 1.850062], [-76.033957, 1.849762], [-76.035185, 1.85026], [-76.036201, 1.848833], [-76.034828, 1.848449], [-76.033613, 1.847467], [-76.03534, 1.844856], [-76.033667, 1.843277], [-76.034762, 1.842038], [-76.035634, 1.842588], [-76.036939, 1.840978], [-76.035967, 1.840185], [-76.036212, 1.839752], [-76.03494, 1.838579], [-76.035944, 1.837546], [-76.037911, 1.839687], [-76.038317, 1.839178], [-76.039219, 1.839972], [-76.039932, 1.839149], [-76.040226, 1.839388], [-76.0409, 1.838508], [-76.041125, 1.838705], [-76.043217, 1.836587], [-76.044949, 1.838358], [-76.046879, 1.837222], [-76.047329, 1.83767], [-76.048205, 1.837128], [-76.049541, 1.838911], [-76.049587, 1.839792], [-76.051956, 1.839625], [-76.052138, 1.839263], [-76.052909, 1.839042], [-76.05268, 1.84061], [-76.050171, 1.841352], [-76.051626, 1.842223], [-76.05205, 1.843603], [-76.051448, 1.843867], [-76.051695, 1.844476], [-76.052463, 1.844544], [-76.052981, 1.845102], [-76.052289, 1.846376], [-76.054003, 1.845467], [-76.054332, 1.844434], [-76.053941, 1.842973], [-76.054298, 1.842933], [-76.054413, 1.84364], [-76.055276, 1.843672], [-76.056229, 1.842869], [-76.056379, 1.84238], [-76.057599, 1.842071], [-76.057016, 1.84418], [-76.061194, 1.843416], [-76.061606, 1.843595], [-76.062173, 1.841428], [-76.061441, 1.841202], [-76.061896, 1.840321], [-76.060098, 1.839422], [-76.059536, 1.839584], [-76.059428, 1.839268], [-76.058034, 1.839477], [-76.058215, 1.839142], [-76.057892, 1.838529], [-76.058728, 1.838316], [-76.058021, 1.836902], [-76.058609, 1.836605], [-76.059235, 1.835567], [-76.060579, 1.837062], [-76.061619, 1.836955], [-76.06189, 1.837988], [-76.061263, 1.838182], [-76.062046, 1.839642], [-76.062723, 1.839902], [-76.063216, 1.838793], [-76.064324, 1.837643], [-76.065525, 1.840815], [-76.066905, 1.84059], [-76.067195, 1.841551], [-76.068013, 1.841326], [-76.068627, 1.842352], [-76.069996, 1.841142], [-76.071488, 1.842203], [-76.071182, 1.842468], [-76.069915, 1.841644], [-76.07, 1.841945], [-76.068876, 1.842677], [-76.069184, 1.842886], [-76.069473, 1.842599], [-76.069858, 1.842892], [-76.069406, 1.843286], [-76.070006, 1.843234], [-76.070082, 1.84358], [-76.070661, 1.843648], [-76.070927, 1.844057], [-76.071944, 1.843605], [-76.072082, 1.845581], [-76.071616, 1.847024], [-76.072309, 1.847102], [-76.071505, 1.847689], [-76.072321, 1.850125], [-76.072006, 1.850331], [-76.072104, 1.851201], [-76.071899, 1.851449], [-76.071312, 1.850937], [-76.071003, 1.852061], [-76.069771, 1.851911], [-76.070146, 1.852189], [-76.068729, 1.854181], [-76.06738, 1.853318], [-76.0675, 1.853001], [-76.0665, 1.850139], [-76.064355, 1.852062], [-76.065083, 1.854707], [-76.066425, 1.855718], [-76.06563, 1.856791], [-76.065905, 1.857992], [-76.065154, 1.85836], [-76.065588, 1.858902], [-76.065099, 1.859323], [-76.063161, 1.859056], [-76.061929, 1.862587], [-76.060585, 1.86309], [-76.059766, 1.863964], [-76.058619, 1.862929], [-76.058562, 1.862502], [-76.057858, 1.86438], [-76.055328, 1.863372], [-76.054154, 1.866437], [-76.053283, 1.866281], [-76.053607, 1.8652], [-76.052957, 1.864548], [-76.051422, 1.865959], [-76.048394, 1.862695], [-76.047124, 1.863908], [-76.047816, 1.864645], [-76.046945, 1.865507], [-76.046778, 1.865308], [-76.046553, 1.865518], [-76.046031, 1.864977], [-76.044794, 1.866132], [-76.043927, 1.866292], [-76.043979, 1.867849], [-76.042361, 1.86752], [-76.042599, 1.866794], [-76.043147, 1.866777], [-76.04316, 1.866269], [-76.041481, 1.86622], [-76.041294, 1.867021], [-76.039936, 1.867859], [-76.039936, 1.866173], [-76.038055, 1.866121], [-76.037907, 1.86833], [-76.035467, 1.866043], [-76.033413, 1.865915], [-76.034494, 1.869737], [-76.033455, 1.869769]]], [[[-76.06325, 1.867333], [-76.065343, 1.86902], [-76.062525, 1.874717], [-76.060786, 1.873834], [-76.060176, 1.872043], [-76.062145, 1.870003], [-76.06325, 1.867333]]]]}, "properties": {"zu_cnmbre": "PITALITO", "zu_narea": 11664500.8502, "zu_nano": 2025}},{"type": "Feature", "geometry": {"type": "Polygon", "coordinates": [[[-75.216394, 3.223444], [-75.211459, 3.216169], [-75.211902, 3.215597], [-75.211222, 3.215043], [-75.210792, 3.21369], [-75.21324, 3.212507], [-75.21444, 3.215639], [-75.217444, 3.218184], [-75.218517, 3.217238], [-75.218779, 3.216592], [-75.220465, 3.215481], [-75.220955, 3.215821], [-75.22155, 3.215546], [-75.221511, 3.219136], [-75.221878, 3.220473], [-75.222175, 3.221169], [-75.223433, 3.221993], [-75.223668, 3.222687], [-75.222868, 3.222616], [-75.22245, 3.222969], [-75.221153, 3.222602], [-75.22082, 3.223156], [-75.220258, 3.222267], [-75.219555, 3.221948], [-75.219177, 3.222086], [-75.219397, 3.222279], [-75.218686, 3.22293], [-75.218592, 3.223432], [-75.216394, 3.223444]]]}, "properties": {"zu_cnmbre": "VILLAVIEJA", "zu_narea": 747413.145172, "zu_nano": 2025}},{"type": "Feature", "geometry": {"type": "Polygon", "coordinates": [[[-75.523313, 2.670224], [-75.522805, 2.670176], [-75.521585, 2.668876], [-75.520726, 2.669619], [-75.519747, 2.66984], [-75.518785, 2.669576], [-75.518552, 2.669881], [-75.51685, 2.668341], [-75.516415, 2.66731], [-75.515024, 2.666554], [-75.514532, 2.665947], [-75.514808, 2.665611], [-75.513958, 2.664767], [-75.511411, 2.664871], [-75.511399, 2.663824], [-75.512862, 2.66129], [-75.514932, 2.659803], [-75.51561, 2.658922], [-75.517767, 2.659044], [-75.517719, 2.659675], [-75.51863, 2.660885], [-75.520111, 2.661552], [-75.520481, 2.661442], [-75.520811, 2.662233], [-75.523028, 2.66382], [-75.523032, 2.664533], [-75.521942, 2.665833], [-75.524523, 2.666909], [-75.525098, 2.665505], [-75.527177, 2.666336], [-75.526597, 2.667755], [-75.524572, 2.666937], [-75.524034, 2.668181], [-75.525002, 2.668769], [-75.525113, 2.669333], [-75.524416, 2.669594], [-75.523479, 2.669249], [-75.523313, 2.670224]]]}, "properties": {"zu_cnmbre": "YAGUARÁ", "zu_narea": 1046969.23325, "zu_nano": 2025}},{"type": "Feature", "geometry": {"type": "Polygon", "coordinates": [[[-75.234783, 3.233837], [-75.234422, 3.232381], [-75.234643, 3.232101], [-75.233756, 3.231871], [-75.233761, 3.227234], [-75.233042, 3.226479], [-75.233125, 3.224843], [-75.232692, 3.222864], [-75.232677, 3.217559], [-75.233357, 3.216744], [-75.233621, 3.21484], [-75.234728, 3.214821], [-75.235528, 3.216476], [-75.235962, 3.216525], [-75.236241, 3.216058], [-75.237376, 3.216434], [-75.238303, 3.217759], [-75.240504, 3.217768], [-75.242156, 3.218785], [-75.242622, 3.218128], [-75.243312, 3.218377], [-75.244432, 3.217986], [-75.244679, 3.217599], [-75.245252, 3.21782], [-75.246342, 3.217622], [-75.247982, 3.219925], [-75.24613, 3.221869], [-75.245898, 3.222611], [-75.245925, 3.229297], [-75.244083, 3.229072], [-75.242988, 3.229324], [-75.242447, 3.228935], [-75.240732, 3.229404], [-75.239558, 3.228553], [-75.239791, 3.232365], [-75.239179, 3.232333], [-75.239151, 3.233106], [-75.238241, 3.23306], [-75.238209, 3.233427], [-75.236753, 3.233276], [-75.236663, 3.233833], [-75.234783, 3.233837]]]}, "properties": {"zu_cnmbre": "AIPE", "zu_narea": 2252258.24684, "zu_nano": 2025}},{"type": "Feature", "geometry": {"type": "Polygon", "coordinates": [[[-75.8842, 2.398915], [-75.88471, 2.397628], [-75.884079, 2.397188], [-75.883513, 2.397979], [-75.882705, 2.398378], [-75.880076, 2.398693], [-75.879399, 2.399455], [-75.878656, 2.398978], [-75.878876, 2.399473], [-75.878559, 2.399748], [-75.878278, 2.399463], [-75.877916, 2.3998], [-75.877353, 2.399252], [-75.875903, 2.40054], [-75.875422, 2.39995], [-75.876187, 2.399328], [-75.875735, 2.398588], [-75.876274, 2.398224], [-75.876012, 2.397909], [-75.876722, 2.397276], [-75.877245, 2.397886], [-75.876993, 2.398148], [-75.877781, 2.398911], [-75.878979, 2.397732], [-75.879252, 2.396984], [-75.879194, 2.39675], [-75.878773, 2.397177], [-75.878428, 2.396537], [-75.876048, 2.394802], [-75.876387, 2.394122], [-75.879274, 2.395051], [-75.879632, 2.395411], [-75.879563, 2.396185], [-75.879777, 2.39599], [-75.88028, 2.394574], [-75.88029, 2.393257], [-75.881072, 2.391793], [-75.880707, 2.390843], [-75.881064, 2.390564], [-75.880966, 2.39017], [-75.880108, 2.389021], [-75.87981, 2.389117], [-75.879821, 2.388237], [-75.880124, 2.388227], [-75.880204, 2.388999], [-75.881769, 2.388131], [-75.882994, 2.39046], [-75.883772, 2.390618], [-75.883625, 2.390178], [-75.884534, 2.389926], [-75.884844, 2.389261], [-75.884324, 2.388783], [-75.88335, 2.390025], [-75.883447, 2.389774], [-75.883099, 2.389657], [-75.883589, 2.388709], [-75.883194, 2.388347], [-75.883337, 2.387964], [-75.883958, 2.387922], [-75.883937, 2.387054], [-75.884643, 2.386212], [-75.885395, 2.386749], [-75.885561, 2.386565], [-75.886155, 2.387268], [-75.886074, 2.388018], [-75.886273, 2.387745], [-75.886849, 2.387995], [-75.887459, 2.387719], [-75.88736, 2.387091], [-75.885819, 2.38564], [-75.88463, 2.385222], [-75.885163, 2.384556], [-75.886702, 2.385164], [-75.886603, 2.384867], [-75.887799, 2.383315], [-75.887429, 2.382435], [-75.887422, 2.381024], [-75.886522, 2.381662], [-75.886777, 2.382388], [-75.886371, 2.381761], [-75.885957, 2.382032], [-75.885755, 2.381781], [-75.887603, 2.380193], [-75.887069, 2.379082], [-75.885946, 2.378696], [-75.88727, 2.378874], [-75.887093, 2.377841], [-75.886474, 2.377871], [-75.886457, 2.377465], [-75.88708, 2.37728], [-75.886082, 2.374083], [-75.88715, 2.373788], [-75.887363, 2.374022], [-75.886976, 2.374522], [-75.887524, 2.375281], [-75.887151, 2.375988], [-75.887622, 2.3771], [-75.88709, 2.377285], [-75.887179, 2.377537], [-75.887642, 2.377386], [-75.888061, 2.377951], [-75.888948, 2.377495], [-75.888864, 2.37721], [-75.891505, 2.376329], [-75.890902, 2.379102], [-75.892151, 2.379691], [-75.892355, 2.381083], [-75.892663, 2.381104], [-75.892607, 2.381829], [-75.891543, 2.38184], [-75.889258, 2.382616], [-75.890811, 2.386158], [-75.892718, 2.383602], [-75.894751, 2.3817], [-75.897572, 2.379963], [-75.897878, 2.379887], [-75.898815, 2.381032], [-75.89988, 2.381667], [-75.902225, 2.381976], [-75.903922, 2.382542], [-75.904167, 2.382894], [-75.90447, 2.382489], [-75.903475, 2.381804], [-75.903723, 2.380933], [-75.905654, 2.382252], [-75.904588, 2.383384], [-75.903889, 2.383271], [-75.90593, 2.384554], [-75.905635, 2.385007], [-75.905937, 2.385439], [-75.903821, 2.387681], [-75.90514, 2.388585], [-75.904376, 2.389391], [-75.904117, 2.389265], [-75.903667, 2.388923], [-75.903512, 2.387891], [-75.902144, 2.387249], [-75.902076, 2.386824], [-75.900841, 2.386025], [-75.900697, 2.386671], [-75.899877, 2.387074], [-75.900386, 2.387242], [-75.899628, 2.38874], [-75.900469, 2.389147], [-75.900197, 2.389696], [-75.899247, 2.389472], [-75.898687, 2.390687], [-75.897883, 2.390233], [-75.897169, 2.391432], [-75.899657, 2.393067], [-75.898618, 2.393862], [-75.897667, 2.395563], [-75.898568, 2.395958], [-75.898275, 2.396596], [-75.898896, 2.396812], [-75.899831, 2.396609], [-75.901055, 2.397273], [-75.899183, 2.397032], [-75.898849, 2.397514], [-75.898056, 2.397168], [-75.89823, 2.396828], [-75.897943, 2.396716], [-75.897671, 2.397331], [-75.896677, 2.396908], [-75.896922, 2.396702], [-75.897503, 2.396934], [-75.897639, 2.396611], [-75.896176, 2.396019], [-75.895669, 2.396756], [-75.895164, 2.396001], [-75.89465, 2.396313], [-75.89303, 2.396269], [-75.893308, 2.3972], [-75.893711, 2.397341], [-75.89358, 2.39759], [-75.895723, 2.398472], [-75.893305, 2.398179], [-75.891789, 2.399074], [-75.892093, 2.399652], [-75.892024, 2.400185], [-75.891436, 2.398426], [-75.889237, 2.398352], [-75.889159, 2.397861], [-75.889795, 2.396736], [-75.888997, 2.396459], [-75.888719, 2.396795], [-75.888125, 2.396446], [-75.887276, 2.397646], [-75.886194, 2.397927], [-75.885131, 2.400733], [-75.8842, 2.398915]]]}, "properties": {"zu_cnmbre": "LA PLATA", "zu_narea": 3967725.25772, "zu_nano": 2025}},{"type": "Feature", "geometry": {"type": "Polygon", "coordinates": [[[-76.359985, 3.20315], [-76.36031, 3.202743], [-76.360842, 3.203111], [-76.360253, 3.203492], [-76.360088, 3.203274], [-76.359798, 3.203701], [-76.36022, 3.203916], [-76.359746, 3.205929], [-76.359097, 3.206561], [-76.358719, 3.207607], [-76.359389, 3.208354], [-76.358117, 3.208229], [-76.359985, 3.20315]]]}, "properties": {"zu_cnmbre": "EL CHAMIZO", "zu_narea": 36250.6505764, "zu_nano": 2025}},{"type": "Feature", "geometry": {"type": "Polygon", "coordinates": [[[-76.356429, 3.227565], [-76.357078, 3.227586], [-76.357278, 3.227237], [-76.357029, 3.228282], [-76.356384, 3.228238], [-76.356429, 3.227565]]]}, "properties": {"zu_cnmbre": "LOS ROBLES", "zu_narea": 6497.53773175, "zu_nano": 2025}},{"type": "Feature", "geometry": {"type": "Polygon", "coordinates": [[[-77.372909, 2.749119], [-77.372553, 2.749127], [-77.37258, 2.74868], [-77.373252, 2.7484], [-77.374047, 2.7498], [-77.373545, 2.750347], [-77.372909, 2.749119]]]}, "properties": {"zu_cnmbre": "GUANGUI", "zu_narea": 16438.6667268, "zu_nano": 2025}},{"type": "Feature", "geometry": {"type": "Polygon", "coordinates": [[[-76.331587, 3.222052], [-76.331504, 3.219654], [-76.330872, 3.219629], [-76.330876, 3.219351], [-76.331845, 3.219389], [-76.332384, 3.2221], [-76.331587, 3.222052]]]}, "properties": {"zu_cnmbre": "CUERNAVACA", "zu_narea": 21138.8201593, "zu_nano": 2025}},{"type": "Feature", "geometry": {"type": "Polygon", "coordinates": [[[-76.962038, 2.136185], [-76.959286, 2.135744], [-76.958739, 2.134246], [-76.960155, 2.133657], [-76.960779, 2.13374], [-76.965732, 2.131629], [-76.967111, 2.133891], [-76.965807, 2.135619], [-76.965704, 2.135315], [-76.964672, 2.135448], [-76.963786, 2.135926], [-76.963685, 2.135731], [-76.962038, 2.136185]]]}, "properties": {"zu_cnmbre": "PALO MOCHO", "zu_narea": 276415.799346, "zu_nano": 2025}},{"type": "Feature", "geometry": {"type": "MultiPolygon", "coordinates": [[[[-76.424304, 3.173619], [-76.427158, 3.172026], [-76.42958, 3.172992], [-76.429061, 3.173576], [-76.427769, 3.173169], [-76.427597, 3.173409], [-76.427337, 3.172694], [-76.424503, 3.174286], [-76.424304, 3.173619]]], [[[-76.423371, 3.174656], [-76.423947, 3.174309], [-76.424063, 3.174524], [-76.423495, 3.174849], [-76.423371, 3.174656]]]]}, "properties": {"zu_cnmbre": "BARRAGAN", "zu_narea": 52895.4068403, "zu_nano": 2025}},{"type": "Feature", "geometry": {"type": "Polygon", "coordinates": [[[-76.879803, 2.473085], [-76.881875, 2.470453], [-76.882008, 2.469544], [-76.88213, 2.469954], [-76.883812, 2.47075], [-76.882983, 2.471799], [-76.882316, 2.471378], [-76.881611, 2.471663], [-76.880026, 2.473486], [-76.879803, 2.473085]]]}, "properties": {"zu_cnmbre": "CHAPA", "zu_narea": 51480.7137299, "zu_nano": 2025}},{"type": "Feature", "geometry": {"type": "Polygon", "coordinates": [[[-76.553709, 2.576093], [-76.55338, 2.575251], [-76.555987, 2.571102], [-76.555587, 2.567193], [-76.55583, 2.566548], [-76.555421, 2.566046], [-76.55564, 2.565541], [-76.555012, 2.564228], [-76.555792, 2.563733], [-76.556487, 2.564532], [-76.556744, 2.566065], [-76.557867, 2.564704], [-76.558857, 2.565403], [-76.560434, 2.564825], [-76.561358, 2.563707], [-76.562346, 2.564183], [-76.562031, 2.566255], [-76.560154, 2.566633], [-76.557603, 2.568248], [-76.557448, 2.569839], [-76.559138, 2.570262], [-76.558146, 2.572009], [-76.558628, 2.572095], [-76.555305, 2.574522], [-76.553709, 2.576093]]]}, "properties": {"zu_cnmbre": "EL COFRE", "zu_narea": 417598.042616, "zu_nano": 2025}},{"type": "Feature", "geometry": {"type": "Polygon", "coordinates": [[[-77.244986, 1.729223], [-77.244235, 1.728403], [-77.244859, 1.728291], [-77.244867, 1.728182], [-77.244374, 1.728178], [-77.244151, 1.727634], [-77.244508, 1.727828], [-77.244766, 1.727718], [-77.244592, 1.727467], [-77.245336, 1.727297], [-77.244986, 1.729223]]]}, "properties": {"zu_cnmbre": "LA DESPENSA", "zu_narea": 15088.6771735, "zu_nano": 2025}},{"type": "Feature", "geometry": {"type": "Polygon", "coordinates": [[[-76.548401, 2.865036], [-76.547228, 2.864997], [-76.546544, 2.864394], [-76.546131, 2.864713], [-76.544892, 2.863631], [-76.545318, 2.863333], [-76.545005, 2.863083], [-76.545684, 2.8626], [-76.547272, 2.86415], [-76.547663, 2.863706], [-76.548674, 2.864449], [-76.548401, 2.865036]]]}, "properties": {"zu_cnmbre": "EL PITAL", "zu_narea": 48353.2369601, "zu_nano": 2025}},{"type": "Feature", "geometry": {"type": "Polygon", "coordinates": [[[-76.446963, 3.271377], [-76.449679, 3.274706], [-76.450135, 3.277429], [-76.447795, 3.277882], [-76.446963, 3.271377]]]}, "properties": {"zu_cnmbre": "CIUDAD SUR", "zu_narea": 127614.331373, "zu_nano": 2025}},{"type": "Feature", "geometry": {"type": "Polygon", "coordinates": [[[-77.321902, 1.693278], [-77.320782, 1.695718], [-77.319066, 1.694975], [-77.320253, 1.692414], [-77.321902, 1.693278]]]}, "properties": {"zu_cnmbre": "ESPERANZAS DE MAYO", "zu_narea": 63900.1189398, "zu_nano": 2025}},{"type": "Feature", "geometry": {"type": "MultiPolygon", "coordinates": [[[[-77.256541, 1.763951], [-77.257279, 1.762736], [-77.257137, 1.762358], [-77.257835, 1.762145], [-77.258495, 1.762454], [-77.258189, 1.763004], [-77.257819, 1.762728], [-77.257831, 1.763294], [-77.257348, 1.763909], [-77.256541, 1.763951]]], [[[-77.258082, 1.760888], [-77.25834, 1.761246], [-77.258084, 1.76164], [-77.257829, 1.761547], [-77.258082, 1.760888]]]]}, "properties": {"zu_cnmbre": "PUEBLO NUEVO", "zu_narea": 23616.9461431, "zu_nano": 2025}},{"type": "Feature", "geometry": {"type": "Polygon", "coordinates": [[[-76.89256, 2.480018], [-76.890807, 2.477216], [-76.89116, 2.476851], [-76.893341, 2.47976], [-76.893059, 2.480078], [-76.89256, 2.480018]]]}, "properties": {"zu_cnmbre": "LA CHICUEÑA", "zu_narea": 27830.6017173, "zu_nano": 2025}},{"type": "Feature", "geometry": {"type": "Polygon", "coordinates": [[[-77.052928, 1.926999], [-77.053005, 1.925839], [-77.052509, 1.925823], [-77.052983, 1.924811], [-77.054245, 1.924015], [-77.053627, 1.922385], [-77.054576, 1.922481], [-77.056182, 1.925336], [-77.055184, 1.926733], [-77.052928, 1.926999]]]}, "properties": {"zu_cnmbre": "LA CARBONERA", "zu_narea": 115169.589594, "zu_nano": 2025}},{"type": "Feature", "geometry": {"type": "Polygon", "coordinates": [[[-77.384872, 2.713586], [-77.383433, 2.713465], [-77.38446, 2.711081], [-77.384561, 2.709237], [-77.385217, 2.709237], [-77.385001, 2.710636], [-77.385676, 2.710969], [-77.3854, 2.71143], [-77.386081, 2.711728], [-77.385521, 2.712323], [-77.386262, 2.712696], [-77.385653, 2.714005], [-77.384872, 2.713586]]]}, "properties": {"zu_cnmbre": "SAN BERNARDO", "zu_narea": 73656.6756923, "zu_nano": 2025}},{"type": "Feature", "geometry": {"type": "MultiPolygon", "coordinates": [[[[-76.584942, 2.449587], [-76.58464, 2.449388], [-76.584614, 2.448408], [-76.584276, 2.448215], [-76.583993, 2.448669], [-76.583196, 2.448239], [-76.58291, 2.448669], [-76.58198, 2.448193], [-76.58168, 2.447914], [-76.582092, 2.447811], [-76.58191, 2.447072], [-76.58066, 2.446549], [-76.580546, 2.445809], [-76.578826, 2.445082], [-76.578589, 2.445546], [-76.578401, 2.445438], [-76.578224, 2.444956], [-76.57728, 2.444456], [-76.577352, 2.443945], [-76.579387, 2.444918], [-76.580719, 2.444707], [-76.580754, 2.445386], [-76.581301, 2.444478], [-76.581379, 2.445385], [-76.581845, 2.445048], [-76.582413, 2.445154], [-76.582339, 2.446332], [-76.582926, 2.446776], [-76.583197, 2.446108], [-76.583355, 2.446478], [-76.583814, 2.446366], [-76.584488, 2.447434], [-76.584807, 2.446722], [-76.584343, 2.446193], [-76.585106, 2.44624], [-76.585421, 2.447037], [-76.584964, 2.447689], [-76.58525, 2.449289], [-76.584942, 2.449587]]], [[[-76.582832, 2.445768], [-76.583172, 2.445298], [-76.582991, 2.444729], [-76.583736, 2.444517], [-76.583439, 2.444821], [-76.583483, 2.446104], [-76.582832, 2.445768]]], [[[-76.585688, 2.44625], [-76.584871, 2.445655], [-76.585552, 2.445282], [-76.585205, 2.444666], [-76.585809, 2.444331], [-76.586059, 2.444546], [-76.585794, 2.444978], [-76.585961, 2.445336], [-76.58649, 2.444652], [-76.58674, 2.445094], [-76.585971, 2.445638], [-76.585688, 2.44625]]]]}, "properties": {"zu_cnmbre": "PUEBLILLO", "zu_narea": 172565.754634, "zu_nano": 2025}},{"type": "Feature", "geometry": {"type": "Polygon", "coordinates": [[[-76.303456, 3.239258], [-76.30241, 3.239147], [-76.302467, 3.238055], [-76.303882, 3.238065], [-76.303804, 3.239794], [-76.303456, 3.239258]]]}, "properties": {"zu_cnmbre": "TIERRADURA", "zu_narea": 21060.3047202, "zu_nano": 2025}},{"type": "Feature", "geometry": {"type": "Polygon", "coordinates": [[[-76.54086, 2.51563], [-76.540537, 2.51553], [-76.540182, 2.515918], [-76.539407, 2.515562], [-76.539031, 2.515216], [-76.539546, 2.514919], [-76.538361, 2.513988], [-76.538904, 2.512983], [-76.539447, 2.512969], [-76.539398, 2.512088], [-76.544015, 2.510646], [-76.542071, 2.513269], [-76.542371, 2.513354], [-76.542102, 2.514569], [-76.541874, 2.51456], [-76.542092, 2.515331], [-76.541259, 2.516331], [-76.540408, 2.516002], [-76.54086, 2.51563]]]}, "properties": {"zu_cnmbre": "LA FORTALEZA", "zu_narea": 178717.570065, "zu_nano": 2025}},{"type": "Feature", "geometry": {"type": "Polygon", "coordinates": [[[-76.620241, 2.418661], [-76.620293, 2.419117], [-76.61965, 2.419768], [-76.619398, 2.419557], [-76.617255, 2.419904], [-76.617544, 2.419163], [-76.619069, 2.419281], [-76.619511, 2.41859], [-76.619787, 2.41887], [-76.620241, 2.418661]]]}, "properties": {"zu_cnmbre": "LAS PALMAS", "zu_narea": 24182.0727799, "zu_nano": 2025}},{"type": "Feature", "geometry": {"type": "Polygon", "coordinates": [[[-76.839969, 1.869143], [-76.839609, 1.868746], [-76.841318, 1.867753], [-76.841227, 1.867339], [-76.841916, 1.866885], [-76.842132, 1.867544], [-76.839969, 1.869143]]]}, "properties": {"zu_cnmbre": "LA HONDA", "zu_narea": 17406.5308123, "zu_nano": 2025}},{"type": "Feature", "geometry": {"type": "Polygon", "coordinates": [[[-76.737572, 3.070663], [-76.737101, 3.070491], [-76.738547, 3.069112], [-76.739099, 3.066423], [-76.739564, 3.065797], [-76.740056, 3.065797], [-76.739975, 3.066376], [-76.740569, 3.066348], [-76.740576, 3.06701], [-76.739752, 3.067473], [-76.740023, 3.067933], [-76.740623, 3.068666], [-76.741995, 3.068943], [-76.741495, 3.070613], [-76.739443, 3.069384], [-76.737572, 3.070663]]]}, "properties": {"zu_cnmbre": "LA ESPERANZA", "zu_narea": 105396.552831, "zu_nano": 2025}},{"type": "Feature", "geometry": {"type": "Polygon", "coordinates": [[[-76.381247, 2.995755], [-76.378641, 2.992762], [-76.375738, 2.99322], [-76.374953, 2.992745], [-76.372344, 2.992384], [-76.370988, 2.991149], [-76.371009, 2.990649], [-76.372937, 2.987559], [-76.373201, 2.985781], [-76.374578, 2.984061], [-76.375792, 2.984004], [-76.377455, 2.984682], [-76.378655, 2.986009], [-76.378655, 2.986952], [-76.377634, 2.987173], [-76.377448, 2.988322], [-76.376884, 2.989315], [-76.377355, 2.990078], [-76.379276, 2.989472], [-76.379704, 2.989736], [-76.380182, 2.993032], [-76.380368, 2.992789], [-76.381348, 2.992936], [-76.381872, 2.99385], [-76.381886, 2.995534], [-76.381247, 2.995755]]]}, "properties": {"zu_cnmbre": "HUELLAS", "zu_narea": 709516.094279, "zu_nano": 2025}},{"type": "Feature", "geometry": {"type": "Polygon", "coordinates": [[[-77.276993, 2.039513], [-77.277059, 2.039727], [-77.276422, 2.039137], [-77.27646, 2.038747], [-77.275954, 2.038869], [-77.276656, 2.03827], [-77.276612, 2.037813], [-77.27697, 2.037923], [-77.276914, 2.037251], [-77.27728, 2.037162], [-77.277543, 2.038503], [-77.278141, 2.039195], [-77.277261, 2.039186], [-77.277288, 2.039856], [-77.276993, 2.039513]]]}, "properties": {"zu_cnmbre": "PURETO", "zu_narea": 27710.7419067, "zu_nano": 2025}},{"type": "Feature", "geometry": {"type": "Polygon", "coordinates": [[[-76.927627, 1.949113], [-76.925721, 1.947779], [-76.925741, 1.947659], [-76.926753, 1.947632], [-76.927162, 1.947318], [-76.927361, 1.947686], [-76.928439, 1.947576], [-76.928681, 1.947806], [-76.927627, 1.949113]]]}, "properties": {"zu_cnmbre": "MELCHOR", "zu_narea": 29455.2535397, "zu_nano": 2025}},{"type": "Feature", "geometry": {"type": "Polygon", "coordinates": [[[-76.352541, 3.07432], [-76.351369, 3.073332], [-76.351622, 3.07279], [-76.353421, 3.070227], [-76.353912, 3.070622], [-76.353743, 3.070848], [-76.354191, 3.071854], [-76.353543, 3.073668], [-76.353217, 3.073625], [-76.352567, 3.074955], [-76.352541, 3.07432]]]}, "properties": {"zu_cnmbre": "ALTO EL PALO", "zu_narea": 80044.7097038, "zu_nano": 2025}},{"type": "Feature", "geometry": {"type": "Polygon", "coordinates": [[[-77.191622, 1.990232], [-77.191841, 1.990409], [-77.192051, 1.989839], [-77.192243, 1.990049], [-77.191247, 1.9924], [-77.191046, 1.993822], [-77.18995, 1.994162], [-77.190908, 1.994915], [-77.191396, 1.994298], [-77.191765, 1.994761], [-77.191488, 1.995443], [-77.19168, 1.995592], [-77.191258, 1.996093], [-77.190487, 1.99539], [-77.189698, 1.995986], [-77.188792, 1.994655], [-77.187603, 1.994476], [-77.187489, 1.994156], [-77.187771, 1.993793], [-77.188781, 1.993914], [-77.190455, 1.99304], [-77.191622, 1.990232]]]}, "properties": {"zu_cnmbre": "LA LOMITA", "zu_narea": 91626.5762111, "zu_nano": 2025}},{"type": "Feature", "geometry": {"type": "Polygon", "coordinates": [[[-77.000324, 2.046623], [-77.000568, 2.045119], [-77.000824, 2.045184], [-77.000651, 2.045062], [-77.001288, 2.044278], [-77.001017, 2.043739], [-77.001483, 2.043744], [-77.001704, 2.044161], [-77.002974, 2.043803], [-77.003135, 2.04569], [-77.002896, 2.04634], [-77.0016, 2.046799], [-77.000879, 2.046729], [-77.000324, 2.046623]]]}, "properties": {"zu_cnmbre": "GUACHICONO", "zu_narea": 79572.1170959, "zu_nano": 2025}},{"type": "Feature", "geometry": {"type": "Polygon", "coordinates": [[[-76.732407, 2.639002], [-76.732432, 2.637926], [-76.731806, 2.637671], [-76.732037, 2.637505], [-76.732971, 2.638139], [-76.734515, 2.638147], [-76.733053, 2.638437], [-76.732869, 2.6391], [-76.732407, 2.639002]]]}, "properties": {"zu_cnmbre": "SANTA TERESA DE CASAS BAJAS", "zu_narea": 15160.2664475, "zu_nano": 2025}},{"type": "Feature", "geometry": {"type": "Polygon", "coordinates": [[[-76.991796, 1.778645], [-76.991113, 1.779042], [-76.99132, 1.777689], [-76.990308, 1.776819], [-76.990328, 1.775833], [-76.990902, 1.776046], [-76.991138, 1.775691], [-76.991655, 1.775834], [-76.990988, 1.775301], [-76.991837, 1.774737], [-76.991726, 1.774512], [-76.992799, 1.775412], [-76.993423, 1.774875], [-76.993745, 1.774939], [-76.993849, 1.775296], [-76.993585, 1.775071], [-76.993071, 1.775377], [-76.993241, 1.775553], [-76.993532, 1.775283], [-76.993124, 1.775702], [-76.993992, 1.77647], [-76.993931, 1.777003], [-76.993242, 1.776927], [-76.992481, 1.777352], [-76.992641, 1.777807], [-76.991755, 1.777952], [-76.991582, 1.778499], [-76.991796, 1.778645]]]}, "properties": {"zu_cnmbre": "SAN LORENZO", "zu_narea": 96943.7135908, "zu_nano": 2025}},{"type": "Feature", "geometry": {"type": "Polygon", "coordinates": [[[-77.58795, 2.616404], [-77.588169, 2.615642], [-77.58752, 2.615189], [-77.586931, 2.613418], [-77.587548, 2.61273], [-77.590225, 2.615489], [-77.58795, 2.616404]]]}, "properties": {"zu_cnmbre": "SAN JOSÉ", "zu_narea": 66908.9483396, "zu_nano": 2025}},{"type": "Feature", "geometry": {"type": "Polygon", "coordinates": [[[-76.710435, 3.091113], [-76.710498, 3.088323], [-76.709997, 3.087471], [-76.711156, 3.085788], [-76.712267, 3.086604], [-76.712354, 3.087183], [-76.71158, 3.087962], [-76.710829, 3.090326], [-76.710596, 3.09036], [-76.710725, 3.091118], [-76.710435, 3.091113]]]}, "properties": {"zu_cnmbre": "EL PORVENIR", "zu_narea": 65174.7559535, "zu_nano": 2025}},{"type": "Feature", "geometry": {"type": "Polygon", "coordinates": [[[-76.408975, 3.081133], [-76.409175, 3.08071], [-76.409679, 3.080895], [-76.409817, 3.080281], [-76.410579, 3.079368], [-76.410955, 3.079458], [-76.41165, 3.078326], [-76.411985, 3.078754], [-76.412338, 3.078683], [-76.412802, 3.077879], [-76.413227, 3.078186], [-76.413406, 3.077851], [-76.414597, 3.077918], [-76.414932, 3.07853], [-76.415546, 3.078801], [-76.414797, 3.079086], [-76.414681, 3.080021], [-76.414269, 3.080552], [-76.413115, 3.079058], [-76.411371, 3.080469], [-76.410355, 3.082089], [-76.410295, 3.083374], [-76.409621, 3.084532], [-76.40897, 3.084269], [-76.408918, 3.083546], [-76.409475, 3.082827], [-76.409622, 3.081733], [-76.408975, 3.081133]]]}, "properties": {"zu_cnmbre": "BODEGA ARRIBA", "zu_narea": 144186.404471, "zu_nano": 2025}},{"type": "Feature", "geometry": {"type": "Polygon", "coordinates": [[[-76.670145, 2.981679], [-76.669027, 2.979289], [-76.668005, 2.978586], [-76.665649, 2.978881], [-76.664782, 2.979569], [-76.664782, 2.979123], [-76.665537, 2.97839], [-76.665441, 2.978016], [-76.665843, 2.977556], [-76.665861, 2.97489], [-76.666196, 2.974819], [-76.665535, 2.974236], [-76.665508, 2.973461], [-76.667207, 2.976325], [-76.668754, 2.97568], [-76.669058, 2.976255], [-76.669396, 2.976274], [-76.671887, 2.975601], [-76.673066, 2.975628], [-76.672726, 2.976445], [-76.671276, 2.976614], [-76.671061, 2.977168], [-76.669695, 2.97766], [-76.669228, 2.978268], [-76.669194, 2.979088], [-76.670335, 2.980661], [-76.670402, 2.981622], [-76.670145, 2.981679]]]}, "properties": {"zu_cnmbre": "MUNCHIQUE", "zu_narea": 214984.916874, "zu_nano": 2025}},{"type": "Feature", "geometry": {"type": "Polygon", "coordinates": [[[-76.546725, 2.587587], [-76.547626, 2.586646], [-76.548767, 2.587342], [-76.549273, 2.587157], [-76.548983, 2.586771], [-76.550549, 2.586619], [-76.550991, 2.587229], [-76.550795, 2.587283], [-76.553883, 2.590111], [-76.553277, 2.590901], [-76.552368, 2.590019], [-76.551995, 2.590504], [-76.551539, 2.590129], [-76.55001, 2.5918], [-76.546832, 2.588558], [-76.546725, 2.587587]]]}, "properties": {"zu_cnmbre": "LA VENTA", "zu_narea": 242770.904226, "zu_nano": 2025}},{"type": "Feature", "geometry": {"type": "Polygon", "coordinates": [[[-76.543996, 2.586015], [-76.544403, 2.585327], [-76.544119, 2.584264], [-76.544, 2.584955], [-76.541502, 2.584218], [-76.540076, 2.584892], [-76.539815, 2.584525], [-76.537516, 2.586111], [-76.536499, 2.586391], [-76.536496, 2.58606], [-76.537851, 2.585407], [-76.537735, 2.585134], [-76.538735, 2.583789], [-76.539853, 2.583284], [-76.540133, 2.583671], [-76.5424, 2.583459], [-76.542824, 2.582479], [-76.542648, 2.581251], [-76.5429, 2.581237], [-76.543757, 2.582036], [-76.544228, 2.58206], [-76.543966, 2.581394], [-76.544413, 2.581656], [-76.544451, 2.58324], [-76.54606, 2.582469], [-76.546463, 2.582973], [-76.544437, 2.584201], [-76.547218, 2.585019], [-76.549273, 2.587157], [-76.548482, 2.587342], [-76.545614, 2.585743], [-76.545993, 2.587598], [-76.543996, 2.586015]]]}, "properties": {"zu_cnmbre": "ISLA DEL PONTÓN", "zu_narea": 255467.308487, "zu_nano": 2025}},{"type": "Feature", "geometry": {"type": "Polygon", "coordinates": [[[-76.735267, 2.616574], [-76.735132, 2.616975], [-76.733953, 2.617488], [-76.73379, 2.61803], [-76.734142, 2.618675], [-76.73374, 2.618721], [-76.732755, 2.618025], [-76.732972, 2.617231], [-76.733701, 2.617423], [-76.734925, 2.616339], [-76.735267, 2.616574]]]}, "properties": {"zu_cnmbre": "RESGUARDO INDÍGENA DEL GUAYABAL CXAYUGE FXIW CXAB", "zu_narea": 22073.8549133, "zu_nano": 2025}},{"type": "Feature", "geometry": {"type": "Polygon", "coordinates": [[[-76.369408, 3.064349], [-76.368142, 3.063428], [-76.36796, 3.063596], [-76.366979, 3.062923], [-76.367927, 3.06157], [-76.367696, 3.061143], [-76.368076, 3.060922], [-76.368238, 3.061202], [-76.368875, 3.060521], [-76.369278, 3.061083], [-76.368393, 3.061581], [-76.369994, 3.064032], [-76.369408, 3.064349]]]}, "properties": {"zu_cnmbre": "EL NILO", "zu_narea": 57971.1095398, "zu_nano": 2025}},{"type": "Feature", "geometry": {"type": "Polygon", "coordinates": [[[-76.309396, 3.121477], [-76.308951, 3.121038], [-76.309512, 3.120526], [-76.309262, 3.12001], [-76.310051, 3.119147], [-76.310062, 3.118466], [-76.31074, 3.118898], [-76.310656, 3.119442], [-76.310168, 3.121035], [-76.309396, 3.121477]]]}, "properties": {"zu_cnmbre": "HUASANÓ", "zu_narea": 29339.3396931, "zu_nano": 2025}},{"type": "Feature", "geometry": {"type": "Polygon", "coordinates": [[[-76.420417, 3.083543], [-76.418368, 3.081783], [-76.418036, 3.082272], [-76.417826, 3.084079], [-76.417174, 3.083828], [-76.417437, 3.082519], [-76.416786, 3.082566], [-76.416632, 3.081926], [-76.417116, 3.081045], [-76.416663, 3.080639], [-76.417298, 3.079706], [-76.415778, 3.078557], [-76.415546, 3.078801], [-76.414613, 3.078204], [-76.416598, 3.077332], [-76.421435, 3.083891], [-76.421579, 3.084852], [-76.419791, 3.084142], [-76.420417, 3.083543]]]}, "properties": {"zu_cnmbre": "CRUCERO DE GUALÍ", "zu_narea": 169313.32677, "zu_nano": 2025}},{"type": "Feature", "geometry": {"type": "Polygon", "coordinates": [[[-76.781461, 2.418341], [-76.780894, 2.416751], [-76.779707, 2.416138], [-76.779127, 2.41557], [-76.77938, 2.415305], [-76.781182, 2.41651], [-76.781694, 2.417765], [-76.781461, 2.418341]]]}, "properties": {"zu_cnmbre": "EL PLACER", "zu_narea": 17903.7683523, "zu_nano": 2025}},{"type": "Feature", "geometry": {"type": "Polygon", "coordinates": [[[-76.26973, 3.163486], [-76.269393, 3.162803], [-76.268554, 3.162471], [-76.268768, 3.162144], [-76.268344, 3.16192], [-76.267883, 3.160158], [-76.268985, 3.160195], [-76.268744, 3.159878], [-76.269055, 3.159901], [-76.269739, 3.161222], [-76.270055, 3.161178], [-76.270611, 3.161968], [-76.270973, 3.161649], [-76.272776, 3.16247], [-76.270666, 3.162846], [-76.26973, 3.163486]]]}, "properties": {"zu_cnmbre": "SAN RAFAEL", "zu_narea": 83165.6572003, "zu_nano": 2025}},{"type": "Feature", "geometry": {"type": "Polygon", "coordinates": [[[-76.279762, 3.225002], [-76.277409, 3.22426], [-76.276826, 3.224525], [-76.276423, 3.22434], [-76.277704, 3.224101], [-76.277748, 3.223436], [-76.279336, 3.223267], [-76.279143, 3.224576], [-76.279692, 3.224493], [-76.279762, 3.225002]]]}, "properties": {"zu_cnmbre": "EL BARRANCO", "zu_narea": 30516.6865905, "zu_nano": 2025}},{"type": "Feature", "geometry": {"type": "Polygon", "coordinates": [[[-76.203047, 3.167781], [-76.202716, 3.166971], [-76.201574, 3.167239], [-76.20175, 3.166645], [-76.202375, 3.166445], [-76.202299, 3.165684], [-76.203518, 3.165476], [-76.204567, 3.165768], [-76.205052, 3.166311], [-76.205433, 3.167614], [-76.204674, 3.166919], [-76.204424, 3.16708], [-76.204159, 3.166752], [-76.203465, 3.166679], [-76.203047, 3.167781]]]}, "properties": {"zu_cnmbre": "QUEBRADITAS", "zu_narea": 52960.7646431, "zu_nano": 2025}},{"type": "Feature", "geometry": {"type": "Polygon", "coordinates": [[[-76.733977, 2.45672], [-76.731339, 2.455044], [-76.730486, 2.455872], [-76.730318, 2.455679], [-76.730197, 2.455397], [-76.731043, 2.454658], [-76.729412, 2.453301], [-76.72984, 2.452925], [-76.729527, 2.452166], [-76.728428, 2.451109], [-76.72866, 2.45081], [-76.728941, 2.450948], [-76.729242, 2.450595], [-76.731898, 2.454228], [-76.732642, 2.452878], [-76.735159, 2.452014], [-76.735008, 2.452774], [-76.733139, 2.453569], [-76.732735, 2.454907], [-76.734567, 2.456016], [-76.734349, 2.4565], [-76.733881, 2.456229], [-76.733977, 2.45672]]]}, "properties": {"zu_cnmbre": "EL ZARZAL", "zu_narea": 139959.141309, "zu_nano": 2025}},{"type": "Feature", "geometry": {"type": "Polygon", "coordinates": [[[-76.840779, 2.407606], [-76.840251, 2.406872], [-76.839784, 2.406844], [-76.839802, 2.406173], [-76.83867, 2.405673], [-76.838969, 2.404303], [-76.839546, 2.404014], [-76.839936, 2.402211], [-76.839488, 2.401935], [-76.839434, 2.401263], [-76.838715, 2.401048], [-76.838418, 2.400543], [-76.838865, 2.39923], [-76.839537, 2.399011], [-76.840186, 2.399915], [-76.840104, 2.399152], [-76.840402, 2.399176], [-76.840586, 2.399946], [-76.841884, 2.400581], [-76.841475, 2.400686], [-76.840736, 2.402405], [-76.84076, 2.403951], [-76.841495, 2.404078], [-76.840831, 2.405062], [-76.840564, 2.406901], [-76.840779, 2.407606]]]}, "properties": {"zu_cnmbre": "CUATRO ESQUINAS", "zu_narea": 163837.664202, "zu_nano": 2025}},{"type": "Feature", "geometry": {"type": "Polygon", "coordinates": [[[-76.959794, 2.433477], [-76.959111, 2.431221], [-76.959582, 2.431132], [-76.959774, 2.431926], [-76.960936, 2.43147], [-76.961739, 2.430751], [-76.963379, 2.431192], [-76.962951, 2.43093], [-76.962693, 2.429945], [-76.962604, 2.427933], [-76.962884, 2.427885], [-76.963, 2.429197], [-76.963517, 2.429021], [-76.963871, 2.429861], [-76.96327, 2.430212], [-76.963689, 2.431571], [-76.96169, 2.431144], [-76.960549, 2.431936], [-76.960981, 2.432746], [-76.960135, 2.433007], [-76.959794, 2.433477]]]}, "properties": {"zu_cnmbre": "LA PAZ", "zu_narea": 64279.8041624, "zu_nano": 2025}},{"type": "Feature", "geometry": {"type": "Polygon", "coordinates": [[[-76.799074, 2.525471], [-76.799263, 2.525943], [-76.798663, 2.526253], [-76.797337, 2.523806], [-76.796475, 2.523647], [-76.796621, 2.52307], [-76.797471, 2.52324], [-76.798153, 2.524057], [-76.798439, 2.525223], [-76.799074, 2.525471]]]}, "properties": {"zu_cnmbre": "LOS ANAYES", "zu_narea": 24049.3997794, "zu_nano": 2025}},{"type": "Feature", "geometry": {"type": "Polygon", "coordinates": [[[-76.897165, 2.439461], [-76.895304, 2.439968], [-76.894004, 2.439845], [-76.895163, 2.439636], [-76.895748, 2.438333], [-76.896364, 2.438448], [-76.896227, 2.438784], [-76.896562, 2.438814], [-76.896625, 2.439441], [-76.897165, 2.439461]]]}, "properties": {"zu_cnmbre": "PANDIGUANDO", "zu_narea": 24463.4319275, "zu_nano": 2025}},{"type": "Feature", "geometry": {"type": "Polygon", "coordinates": [[[-76.769024, 2.432992], [-76.769796, 2.431962], [-76.770053, 2.43231], [-76.769863, 2.432529], [-76.771006, 2.433719], [-76.771635, 2.432808], [-76.77192, 2.433589], [-76.772736, 2.434219], [-76.77184, 2.435023], [-76.772434, 2.435946], [-76.777315, 2.440077], [-76.777119, 2.440325], [-76.777794, 2.440863], [-76.777548, 2.441155], [-76.775858, 2.439749], [-76.775693, 2.439957], [-76.775138, 2.439623], [-76.77446, 2.438957], [-76.774642, 2.438736], [-76.771425, 2.435552], [-76.77094, 2.435599], [-76.770765, 2.435217], [-76.771, 2.434954], [-76.769463, 2.434001], [-76.769024, 2.432992]]]}, "properties": {"zu_cnmbre": "PIAGUA", "zu_narea": 136813.571179, "zu_nano": 2025}},{"type": "Feature", "geometry": {"type": "Polygon", "coordinates": [[[-76.429004, 3.179456], [-76.43004, 3.179108], [-76.430068, 3.179478], [-76.428294, 3.180916], [-76.4281, 3.180296], [-76.429004, 3.179456]]]}, "properties": {"zu_cnmbre": "CAPONERA SECTOR PALO BLANCO", "zu_narea": 14943.674678, "zu_nano": 2025}},{"type": "Feature", "geometry": {"type": "Polygon", "coordinates": [[[-76.863037, 2.322275], [-76.86287, 2.321718], [-76.863346, 2.32187], [-76.863481, 2.321199], [-76.864625, 2.321415], [-76.864533, 2.32077], [-76.865101, 2.321317], [-76.866912, 2.320767], [-76.867555, 2.321079], [-76.866862, 2.321501], [-76.86713, 2.32201], [-76.866801, 2.3221], [-76.86542, 2.322349], [-76.863627, 2.321977], [-76.863037, 2.322275]]]}, "properties": {"zu_cnmbre": "QUILCACÉ", "zu_narea": 50742.8026117, "zu_nano": 2025}},{"type": "Feature", "geometry": {"type": "Polygon", "coordinates": [[[-76.853668, 2.553696], [-76.85359, 2.553459], [-76.853201, 2.553628], [-76.853435, 2.552714], [-76.853096, 2.551627], [-76.853615, 2.55125], [-76.854458, 2.552146], [-76.85559, 2.552521], [-76.855084, 2.55341], [-76.853668, 2.553696]]]}, "properties": {"zu_cnmbre": "URIBE", "zu_narea": 42361.8163083, "zu_nano": 2025}},{"type": "Feature", "geometry": {"type": "Polygon", "coordinates": [[[-76.847047, 2.358034], [-76.846884, 2.357092], [-76.84788, 2.356837], [-76.847733, 2.356517], [-76.848357, 2.356264], [-76.848818, 2.356152], [-76.849407, 2.356722], [-76.848445, 2.357677], [-76.847357, 2.357548], [-76.847047, 2.358034]]]}, "properties": {"zu_cnmbre": "PUENTE DEL RÍO TIMBÍO", "zu_narea": 26357.9355477, "zu_nano": 2025}},{"type": "Feature", "geometry": {"type": "Polygon", "coordinates": [[[-76.852681, 2.48267], [-76.851476, 2.482275], [-76.851641, 2.481536], [-76.852879, 2.481965], [-76.853032, 2.482416], [-76.852681, 2.48267]]]}, "properties": {"zu_cnmbre": "LAS BOTAS", "zu_narea": 12993.6097923, "zu_nano": 2025}},{"type": "Feature", "geometry": {"type": "Polygon", "coordinates": [[[-76.900746, 2.328162], [-76.900289, 2.326369], [-76.900923, 2.326092], [-76.901141, 2.326551], [-76.901625, 2.326549], [-76.902826, 2.325943], [-76.902856, 2.326981], [-76.900746, 2.328162]]]}, "properties": {"zu_cnmbre": "CABUYAL", "zu_narea": 39310.6209747, "zu_nano": 2025}},{"type": "Feature", "geometry": {"type": "Polygon", "coordinates": [[[-76.889236, 2.471612], [-76.888523, 2.471699], [-76.888865, 2.471128], [-76.889288, 2.471262], [-76.889426, 2.470596], [-76.890738, 2.468682], [-76.890615, 2.46806], [-76.889968, 2.467422], [-76.89123, 2.468092], [-76.891258, 2.469029], [-76.89091, 2.469446], [-76.891244, 2.469763], [-76.890715, 2.470397], [-76.89037, 2.470237], [-76.889216, 2.472152], [-76.889014, 2.472076], [-76.889236, 2.471612]]]}, "properties": {"zu_cnmbre": "AIRES DE OCCIDENTE", "zu_narea": 34476.9124236, "zu_nano": 2025}},{"type": "Feature", "geometry": {"type": "Polygon", "coordinates": [[[-76.882091, 2.45844], [-76.882135, 2.459437], [-76.881661, 2.45969], [-76.881093, 2.45886], [-76.880366, 2.458529], [-76.880234, 2.458901], [-76.879752, 2.458816], [-76.879586, 2.457599], [-76.879114, 2.457317], [-76.879349, 2.456954], [-76.881514, 2.45849], [-76.882091, 2.45844]]]}, "properties": {"zu_cnmbre": "EL CRUCERO DE PANDIGUANDO", "zu_narea": 34095.3875567, "zu_nano": 2025}},{"type": "Feature", "geometry": {"type": "Polygon", "coordinates": [[[-76.843045, 2.640348], [-76.842171, 2.640466], [-76.841575, 2.639222], [-76.842815, 2.639887], [-76.842819, 2.63942], [-76.843705, 2.641032], [-76.843045, 2.640348]]]}, "properties": {"zu_cnmbre": "EL RECUERDO", "zu_narea": 14732.3365974, "zu_nano": 2025}},{"type": "Feature", "geometry": {"type": "Polygon", "coordinates": [[[-76.410357, 3.101143], [-76.410013, 3.100598], [-76.409919, 3.099524], [-76.410682, 3.099028], [-76.410533, 3.0976], [-76.410875, 3.097071], [-76.41078, 3.095652], [-76.410435, 3.095628], [-76.410203, 3.095108], [-76.410652, 3.09498], [-76.410643, 3.092178], [-76.408627, 3.090412], [-76.408407, 3.090629], [-76.407958, 3.090224], [-76.408984, 3.088521], [-76.410398, 3.088695], [-76.410732, 3.089082], [-76.412456, 3.087533], [-76.413434, 3.087286], [-76.413984, 3.088268], [-76.412106, 3.091073], [-76.412391, 3.091512], [-76.411559, 3.092345], [-76.41262, 3.094915], [-76.412092, 3.095438], [-76.412302, 3.09571], [-76.411097, 3.098543], [-76.411202, 3.10313], [-76.410794, 3.103101], [-76.410173, 3.10223], [-76.409836, 3.101257], [-76.410357, 3.101143]]]}, "properties": {"zu_cnmbre": "CIÉNAGA HONDA", "zu_narea": 336134.565726, "zu_nano": 2025}},{"type": "Feature", "geometry": {"type": "Polygon", "coordinates": [[[-76.413197, 3.186359], [-76.41149, 3.184506], [-76.410416, 3.184513], [-76.410503, 3.183762], [-76.412482, 3.184938], [-76.412898, 3.18476], [-76.413616, 3.185046], [-76.413724, 3.186019], [-76.413197, 3.186359]]]}, "properties": {"zu_cnmbre": "GUABAL 1", "zu_narea": 28173.6429023, "zu_nano": 2025}},{"type": "Feature", "geometry": {"type": "Polygon", "coordinates": [[[-76.410949, 3.17997], [-76.414338, 3.175174], [-76.415186, 3.175542], [-76.413908, 3.177469], [-76.414448, 3.178699], [-76.413949, 3.179056], [-76.413936, 3.178149], [-76.413025, 3.177769], [-76.412017, 3.179158], [-76.414041, 3.180322], [-76.414286, 3.181249], [-76.414018, 3.181362], [-76.412463, 3.179884], [-76.411067, 3.1812], [-76.411087, 3.182065], [-76.410676, 3.182071], [-76.410949, 3.17997]]]}, "properties": {"zu_cnmbre": "GUABAL 2", "zu_narea": 96477.1480845, "zu_nano": 2025}},{"type": "Feature", "geometry": {"type": "Polygon", "coordinates": [[[-76.40521, 3.105836], [-76.403765, 3.103469], [-76.404869, 3.103134], [-76.404583, 3.102378], [-76.403827, 3.102802], [-76.403196, 3.101462], [-76.403441, 3.101218], [-76.402148, 3.099991], [-76.401403, 3.098088], [-76.399936, 3.098325], [-76.400008, 3.098068], [-76.402014, 3.097734], [-76.402212, 3.096817], [-76.402583, 3.096819], [-76.40247, 3.097861], [-76.403226, 3.099135], [-76.40422, 3.099325], [-76.404491, 3.099938], [-76.404167, 3.100411], [-76.404259, 3.100919], [-76.405283, 3.102264], [-76.405033, 3.102411], [-76.405155, 3.102957], [-76.405572, 3.103075], [-76.40574, 3.103501], [-76.405534, 3.103542], [-76.406421, 3.104934], [-76.40521, 3.105836]]]}, "properties": {"zu_cnmbre": "LA DOMINGA", "zu_narea": 154141.9427, "zu_nano": 2025}},{"type": "Feature", "geometry": {"type": "Polygon", "coordinates": [[[-76.366322, 3.136951], [-76.366796, 3.136152], [-76.3671, 3.136297], [-76.367245, 3.13599], [-76.366838, 3.135785], [-76.367059, 3.134889], [-76.367505, 3.134951], [-76.367728, 3.134136], [-76.368204, 3.13424], [-76.368276, 3.134002], [-76.369066, 3.134415], [-76.368341, 3.134679], [-76.367554, 3.138087], [-76.36716, 3.13822], [-76.366322, 3.136951]]]}, "properties": {"zu_cnmbre": "LLANO DE TAULA ALTO", "zu_narea": 56548.8556057, "zu_nano": 2025}},{"type": "Feature", "geometry": {"type": "Polygon", "coordinates": [[[-76.426219, 3.205091], [-76.425776, 3.205149], [-76.424275, 3.202995], [-76.423782, 3.203014], [-76.42382, 3.200759], [-76.422945, 3.200655], [-76.423347, 3.199818], [-76.424971, 3.200249], [-76.425225, 3.201267], [-76.424952, 3.201723], [-76.425434, 3.203292], [-76.427052, 3.205436], [-76.426763, 3.205512], [-76.42679, 3.206457], [-76.426541, 3.206481], [-76.426465, 3.205559], [-76.426761, 3.205504], [-76.426219, 3.205091]]]}, "properties": {"zu_cnmbre": "MINGO", "zu_narea": 87095.7442344, "zu_nano": 2025}},{"type": "Feature", "geometry": {"type": "Polygon", "coordinates": [[[-76.404367, 3.15145], [-76.403649, 3.150659], [-76.403302, 3.150884], [-76.40284, 3.150229], [-76.402466, 3.150261], [-76.402664, 3.15012], [-76.401705, 3.149208], [-76.399913, 3.14596], [-76.399506, 3.145787], [-76.399721, 3.145501], [-76.39924, 3.145213], [-76.398884, 3.145938], [-76.398571, 3.145807], [-76.398364, 3.146354], [-76.39805, 3.146239], [-76.398469, 3.145216], [-76.398776, 3.14534], [-76.399564, 3.143264], [-76.399855, 3.14338], [-76.399786, 3.143803], [-76.400836, 3.144111], [-76.400712, 3.145338], [-76.400271, 3.145988], [-76.401046, 3.147294], [-76.401437, 3.146915], [-76.401807, 3.147556], [-76.401606, 3.147716], [-76.402368, 3.148544], [-76.40318, 3.148177], [-76.403767, 3.148831], [-76.403196, 3.149352], [-76.403571, 3.149751], [-76.403172, 3.150151], [-76.403665, 3.150636], [-76.40487, 3.149942], [-76.405024, 3.150117], [-76.404367, 3.15145]]]}, "properties": {"zu_cnmbre": "SABANETA", "zu_narea": 114198.808036, "zu_nano": 2025}},{"type": "Feature", "geometry": {"type": "Polygon", "coordinates": [[[-76.409691, 3.112419], [-76.408911, 3.110556], [-76.409182, 3.110473], [-76.409329, 3.109761], [-76.409067, 3.10836], [-76.405954, 3.106336], [-76.406555, 3.105342], [-76.408664, 3.106463], [-76.409735, 3.10508], [-76.410514, 3.105562], [-76.410859, 3.104619], [-76.411313, 3.104801], [-76.410388, 3.106651], [-76.410615, 3.106739], [-76.410396, 3.107173], [-76.41067, 3.107302], [-76.410071, 3.108759], [-76.410536, 3.110252], [-76.410291, 3.110866], [-76.411083, 3.111561], [-76.410765, 3.111672], [-76.410939, 3.112275], [-76.411994, 3.111863], [-76.412221, 3.112405], [-76.411553, 3.112584], [-76.411483, 3.11303], [-76.409422, 3.113321], [-76.409691, 3.112419]]]}, "properties": {"zu_cnmbre": "SAN JACINTO", "zu_narea": 194727.301973, "zu_nano": 2025}},{"type": "Feature", "geometry": {"type": "Polygon", "coordinates": [[[-77.600352, 2.519472], [-77.600029, 2.519441], [-77.599613, 2.518161], [-77.600218, 2.517769], [-77.600492, 2.518114], [-77.600703, 2.517723], [-77.600773, 2.518525], [-77.601325, 2.51904], [-77.601242, 2.519439], [-77.600424, 2.519856], [-77.600352, 2.519472]]]}, "properties": {"zu_cnmbre": "SAN AGUSTÍN", "zu_narea": 22669.5309737, "zu_nano": 2025}},{"type": "Feature", "geometry": {"type": "Polygon", "coordinates": [[[-77.751005, 2.617669], [-77.748885, 2.615541], [-77.749369, 2.615012], [-77.749176, 2.614728], [-77.749462, 2.614262], [-77.749708, 2.614515], [-77.749314, 2.614811], [-77.749554, 2.615054], [-77.749651, 2.614687], [-77.750369, 2.615018], [-77.750633, 2.614811], [-77.750801, 2.615343], [-77.750506, 2.615636], [-77.751503, 2.616363], [-77.751611, 2.617347], [-77.751005, 2.617669]]]}, "properties": {"zu_cnmbre": "SAN JOSÉ DE GUARE", "zu_narea": 47344.497464, "zu_nano": 2025}},{"type": "Feature", "geometry": {"type": "Polygon", "coordinates": [[[-77.596405, 2.508929], [-77.596374, 2.508351], [-77.595872, 2.508468], [-77.595748, 2.507693], [-77.594993, 2.50676], [-77.595672, 2.505273], [-77.598658, 2.507289], [-77.598664, 2.508158], [-77.597923, 2.508942], [-77.597259, 2.508708], [-77.597168, 2.508208], [-77.596899, 2.509108], [-77.596405, 2.508929]]]}, "properties": {"zu_cnmbre": "BELÉN", "zu_narea": 99388.3257076, "zu_nano": 2025}},{"type": "Feature", "geometry": {"type": "Polygon", "coordinates": [[[-76.064318, 2.552601], [-76.064651, 2.552114], [-76.064412, 2.552139], [-76.063907, 2.550874], [-76.063311, 2.551283], [-76.062522, 2.551053], [-76.062616, 2.550787], [-76.061863, 2.550967], [-76.061255, 2.550586], [-76.060457, 2.550871], [-76.059765, 2.549593], [-76.059788, 2.548506], [-76.061135, 2.548209], [-76.061816, 2.547417], [-76.06178, 2.54622], [-76.062272, 2.546221], [-76.0626, 2.547049], [-76.063262, 2.547383], [-76.064229, 2.547327], [-76.064127, 2.546712], [-76.064581, 2.546583], [-76.064523, 2.547333], [-76.064261, 2.547468], [-76.064457, 2.547978], [-76.065259, 2.547304], [-76.06573, 2.546277], [-76.066995, 2.546138], [-76.067067, 2.547011], [-76.067934, 2.546905], [-76.067732, 2.547293], [-76.066478, 2.547176], [-76.066862, 2.547791], [-76.066298, 2.548581], [-76.06612, 2.54825], [-76.065277, 2.548639], [-76.065076, 2.54907], [-76.06534, 2.549167], [-76.065288, 2.550064], [-76.066067, 2.550068], [-76.066007, 2.550519], [-76.065189, 2.550568], [-76.065334, 2.550903], [-76.065897, 2.550952], [-76.065643, 2.551313], [-76.065894, 2.552322], [-76.064967, 2.552802], [-76.064901, 2.553285], [-76.064475, 2.553166], [-76.064318, 2.552601]]]}, "properties": {"zu_cnmbre": "INZÁ", "zu_narea": 309556.023184, "zu_nano": 2025}},{"type": "Feature", "geometry": {"type": "Polygon", "coordinates": [[[-76.043944, 2.637465], [-76.044425, 2.63704], [-76.044164, 2.636948], [-76.043995, 2.63581], [-76.043457, 2.635699], [-76.043233, 2.635039], [-76.044678, 2.633749], [-76.04515, 2.633948], [-76.046178, 2.633225], [-76.047029, 2.633086], [-76.04668, 2.635455], [-76.046012, 2.635467], [-76.045632, 2.635868], [-76.046445, 2.63681], [-76.045044, 2.637455], [-76.04493, 2.638214], [-76.04406, 2.637863], [-76.043944, 2.637465]]]}, "properties": {"zu_cnmbre": "CALDERAS", "zu_narea": 124996.653255, "zu_nano": 2025}},{"type": "Feature", "geometry": {"type": "Polygon", "coordinates": [[[-76.000805, 2.521133], [-76.000514, 2.520064], [-75.999975, 2.520215], [-75.999849, 2.518325], [-75.999511, 2.517926], [-75.999765, 2.517306], [-75.998486, 2.516834], [-75.999172, 2.51532], [-76.000461, 2.515345], [-76.000536, 2.514756], [-75.999998, 2.514579], [-76.000272, 2.513666], [-76.000981, 2.513302], [-76.000991, 2.51369], [-76.001234, 2.513663], [-76.0012, 2.515386], [-76.00177, 2.515315], [-76.00198, 2.515786], [-76.001698, 2.517251], [-76.002282, 2.517336], [-76.00227, 2.518197], [-76.0015, 2.518192], [-76.001419, 2.51863], [-76.000901, 2.518661], [-76.000776, 2.519594], [-76.001683, 2.519618], [-76.001818, 2.52071], [-76.001146, 2.5223], [-76.000559, 2.521821], [-76.000805, 2.521133]]]}, "properties": {"zu_cnmbre": "PEDREGAL", "zu_narea": 178496.781223, "zu_nano": 2025}},{"type": "Feature", "geometry": {"type": "Polygon", "coordinates": [[[-76.069953, 2.630593], [-76.068561, 2.629818], [-76.0684, 2.62943], [-76.068559, 2.629104], [-76.068968, 2.629236], [-76.069307, 2.628546], [-76.069899, 2.628212], [-76.07013, 2.628329], [-76.069953, 2.628872], [-76.070619, 2.629079], [-76.070506, 2.629513], [-76.069867, 2.629383], [-76.070398, 2.630135], [-76.069953, 2.630593]]]}, "properties": {"zu_cnmbre": "TUMBICHUCUE", "zu_narea": 30992.561596, "zu_nano": 2025}},{"type": "Feature", "geometry": {"type": "MultiPolygon", "coordinates": [[[[-76.812737, 2.081807], [-76.812233, 2.081269], [-76.813102, 2.080029], [-76.813084, 2.079545], [-76.813453, 2.079688], [-76.814336, 2.079092], [-76.81501, 2.079296], [-76.814984, 2.078452], [-76.814402, 2.077258], [-76.814511, 2.076168], [-76.812271, 2.075811], [-76.812391, 2.075042], [-76.813076, 2.075535], [-76.814951, 2.075929], [-76.814809, 2.077382], [-76.815214, 2.077965], [-76.815295, 2.078882], [-76.815995, 2.07884], [-76.815891, 2.079267], [-76.81525, 2.079242], [-76.815397, 2.079986], [-76.814886, 2.080144], [-76.814724, 2.079857], [-76.814185, 2.080514], [-76.813436, 2.080555], [-76.812839, 2.080977], [-76.812737, 2.081807]]], [[[-76.810434, 2.085222], [-76.810001, 2.084844], [-76.810611, 2.08414], [-76.810998, 2.082565], [-76.811542, 2.082215], [-76.810874, 2.084422], [-76.811157, 2.084559], [-76.810445, 2.08473], [-76.810434, 2.085222]]]]}, "properties": {"zu_cnmbre": "ALTAMIRA", "zu_narea": 82911.2899215, "zu_nano": 2025}},{"type": "Feature", "geometry": {"type": "Polygon", "coordinates": [[[-76.863092, 2.070766], [-76.861868, 2.070633], [-76.861521, 2.069976], [-76.861168, 2.069971], [-76.861582, 2.069833], [-76.861095, 2.069729], [-76.860976, 2.069361], [-76.863092, 2.070766]]]}, "properties": {"zu_cnmbre": "EL PALMAR", "zu_narea": 10956.5414394, "zu_nano": 2025}},{"type": "Feature", "geometry": {"type": "Polygon", "coordinates": [[[-76.775379, 2.12256], [-76.774354, 2.117684], [-76.774601, 2.117412], [-76.774357, 2.117419], [-76.774031, 2.116462], [-76.774313, 2.116294], [-76.773969, 2.114557], [-76.774334, 2.115082], [-76.774719, 2.114485], [-76.775322, 2.115036], [-76.776397, 2.113604], [-76.776752, 2.113678], [-76.776621, 2.114458], [-76.776175, 2.114215], [-76.775903, 2.114911], [-76.775506, 2.114968], [-76.775633, 2.115248], [-76.774982, 2.116761], [-76.774947, 2.118113], [-76.775695, 2.119221], [-76.775259, 2.119563], [-76.775541, 2.120927], [-76.776758, 2.12286], [-76.776066, 2.123371], [-76.775379, 2.12256]]]}, "properties": {"zu_cnmbre": "SAN MIGUEL", "zu_narea": 93102.7075653, "zu_nano": 2025}},{"type": "Feature", "geometry": {"type": "Polygon", "coordinates": [[[-76.799291, 2.099003], [-76.799302, 2.097355], [-76.798602, 2.096576], [-76.799931, 2.097523], [-76.799817, 2.097768], [-76.800417, 2.097772], [-76.800329, 2.098073], [-76.79964, 2.098128], [-76.799291, 2.099003]]]}, "properties": {"zu_cnmbre": "ALBANIA", "zu_narea": 12070.5889921, "zu_nano": 2025}},{"type": "Feature", "geometry": {"type": "Polygon", "coordinates": [[[-76.68061, 2.010801], [-76.67992, 2.010164], [-76.680505, 2.009008], [-76.680318, 2.008798], [-76.68193, 2.008293], [-76.681821, 2.009297], [-76.682337, 2.009804], [-76.681551, 2.010465], [-76.681118, 2.009975], [-76.680526, 2.010385], [-76.68061, 2.010801]]]}, "properties": {"zu_cnmbre": "BARBILLAS", "zu_narea": 39708.9706047, "zu_nano": 2025}},{"type": "Feature", "geometry": {"type": "Polygon", "coordinates": [[[-77.350988, 2.942029], [-77.348065, 2.940385], [-77.350207, 2.93732], [-77.35177, 2.938173], [-77.350539, 2.940011], [-77.351916, 2.940787], [-77.350988, 2.942029]]]}, "properties": {"zu_cnmbre": "TAPARAL", "zu_narea": 111233.133208, "zu_nano": 2025}},{"type": "Feature", "geometry": {"type": "Polygon", "coordinates": [[[-77.186467, 2.863858], [-77.187388, 2.862573], [-77.186806, 2.862049], [-77.188001, 2.860827], [-77.189098, 2.861564], [-77.188039, 2.862713], [-77.187449, 2.862913], [-77.187472, 2.863323], [-77.187268, 2.863093], [-77.186467, 2.863858]]]}, "properties": {"zu_cnmbre": "CABECITAS", "zu_narea": 34099.4263831, "zu_nano": 2025}},{"type": "Feature", "geometry": {"type": "Polygon", "coordinates": [[[-77.303808, 2.916197], [-77.303373, 2.915341], [-77.302564, 2.91575], [-77.301116, 2.912965], [-77.301961, 2.912501], [-77.301323, 2.911773], [-77.30177, 2.9114], [-77.301999, 2.911802], [-77.303005, 2.911296], [-77.305383, 2.915331], [-77.303808, 2.916197]]]}, "properties": {"zu_cnmbre": "ISLA DE GALLO", "zu_narea": 135774.503454, "zu_nano": 2025}},{"type": "Feature", "geometry": {"type": "Polygon", "coordinates": [[[-77.547197, 3.064147], [-77.547157, 3.063645], [-77.547641, 3.063496], [-77.547523, 3.062213], [-77.547955, 3.062205], [-77.548127, 3.06466], [-77.546807, 3.067295], [-77.546483, 3.067125], [-77.547492, 3.065069], [-77.546941, 3.065003], [-77.546931, 3.064158], [-77.547197, 3.064147]]]}, "properties": {"zu_cnmbre": "JUAN COBO", "zu_narea": 38734.9576854, "zu_nano": 2025}},{"type": "Feature", "geometry": {"type": "MultiPolygon", "coordinates": [[[[-77.052717, 1.747381], [-77.050597, 1.746655], [-77.051298, 1.747194], [-77.051082, 1.747363], [-77.050345, 1.746691], [-77.049453, 1.746752], [-77.049272, 1.746516], [-77.050823, 1.746568], [-77.050719, 1.746115], [-77.051192, 1.746796], [-77.052883, 1.747136], [-77.052717, 1.747381]]], [[[-77.047257, 1.745689], [-77.046072, 1.745398], [-77.04608, 1.744822], [-77.046776, 1.744545], [-77.047605, 1.744704], [-77.046969, 1.744975], [-77.047257, 1.745689]]], [[[-77.048074, 1.74787], [-77.048364, 1.745719], [-77.048593, 1.745716], [-77.048665, 1.746264], [-77.049251, 1.746512], [-77.048645, 1.746619], [-77.048074, 1.74787]]]]}, "properties": {"zu_cnmbre": "ESMERALDAS", "zu_narea": 30736.5298731, "zu_nano": 2025}},{"type": "Feature", "geometry": {"type": "Polygon", "coordinates": [[[-77.201025, 1.70434], [-77.200138, 1.704494], [-77.199805, 1.704076], [-77.200138, 1.703778], [-77.19973, 1.703274], [-77.199316, 1.702887], [-77.199002, 1.703144], [-77.198364, 1.702439], [-77.200511, 1.700273], [-77.20132, 1.700465], [-77.201994, 1.699553], [-77.20319, 1.699551], [-77.202704, 1.700947], [-77.203327, 1.702145], [-77.202243, 1.702999], [-77.202843, 1.703437], [-77.20265, 1.703812], [-77.201262, 1.704281], [-77.201027, 1.704638], [-77.201025, 1.70434]]]}, "properties": {"zu_cnmbre": "ARBOLEDAS", "zu_narea": 175042.494694, "zu_nano": 2025}},{"type": "Feature", "geometry": {"type": "Polygon", "coordinates": [[[-77.147914, 1.707323], [-77.147808, 1.706282], [-77.147308, 1.705508], [-77.148031, 1.701927], [-77.148421, 1.701781], [-77.148305, 1.701444], [-77.14868, 1.701753], [-77.148882, 1.701391], [-77.14919, 1.701509], [-77.149192, 1.702539], [-77.148512, 1.704371], [-77.149086, 1.704684], [-77.148478, 1.705013], [-77.148451, 1.70533], [-77.14858, 1.705915], [-77.149011, 1.706085], [-77.148526, 1.707271], [-77.147914, 1.707323]]]}, "properties": {"zu_cnmbre": "SOMBRERILLOS", "zu_narea": 75259.1491498, "zu_nano": 2025}},{"type": "Feature", "geometry": {"type": "Polygon", "coordinates": [[[-77.301216, 1.781797], [-77.300512, 1.781447], [-77.299071, 1.780198], [-77.299683, 1.780481], [-77.299917, 1.780234], [-77.300391, 1.78043], [-77.300581, 1.78014], [-77.301463, 1.781552], [-77.301216, 1.781797]]]}, "properties": {"zu_cnmbre": "EL BADO", "zu_narea": 16903.2944385, "zu_nano": 2025}},{"type": "Feature", "geometry": {"type": "Polygon", "coordinates": [[[-77.164716, 1.711025], [-77.165068, 1.710703], [-77.16335, 1.710285], [-77.163538, 1.709949], [-77.165963, 1.710321], [-77.167321, 1.711142], [-77.166948, 1.7114], [-77.165832, 1.71073], [-77.165698, 1.711395], [-77.166196, 1.711452], [-77.165952, 1.712047], [-77.165149, 1.712065], [-77.164631, 1.711559], [-77.164716, 1.711025]]]}, "properties": {"zu_cnmbre": "TABLONCITO", "zu_narea": 36420.4606271, "zu_nano": 2025}},{"type": "Feature", "geometry": {"type": "Polygon", "coordinates": [[[-77.197017, 1.89266], [-77.196595, 1.892288], [-77.194629, 1.891886], [-77.193727, 1.891148], [-77.193556, 1.890615], [-77.193849, 1.890369], [-77.195227, 1.891689], [-77.196417, 1.89149], [-77.196033, 1.890649], [-77.196655, 1.890544], [-77.196801, 1.888272], [-77.195943, 1.887051], [-77.197464, 1.884178], [-77.197549, 1.883464], [-77.197788, 1.883478], [-77.198686, 1.885458], [-77.197678, 1.8892], [-77.198027, 1.89162], [-77.197146, 1.891725], [-77.197017, 1.89266]]]}, "properties": {"zu_cnmbre": "MOJARRAS", "zu_narea": 171497.972199, "zu_nano": 2025}},{"type": "Feature", "geometry": {"type": "Polygon", "coordinates": [[[-77.071298, 1.790186], [-77.070549, 1.788601], [-77.071525, 1.786684], [-77.072058, 1.786688], [-77.072383, 1.786835], [-77.072182, 1.78877], [-77.071514, 1.789616], [-77.07193, 1.79003], [-77.071298, 1.790186]]]}, "properties": {"zu_cnmbre": "LOS LLANOS", "zu_narea": 50677.1030835, "zu_nano": 2025}},{"type": "Feature", "geometry": {"type": "Polygon", "coordinates": [[[-76.28226, 3.269623], [-76.282262, 3.261277], [-76.283003, 3.261464], [-76.283152, 3.26098], [-76.287546, 3.260605], [-76.287584, 3.268094], [-76.285721, 3.268205], [-76.285666, 3.269092], [-76.28226, 3.269623]]]}, "properties": {"zu_cnmbre": "SANTA ANA", "zu_narea": 514665.632334, "zu_nano": 2025}},{"type": "Feature", "geometry": {"type": "Polygon", "coordinates": [[[-76.280659, 3.280439], [-76.280106, 3.279535], [-76.280269, 3.27897], [-76.280576, 3.278948], [-76.280181, 3.278833], [-76.280468, 3.275697], [-76.280163, 3.274087], [-76.28063, 3.273323], [-76.281329, 3.273588], [-76.281115, 3.274311], [-76.281307, 3.274191], [-76.281426, 3.274918], [-76.281873, 3.27501], [-76.281676, 3.278018], [-76.282931, 3.278661], [-76.282881, 3.279116], [-76.282351, 3.278955], [-76.282286, 3.279518], [-76.280965, 3.279232], [-76.280927, 3.279748], [-76.281695, 3.280254], [-76.281655, 3.280601], [-76.280659, 3.280439]]]}, "properties": {"zu_cnmbre": "SAN ANDRÉS", "zu_narea": 118615.141386, "zu_nano": 2025}},{"type": "Feature", "geometry": {"type": "Polygon", "coordinates": [[[-76.643863, 2.734596], [-76.643016, 2.733848], [-76.643481, 2.733496], [-76.645051, 2.73332], [-76.647059, 2.732211], [-76.648487, 2.73253], [-76.651304, 2.731131], [-76.655397, 2.731973], [-76.656796, 2.73145], [-76.65829, 2.731383], [-76.660889, 2.732545], [-76.66234, 2.732364], [-76.663915, 2.733206], [-76.665881, 2.732021], [-76.671829, 2.731164], [-76.671788, 2.732178], [-76.668638, 2.732549], [-76.668428, 2.73353], [-76.666991, 2.733768], [-76.666772, 2.733149], [-76.666163, 2.732987], [-76.664041, 2.734215], [-76.662461, 2.733368], [-76.660538, 2.733396], [-76.658254, 2.73233], [-76.655189, 2.732911], [-76.651715, 2.732178], [-76.648746, 2.733444], [-76.646899, 2.733244], [-76.643863, 2.734596]]]}, "properties": {"zu_cnmbre": "EL ROSARIO", "zu_narea": 379252.30065, "zu_nano": 2025}},{"type": "Feature", "geometry": {"type": "Polygon", "coordinates": [[[-76.314717, 3.191006], [-76.315557, 3.191228], [-76.315767, 3.191822], [-76.31615, 3.191754], [-76.315485, 3.194881], [-76.316481, 3.195025], [-76.31599, 3.195923], [-76.315404, 3.196146], [-76.315364, 3.197462], [-76.315129, 3.197631], [-76.312812, 3.197098], [-76.31147, 3.196477], [-76.310666, 3.196601], [-76.310539, 3.195553], [-76.310985, 3.19617], [-76.312118, 3.196434], [-76.313028, 3.195762], [-76.313337, 3.195893], [-76.314598, 3.193207], [-76.315199, 3.193267], [-76.315306, 3.192083], [-76.314667, 3.191732], [-76.314717, 3.191006]]]}, "properties": {"zu_cnmbre": "LA PAILA", "zu_narea": 139746.121518, "zu_nano": 2025}},{"type": "Feature", "geometry": {"type": "Polygon", "coordinates": [[[-76.667951, 2.754383], [-76.667543, 2.754237], [-76.666404, 2.752398], [-76.664731, 2.750813], [-76.663641, 2.751094], [-76.662725, 2.751791], [-76.662539, 2.751548], [-76.662892, 2.751256], [-76.662706, 2.750999], [-76.66307, 2.750009], [-76.662725, 2.74905], [-76.661392, 2.748329], [-76.660829, 2.747227], [-76.660531, 2.74742], [-76.66035, 2.747204], [-76.659272, 2.748201], [-76.658585, 2.74755], [-76.659223, 2.746623], [-76.657423, 2.745121], [-76.657396, 2.744525], [-76.659104, 2.745814], [-76.660441, 2.745713], [-76.661218, 2.74645], [-76.662012, 2.746358], [-76.662125, 2.746632], [-76.661452, 2.746771], [-76.661756, 2.747867], [-76.663125, 2.748602], [-76.664003, 2.749842], [-76.666082, 2.751225], [-76.668183, 2.754247], [-76.667951, 2.754383]]]}, "properties": {"zu_cnmbre": "SAN ISIDRO", "zu_narea": 154064.896205, "zu_nano": 2025}},{"type": "Feature", "geometry": {"type": "Polygon", "coordinates": [[[-76.66334, 2.800665], [-76.662036, 2.799259], [-76.661461, 2.799492], [-76.661355, 2.799117], [-76.660849, 2.799008], [-76.662186, 2.798645], [-76.663243, 2.799406], [-76.663271, 2.800025], [-76.663738, 2.800482], [-76.66334, 2.800665]]]}, "properties": {"zu_cnmbre": "SANTA ROSA", "zu_narea": 21909.1428429, "zu_nano": 2025}},{"type": "Feature", "geometry": {"type": "Polygon", "coordinates": [[[-75.983269, 2.586153], [-75.98307, 2.58636], [-75.982074, 2.584952], [-75.979957, 2.58139], [-75.980531, 2.581015], [-75.98141, 2.582696], [-75.981625, 2.582535], [-75.983267, 2.584242], [-75.983478, 2.58412], [-75.983529, 2.584729], [-75.983955, 2.584916], [-75.983716, 2.585103], [-75.983972, 2.586198], [-75.983449, 2.586414], [-75.983269, 2.586153]]]}, "properties": {"zu_cnmbre": "COHETANDO", "zu_narea": 71040.6159971, "zu_nano": 2025}},{"type": "Feature", "geometry": {"type": "Polygon", "coordinates": [[[-75.972676, 2.634282], [-75.972367, 2.633848], [-75.972692, 2.633092], [-75.973195, 2.633099], [-75.973802, 2.631165], [-75.974211, 2.630817], [-75.974257, 2.631516], [-75.975515, 2.631835], [-75.975072, 2.632939], [-75.974744, 2.633639], [-75.974445, 2.633556], [-75.974273, 2.634014], [-75.973835, 2.633922], [-75.973671, 2.634363], [-75.972676, 2.634282]]]}, "properties": {"zu_cnmbre": "MINUTO DE DIOS", "zu_narea": 68440.1372536, "zu_nano": 2025}},{"type": "Feature", "geometry": {"type": "Polygon", "coordinates": [[[-75.783153, 2.671546], [-75.78244, 2.671575], [-75.781439, 2.67037], [-75.780584, 2.670299], [-75.780006, 2.670021], [-75.780054, 2.669771], [-75.779802, 2.669989], [-75.780035, 2.669439], [-75.778953, 2.668956], [-75.779235, 2.668634], [-75.778713, 2.667671], [-75.779353, 2.667876], [-75.779546, 2.668422], [-75.780074, 2.668008], [-75.779798, 2.66703], [-75.78024, 2.666513], [-75.78027, 2.665648], [-75.780607, 2.665471], [-75.781011, 2.665596], [-75.78012, 2.667358], [-75.780548, 2.66777], [-75.780854, 2.667565], [-75.78103, 2.667649], [-75.780573, 2.668029], [-75.780462, 2.668897], [-75.780959, 2.669144], [-75.781882, 2.668407], [-75.781325, 2.669276], [-75.781945, 2.669707], [-75.781617, 2.670053], [-75.783153, 2.671546]]]}, "properties": {"zu_cnmbre": "RIOCHIQUITO", "zu_narea": 72673.7569508, "zu_nano": 2025}},{"type": "Feature", "geometry": {"type": "Polygon", "coordinates": [[[-75.921825, 2.570901], [-75.924237, 2.568663], [-75.923844, 2.568468], [-75.924399, 2.567837], [-75.924681, 2.567959], [-75.924539, 2.567538], [-75.924868, 2.567936], [-75.925123, 2.567544], [-75.92469, 2.567256], [-75.925211, 2.567268], [-75.925283, 2.566774], [-75.926016, 2.566495], [-75.925929, 2.566013], [-75.927024, 2.565948], [-75.926702, 2.566799], [-75.925801, 2.567114], [-75.926053, 2.567267], [-75.925847, 2.567452], [-75.926039, 2.567949], [-75.925399, 2.567643], [-75.924803, 2.568891], [-75.924129, 2.569], [-75.922546, 2.57075], [-75.921825, 2.570901]]]}, "properties": {"zu_cnmbre": "SAN LUIS (POTRERILLO)", "zu_narea": 46414.1725293, "zu_nano": 2025}},{"type": "Feature", "geometry": {"type": "Polygon", "coordinates": [[[-75.976023, 2.672851], [-75.97626, 2.673407], [-75.97427, 2.672297], [-75.974335, 2.67192], [-75.974818, 2.671964], [-75.974599, 2.671673], [-75.975191, 2.671675], [-75.975327, 2.670628], [-75.975749, 2.670809], [-75.975643, 2.671774], [-75.97642, 2.672125], [-75.976575, 2.672726], [-75.976023, 2.672851]]]}, "properties": {"zu_cnmbre": "EL RODEO", "zu_narea": 34683.2515282, "zu_nano": 2025}},{"type": "Feature", "geometry": {"type": "Polygon", "coordinates": [[[-75.980667, 2.689317], [-75.980411, 2.687792], [-75.981038, 2.687795], [-75.980667, 2.689317]]]}, "properties": {"zu_cnmbre": "LA MARÍA", "zu_narea": 6980.37511326, "zu_nano": 2025}},{"type": "Feature", "geometry": {"type": "Polygon", "coordinates": [[[-75.978638, 2.661284], [-75.979853, 2.660808], [-75.980609, 2.662079], [-75.981421, 2.661865], [-75.981522, 2.663089], [-75.981283, 2.662662], [-75.980773, 2.662726], [-75.979491, 2.663448], [-75.979497, 2.661918], [-75.978718, 2.661641], [-75.978638, 2.661284]]]}, "properties": {"zu_cnmbre": "LA MESA DE AVIRAMA", "zu_narea": 39314.675131, "zu_nano": 2025}},{"type": "Feature", "geometry": {"type": "Polygon", "coordinates": [[[-77.051442, 2.070353], [-77.052332, 2.068963], [-77.054502, 2.068013], [-77.054851, 2.068584], [-77.054512, 2.068792], [-77.054705, 2.069362], [-77.053254, 2.069675], [-77.052653, 2.070107], [-77.052253, 2.069892], [-77.05208, 2.070293], [-77.051739, 2.0701], [-77.051442, 2.070353]]]}, "properties": {"zu_cnmbre": "PATÍA", "zu_narea": 42417.7621622, "zu_nano": 2025}},{"type": "Feature", "geometry": {"type": "Polygon", "coordinates": [[[-76.385199, 3.222363], [-76.386301, 3.222018], [-76.386413, 3.222352], [-76.385576, 3.223234], [-76.386213, 3.224323], [-76.386016, 3.224507], [-76.384936, 3.223166], [-76.385199, 3.222363]]]}, "properties": {"zu_cnmbre": "GUENGUE", "zu_narea": 17591.8678046, "zu_nano": 2025}},{"type": "Feature", "geometry": {"type": "Polygon", "coordinates": [[[-76.43215, 1.032598], [-76.431778, 1.031763], [-76.433178, 1.03117], [-76.433342, 1.031634], [-76.434834, 1.030971], [-76.434677, 1.030542], [-76.439022, 1.02873], [-76.440552, 1.027537], [-76.441287, 1.028229], [-76.440286, 1.029054], [-76.441679, 1.030142], [-76.443692, 1.030742], [-76.442411, 1.032136], [-76.441665, 1.031677], [-76.442036, 1.031285], [-76.441751, 1.031006], [-76.441251, 1.031477], [-76.44043, 1.030856], [-76.44008, 1.03112], [-76.439524, 1.030664], [-76.439095, 1.030949], [-76.438745, 1.030685], [-76.438274, 1.031063], [-76.437175, 1.030414], [-76.43215, 1.032598]]]}, "properties": {"zu_cnmbre": "MIRAFLOR", "zu_narea": 193257.004587, "zu_nano": 2025}},{"type": "Feature", "geometry": {"type": "Polygon", "coordinates": [[[-76.388585, 1.046578], [-76.389186, 1.045879], [-76.390565, 1.046894], [-76.392083, 1.046566], [-76.392359, 1.047514], [-76.389978, 1.047997], [-76.389029, 1.048714], [-76.388319, 1.0501], [-76.387432, 1.049582], [-76.388214, 1.04808], [-76.389306, 1.047194], [-76.388585, 1.046578]]]}, "properties": {"zu_cnmbre": "LAS PALMERAS 1", "zu_narea": 83818.1226145, "zu_nano": 2025}},{"type": "Feature", "geometry": {"type": "Polygon", "coordinates": [[[-76.38537, 1.042442], [-76.385797, 1.042169], [-76.38612, 1.042879], [-76.386468, 1.042709], [-76.38672, 1.043102], [-76.386999, 1.043009], [-76.387366, 1.043987], [-76.386717, 1.044536], [-76.385862, 1.044278], [-76.385446, 1.043921], [-76.38537, 1.042442]]]}, "properties": {"zu_cnmbre": "LAS PALMERAS 2", "zu_narea": 32798.3989307, "zu_nano": 2025}},{"type": "Feature", "geometry": {"type": "Polygon", "coordinates": [[[-76.476996, 1.050459], [-76.476981, 1.048201], [-76.478483, 1.048219], [-76.478195, 1.050152], [-76.477814, 1.050536], [-76.476996, 1.050459]]]}, "properties": {"zu_cnmbre": "NÁPOLES", "zu_narea": 36273.327726, "zu_nano": 2025}},{"type": "Feature", "geometry": {"type": "Polygon", "coordinates": [[[-76.53365, 2.679357], [-76.533183, 2.67916], [-76.532347, 2.677354], [-76.530786, 2.677056], [-76.534862, 2.671705], [-76.535704, 2.672285], [-76.535759, 2.673091], [-76.534768, 2.674199], [-76.534394, 2.675524], [-76.53486, 2.67521], [-76.536173, 2.675136], [-76.536518, 2.676654], [-76.535729, 2.67617], [-76.534631, 2.677218], [-76.534151, 2.679011], [-76.53365, 2.679357]]]}, "properties": {"zu_cnmbre": "TUNÍA", "zu_narea": 215285.935498, "zu_nano": 2025}},{"type": "Feature", "geometry": {"type": "Polygon", "coordinates": [[[-76.532869, 2.664103], [-76.53232, 2.662361], [-76.53144, 2.662215], [-76.5296, 2.660579], [-76.529316, 2.659434], [-76.528659, 2.659251], [-76.528541, 2.656528], [-76.526481, 2.656244], [-76.526517, 2.655289], [-76.52616, 2.654408], [-76.524912, 2.655267], [-76.524655, 2.65501], [-76.524256, 2.653768], [-76.524827, 2.653012], [-76.524613, 2.652498], [-76.525446, 2.652194], [-76.524744, 2.65057], [-76.523934, 2.649813], [-76.524726, 2.649243], [-76.524907, 2.64868], [-76.524643, 2.647358], [-76.52414, 2.646829], [-76.52457, 2.646118], [-76.525196, 2.646491], [-76.525009, 2.645563], [-76.525371, 2.645175], [-76.526347, 2.645011], [-76.526024, 2.644554], [-76.525686, 2.644612], [-76.525145, 2.643582], [-76.522521, 2.642673], [-76.522956, 2.641217], [-76.521337, 2.639889], [-76.520926, 2.637652], [-76.519397, 2.635064], [-76.517759, 2.633293], [-76.517356, 2.631778], [-76.515895, 2.630621], [-76.514575, 2.630505], [-76.513674, 2.630008], [-76.514275, 2.629779], [-76.512833, 2.625958], [-76.513947, 2.624923], [-76.514473, 2.624792], [-76.514765, 2.625278], [-76.518123, 2.624745], [-76.51869, 2.624571], [-76.518319, 2.623792], [-76.519629, 2.623283], [-76.520125, 2.624391], [-76.522115, 2.624792], [-76.523351, 2.626094], [-76.524149, 2.625752], [-76.524497, 2.626614], [-76.525677, 2.62772], [-76.525839, 2.62922], [-76.527985, 2.630726], [-76.528265, 2.631541], [-76.52897, 2.631883], [-76.529172, 2.632823], [-76.530552, 2.633543], [-76.531746, 2.632948], [-76.531984, 2.633856], [-76.532836, 2.634996], [-76.531857, 2.635044], [-76.531739, 2.635373], [-76.532037, 2.635732], [-76.532758, 2.635702], [-76.532797, 2.63659], [-76.533996, 2.636198], [-76.53421, 2.637034], [-76.534796, 2.637191], [-76.536295, 2.636344], [-76.536609, 2.63795], [-76.538208, 2.638218], [-76.539032, 2.639936], [-76.539719, 2.640205], [-76.540368, 2.64109], [-76.538962, 2.642199], [-76.538766, 2.642753], [-76.539218, 2.643642], [-76.541246, 2.645429], [-76.54267, 2.646366], [-76.543104, 2.646325], [-76.544426, 2.648911], [-76.544831, 2.648899], [-76.545404, 2.649742], [-76.545656, 2.649492], [-76.54587, 2.649678], [-76.545164, 2.650094], [-76.546689, 2.651217], [-76.545416, 2.65118], [-76.542625, 2.647118], [-76.541587, 2.646739], [-76.541135, 2.647616], [-76.541206, 2.646537], [-76.540515, 2.646499], [-76.540153, 2.647876], [-76.539364, 2.64701], [-76.538473, 2.64789], [-76.538867, 2.648477], [-76.539185, 2.648391], [-76.538771, 2.648641], [-76.538317, 2.648129], [-76.537396, 2.648305], [-76.536964, 2.6489], [-76.537251, 2.649315], [-76.538133, 2.648875], [-76.538484, 2.649638], [-76.538215, 2.649721], [-76.538001, 2.64931], [-76.536935, 2.650065], [-76.537537, 2.650104], [-76.537565, 2.651615], [-76.536126, 2.65095], [-76.536562, 2.652363], [-76.536553, 2.65484], [-76.534878, 2.657891], [-76.535205, 2.658946], [-76.535105, 2.660324], [-76.535591, 2.661332], [-76.535547, 2.662005], [-76.534993, 2.66224], [-76.535698, 2.662972], [-76.535172, 2.663422], [-76.534354, 2.662785], [-76.532869, 2.664103]]]}, "properties": {"zu_cnmbre": "PIENDAMÓ", "zu_narea": 5783453.18149, "zu_nano": 2025}},{"type": "Feature", "geometry": {"type": "Polygon", "coordinates": [[[-76.393536, 3.220111], [-76.391691, 3.219383], [-76.390583, 3.219814], [-76.390844, 3.219519], [-76.390219, 3.219183], [-76.390821, 3.217772], [-76.390399, 3.216686], [-76.390921, 3.216343], [-76.390057, 3.215469], [-76.388994, 3.216082], [-76.389744, 3.215145], [-76.389679, 3.214689], [-76.389948, 3.214661], [-76.39081, 3.216172], [-76.391159, 3.215881], [-76.391331, 3.216074], [-76.391765, 3.217446], [-76.392804, 3.218837], [-76.39259, 3.219379], [-76.393867, 3.219938], [-76.393536, 3.220111]]]}, "properties": {"zu_cnmbre": "LAS BRISAS", "zu_narea": 79141.4996046, "zu_nano": 2025}},{"type": "Feature", "geometry": {"type": "Polygon", "coordinates": [[[-76.44141, 3.244273], [-76.441922, 3.243404], [-76.440397, 3.243305], [-76.440213, 3.243545], [-76.439799, 3.243311], [-76.44036, 3.24144], [-76.439604, 3.241131], [-76.439378, 3.241718], [-76.439126, 3.241655], [-76.439292, 3.240954], [-76.438563, 3.240773], [-76.43849, 3.240122], [-76.440052, 3.239289], [-76.440306, 3.23867], [-76.440809, 3.239224], [-76.440735, 3.239687], [-76.441468, 3.239801], [-76.440371, 3.240944], [-76.440747, 3.241281], [-76.440956, 3.241096], [-76.441944, 3.241722], [-76.4418, 3.242112], [-76.442795, 3.24244], [-76.442936, 3.242186], [-76.444132, 3.242866], [-76.444394, 3.242596], [-76.445191, 3.243457], [-76.445506, 3.242855], [-76.445834, 3.243039], [-76.445617, 3.243418], [-76.446274, 3.243791], [-76.445063, 3.244572], [-76.443333, 3.24649], [-76.442458, 3.245755], [-76.442724, 3.245435], [-76.44141, 3.244273]]]}, "properties": {"zu_cnmbre": "SAN CARLOS", "zu_narea": 225310.110145, "zu_nano": 2025}},{"type": "Feature", "geometry": {"type": "Polygon", "coordinates": [[[-76.36919, 3.259619], [-76.369748, 3.25964], [-76.366596, 3.26429], [-76.366232, 3.264048], [-76.36919, 3.259619]]]}, "properties": {"zu_cnmbre": "ZANJÓN RICO", "zu_narea": 30526.2981639, "zu_nano": 2025}},{"type": "Feature", "geometry": {"type": "Polygon", "coordinates": [[[-76.172581, 2.24204], [-76.171622, 2.24149], [-76.171188, 2.241949], [-76.171105, 2.241434], [-76.170557, 2.241096], [-76.170739, 2.240585], [-76.170194, 2.240105], [-76.170387, 2.239782], [-76.169251, 2.24041], [-76.168818, 2.239954], [-76.168585, 2.240926], [-76.167952, 2.241174], [-76.167322, 2.24035], [-76.167519, 2.240242], [-76.167917, 2.240851], [-76.168015, 2.240356], [-76.16827, 2.240398], [-76.168045, 2.239711], [-76.169111, 2.238318], [-76.169135, 2.237808], [-76.170365, 2.237766], [-76.171041, 2.238397], [-76.17101, 2.239725], [-76.171623, 2.240304], [-76.17174, 2.24117], [-76.17291, 2.241629], [-76.173086, 2.241973], [-76.172581, 2.24204]]]}, "properties": {"zu_cnmbre": "SANTA LETICIA", "zu_narea": 102298.58037, "zu_nano": 2025}},{"type": "Feature", "geometry": {"type": "MultiPolygon", "coordinates": [[[[-76.634346, 2.193857], [-76.633404, 2.193532], [-76.633485, 2.193282], [-76.633181, 2.193474], [-76.632949, 2.192978], [-76.633615, 2.193174], [-76.634523, 2.192812], [-76.634444, 2.193543], [-76.634184, 2.193474], [-76.634346, 2.193857]]], [[[-76.632287, 2.193358], [-76.631678, 2.193389], [-76.63168, 2.192893], [-76.630276, 2.191139], [-76.630508, 2.191061], [-76.63147, 2.192158], [-76.632287, 2.193358]]]]}, "properties": {"zu_cnmbre": "CHAPA", "zu_narea": 21561.4586214, "zu_nano": 2025}},{"type": "Feature", "geometry": {"type": "Polygon", "coordinates": [[[-76.164874, 2.243916], [-76.16352, 2.243081], [-76.163437, 2.24193], [-76.162861, 2.24166], [-76.162509, 2.240782], [-76.164211, 2.239636], [-76.164352, 2.239416], [-76.163929, 2.239062], [-76.165757, 2.237437], [-76.166206, 2.237965], [-76.165659, 2.238436], [-76.165632, 2.239014], [-76.166735, 2.239495], [-76.167664, 2.241111], [-76.16835, 2.241068], [-76.16821, 2.241714], [-76.168976, 2.242387], [-76.167152, 2.24371], [-76.165811, 2.243311], [-76.16569, 2.243819], [-76.164988, 2.243659], [-76.164874, 2.243916]]]}, "properties": {"zu_cnmbre": "JUAN TAMA", "zu_narea": 261929.592324, "zu_nano": 2025}},{"type": "Feature", "geometry": {"type": "Polygon", "coordinates": [[[-76.694537, 2.248442], [-76.69453, 2.247849], [-76.69682, 2.248163], [-76.69717, 2.249212], [-76.696732, 2.249596], [-76.696315, 2.249169], [-76.696392, 2.248647], [-76.694537, 2.248442]]]}, "properties": {"zu_cnmbre": "SAUCE", "zu_narea": 25029.4231128, "zu_nano": 2025}},{"type": "Feature", "geometry": {"type": "Polygon", "coordinates": [[[-76.747666, 1.868701], [-76.746304, 1.867206], [-76.746401, 1.867058], [-76.747119, 1.867388], [-76.747413, 1.867154], [-76.747791, 1.867622], [-76.748041, 1.868197], [-76.747666, 1.868701]]]}, "properties": {"zu_cnmbre": "VENECIA", "zu_narea": 15289.614563, "zu_nano": 2025}},{"type": "Feature", "geometry": {"type": "Polygon", "coordinates": [[[-76.595994, 1.726689], [-76.593775, 1.725895], [-76.593946, 1.725499], [-76.593554, 1.724704], [-76.596304, 1.72488], [-76.596065, 1.725471], [-76.59644, 1.725611], [-76.595994, 1.726689]]]}, "properties": {"zu_cnmbre": "EL CARMELO", "zu_narea": 44620.0113828, "zu_nano": 2025}},{"type": "Feature", "geometry": {"type": "MultiPolygon", "coordinates": [[[[-76.323443, 1.531534], [-76.322786, 1.530852], [-76.323671, 1.530621], [-76.323961, 1.530978], [-76.325801, 1.530061], [-76.325226, 1.528971], [-76.325776, 1.528846], [-76.326089, 1.529735], [-76.326525, 1.529532], [-76.326877, 1.53046], [-76.325773, 1.531152], [-76.32565, 1.530724], [-76.32202, 1.532833], [-76.321713, 1.53264], [-76.323443, 1.531534]]], [[[-76.3297, 1.525277], [-76.330055, 1.525058], [-76.330255, 1.525397], [-76.3297, 1.525277]]], [[[-76.327694, 1.527603], [-76.327966, 1.527106], [-76.328307, 1.527441], [-76.328154, 1.527761], [-76.327694, 1.527603]]], [[[-76.319802, 1.535012], [-76.320476, 1.534424], [-76.320694, 1.53459], [-76.319923, 1.535615], [-76.320277, 1.535875], [-76.319619, 1.536792], [-76.31923, 1.536526], [-76.319903, 1.535628], [-76.319802, 1.535012]]]]}, "properties": {"zu_cnmbre": "SAN JUAN DE VILLALOBOS", "zu_narea": 65922.6696462, "zu_nano": 2025}},{"type": "Feature", "geometry": {"type": "MultiPolygon", "coordinates": [[[[-76.939414, 2.048502], [-76.93975, 2.048487], [-76.939713, 2.052107], [-76.939465, 2.052049], [-76.939414, 2.048502]]], [[[-76.941069, 2.054842], [-76.941209, 2.054297], [-76.940878, 2.054129], [-76.941112, 2.053907], [-76.940047, 2.054061], [-76.940124, 2.053707], [-76.941362, 2.053623], [-76.941622, 2.054333], [-76.941069, 2.054842]]], [[[-76.939368, 2.052755], [-76.939575, 2.05257], [-76.94003, 2.053375], [-76.939768, 2.053485], [-76.939368, 2.052755]]]]}, "properties": {"zu_cnmbre": "LA CEJA", "zu_narea": 20341.8926545, "zu_nano": 2025}},{"type": "Feature", "geometry": {"type": "Polygon", "coordinates": [[[-76.752065, 2.345005], [-76.752284, 2.346197], [-76.751958, 2.346225], [-76.751198, 2.345545], [-76.748896, 2.345097], [-76.748489, 2.344804], [-76.748551, 2.343668], [-76.748881, 2.343684], [-76.748993, 2.344525], [-76.749199, 2.344358], [-76.749792, 2.344922], [-76.752065, 2.345005]]]}, "properties": {"zu_cnmbre": "ALTO SAN JOSÉ", "zu_narea": 33973.0858117, "zu_nano": 2025}},{"type": "Feature", "geometry": {"type": "Polygon", "coordinates": [[[-76.734005, 2.981768], [-76.732263, 2.981798], [-76.73211, 2.981057], [-76.731615, 2.980868], [-76.73174, 2.980307], [-76.732463, 2.980658], [-76.733824, 2.980537], [-76.73458, 2.980917], [-76.7342, 2.981234], [-76.734598, 2.982047], [-76.734005, 2.981768]]]}, "properties": {"zu_cnmbre": "LA BETULIA", "zu_narea": 40149.3671375, "zu_nano": 2025}},{"type": "Feature", "geometry": {"type": "Polygon", "coordinates": [[[-77.592341, 2.640696], [-77.59048, 2.640736], [-77.589859, 2.640519], [-77.590481, 2.639451], [-77.592124, 2.639503], [-77.59187, 2.638861], [-77.592176, 2.638802], [-77.592596, 2.638967], [-77.592705, 2.640065], [-77.593805, 2.640136], [-77.593493, 2.641109], [-77.592341, 2.640696]]]}, "properties": {"zu_cnmbre": "COTEJE", "zu_narea": 55179.954835, "zu_nano": 2025}},{"type": "Feature", "geometry": {"type": "Polygon", "coordinates": [[[-76.688788, 2.320991], [-76.68781, 2.318317], [-76.687187, 2.317901], [-76.68828, 2.315836], [-76.687927, 2.315028], [-76.6882, 2.314537], [-76.688723, 2.314438], [-76.688364, 2.314233], [-76.688701, 2.313787], [-76.690477, 2.314349], [-76.690299, 2.314931], [-76.68944, 2.315091], [-76.688265, 2.31734], [-76.688048, 2.317277], [-76.688072, 2.318061], [-76.689443, 2.319215], [-76.68941, 2.320225], [-76.688788, 2.320991]]]}, "properties": {"zu_cnmbre": "CRUCES", "zu_narea": 87467.6168527, "zu_nano": 2025}},{"type": "Feature", "geometry": {"type": "Polygon", "coordinates": [[[-76.28737, 2.926912], [-76.286978, 2.926927], [-76.286421, 2.926313], [-76.286421, 2.925603], [-76.287281, 2.925279], [-76.287306, 2.924015], [-76.288095, 2.923184], [-76.288421, 2.923365], [-76.289008, 2.920896], [-76.289695, 2.920685], [-76.289724, 2.922427], [-76.28992, 2.922347], [-76.29023, 2.923697], [-76.290448, 2.923686], [-76.290014, 2.924364], [-76.28999, 2.925057], [-76.290391, 2.925155], [-76.290329, 2.925414], [-76.290118, 2.925827], [-76.289279, 2.925569], [-76.288752, 2.926068], [-76.287912, 2.925803], [-76.28759, 2.926454], [-76.288014, 2.926735], [-76.288585, 2.926099], [-76.288932, 2.927156], [-76.28772, 2.92749], [-76.28737, 2.926912]]]}, "properties": {"zu_cnmbre": "SAN FRANCISCO", "zu_narea": 153140.943834, "zu_nano": 2025}},{"type": "Feature", "geometry": {"type": "Polygon", "coordinates": [[[-76.284511, 2.936205], [-76.285108, 2.934704], [-76.286178, 2.935186], [-76.285713, 2.936261], [-76.285371, 2.936128], [-76.285233, 2.937172], [-76.284659, 2.93731], [-76.284511, 2.936205]]]}, "properties": {"zu_cnmbre": "CALOTO NUEVO", "zu_narea": 29848.5675187, "zu_nano": 2025}},{"type": "Feature", "geometry": {"type": "Polygon", "coordinates": [[[-76.287873, 2.512493], [-76.287234, 2.512198], [-76.287986, 2.511854], [-76.287517, 2.51027], [-76.289761, 2.509546], [-76.290079, 2.50968], [-76.290683, 2.510842], [-76.290005, 2.511132], [-76.290405, 2.512086], [-76.28992, 2.512189], [-76.289633, 2.511649], [-76.287873, 2.512493]]]}, "properties": {"zu_cnmbre": "GABRIEL LÓPEZ", "zu_narea": 71838.1551112, "zu_nano": 2025}},{"type": "Feature", "geometry": {"type": "Polygon", "coordinates": [[[-75.391102, 3.075745], [-75.390397, 3.074536], [-75.389121, 3.073713], [-75.389216, 3.072902], [-75.387931, 3.072127], [-75.387351, 3.070689], [-75.386328, 3.069324], [-75.386856, 3.068687], [-75.388857, 3.068191], [-75.388532, 3.067522], [-75.389013, 3.066115], [-75.3883, 3.066068], [-75.388534, 3.065773], [-75.389029, 3.065853], [-75.388795, 3.064618], [-75.389114, 3.064708], [-75.389415, 3.066146], [-75.389774, 3.066301], [-75.389889, 3.068288], [-75.391812, 3.06828], [-75.391989, 3.068996], [-75.391505, 3.06955], [-75.391201, 3.069463], [-75.391417, 3.06992], [-75.391152, 3.07033], [-75.391974, 3.071061], [-75.391954, 3.071539], [-75.392709, 3.072827], [-75.391972, 3.075306], [-75.391102, 3.075745]]]}, "properties": {"zu_cnmbre": "SAN FRANCISCO", "zu_narea": 370257.788917, "zu_nano": 2025}},{"type": "Feature", "geometry": {"type": "MultiPolygon", "coordinates": [[[[-75.253056, 3.024597], [-75.252225, 3.02433], [-75.252092, 3.024552], [-75.251672, 3.024126], [-75.252269, 3.02278], [-75.251188, 3.022521], [-75.25146, 3.020816], [-75.254387, 3.021495], [-75.254517, 3.021129], [-75.255369, 3.0214], [-75.255152, 3.021991], [-75.254269, 3.021774], [-75.253056, 3.024597]]], [[[-75.256059, 3.01942], [-75.255395, 3.02046], [-75.254061, 3.019937], [-75.254805, 3.018211], [-75.255061, 3.018415], [-75.255624, 3.01718], [-75.256068, 3.017427], [-75.256261, 3.017081], [-75.256646, 3.017358], [-75.256271, 3.018096], [-75.25597, 3.01797], [-75.255588, 3.018909], [-75.257334, 3.020459], [-75.256059, 3.01942]]]]}, "properties": {"zu_cnmbre": "LA MATA", "zu_narea": 146784.060921, "zu_nano": 2025}},{"type": "Feature", "geometry": {"type": "MultiPolygon", "coordinates": [[[[-74.999302, 2.932569], [-74.999965, 2.93248], [-75.000017, 2.93351], [-74.998763, 2.933864], [-74.998694, 2.933412], [-74.999302, 2.932569]]], [[[-75.001679, 2.934394], [-75.002533, 2.934854], [-75.002202, 2.935951], [-75.001664, 2.935689], [-75.001679, 2.934394]]], [[[-75.000355, 2.933574], [-75.000798, 2.933412], [-75.000655, 2.933723], [-75.000355, 2.933574]]]]}, "properties": {"zu_cnmbre": "CEDRAL", "zu_narea": 27493.5579619, "zu_nano": 2025}},{"type": "Feature", "geometry": {"type": "Polygon", "coordinates": [[[-75.876542, 1.827232], [-75.875415, 1.825885], [-75.875748, 1.825309], [-75.874793, 1.824784], [-75.875049, 1.824557], [-75.875649, 1.825038], [-75.876064, 1.824707], [-75.875811, 1.824541], [-75.875572, 1.824793], [-75.875144, 1.824231], [-75.874858, 1.82313], [-75.875071, 1.823008], [-75.875254, 1.823703], [-75.875515, 1.823509], [-75.876125, 1.824229], [-75.876931, 1.823922], [-75.877261, 1.824094], [-75.876866, 1.824247], [-75.877108, 1.824485], [-75.87681, 1.824977], [-75.877376, 1.825764], [-75.878369, 1.824642], [-75.878858, 1.824696], [-75.878813, 1.825393], [-75.879767, 1.82553], [-75.879113, 1.826089], [-75.878632, 1.825423], [-75.876542, 1.827232]]]}, "properties": {"zu_cnmbre": "PUEBLO VIEJO", "zu_narea": 85193.1453517, "zu_nano": 2025}},{"type": "Feature", "geometry": {"type": "Polygon", "coordinates": [[[-75.964996, 1.745094], [-75.965026, 1.743996], [-75.964711, 1.743969], [-75.964594, 1.743448], [-75.964754, 1.74262], [-75.96358, 1.741638], [-75.963109, 1.742088], [-75.963137, 1.74267], [-75.962313, 1.742448], [-75.962751, 1.741184], [-75.961758, 1.741218], [-75.961737, 1.740661], [-75.963895, 1.74069], [-75.965354, 1.739074], [-75.966247, 1.739782], [-75.965942, 1.740431], [-75.965576, 1.740166], [-75.965243, 1.740514], [-75.965757, 1.741766], [-75.965436, 1.743611], [-75.96573, 1.744205], [-75.965377, 1.745029], [-75.964996, 1.745094]]]}, "properties": {"zu_cnmbre": "SAN MARCOS", "zu_narea": 108555.658396, "zu_nano": 2025}},{"type": "Feature", "geometry": {"type": "MultiPolygon", "coordinates": [[[[-75.943269, 1.825203], [-75.942276, 1.82415], [-75.941974, 1.823454], [-75.941232, 1.823087], [-75.940685, 1.823251], [-75.940392, 1.824368], [-75.940083, 1.824338], [-75.940873, 1.821969], [-75.939673, 1.821164], [-75.940103, 1.820277], [-75.940803, 1.820652], [-75.940834, 1.821029], [-75.941422, 1.821102], [-75.942711, 1.822427], [-75.942405, 1.823983], [-75.943674, 1.824939], [-75.943353, 1.824907], [-75.943269, 1.825203]]], [[[-75.939907, 1.820274], [-75.939386, 1.819817], [-75.939112, 1.82001], [-75.939017, 1.81934], [-75.939513, 1.819254], [-75.94005, 1.819742], [-75.939907, 1.820274]]], [[[-75.94136, 1.820396], [-75.941607, 1.820084], [-75.942006, 1.82069], [-75.941881, 1.820821], [-75.94136, 1.820396]]], [[[-75.943426, 1.825134], [-75.943802, 1.825441], [-75.943329, 1.825837], [-75.943299, 1.8254], [-75.943426, 1.825134]]]]}, "properties": {"zu_cnmbre": "EL CARMEN", "zu_narea": 84069.2438364, "zu_nano": 2025}},{"type": "Feature", "geometry": {"type": "MultiPolygon", "coordinates": [[[[-75.564353, 3.244543], [-75.564246, 3.244323], [-75.565122, 3.243643], [-75.5654, 3.242844], [-75.566363, 3.242571], [-75.566287, 3.24206], [-75.567812, 3.241538], [-75.568657, 3.241617], [-75.567294, 3.242235], [-75.567595, 3.242497], [-75.566934, 3.242399], [-75.566332, 3.243219], [-75.565732, 3.242946], [-75.565051, 3.244087], [-75.564353, 3.244543]]], [[[-75.562632, 3.246521], [-75.562355, 3.246268], [-75.562788, 3.246208], [-75.563165, 3.245088], [-75.563806, 3.244734], [-75.563512, 3.246071], [-75.562632, 3.246521]]]]}, "properties": {"zu_cnmbre": "SANTA RITA", "zu_narea": 40066.6375259, "zu_nano": 2025}},{"type": "Feature", "geometry": {"type": "MultiPolygon", "coordinates": [[[[-75.332327, 2.699708], [-75.320117, 2.698892], [-75.32041, 2.697815], [-75.317514, 2.697786], [-75.317651, 2.695264], [-75.320494, 2.695325], [-75.320626, 2.693719], [-75.317063, 2.691317], [-75.316806, 2.690639], [-75.31644, 2.690323], [-75.316163, 2.690474], [-75.315869, 2.689969], [-75.317442, 2.688934], [-75.319033, 2.689198], [-75.320309, 2.684959], [-75.321393, 2.685049], [-75.321912, 2.683761], [-75.321548, 2.683048], [-75.320268, 2.683412], [-75.320196, 2.682233], [-75.319401, 2.682041], [-75.319435, 2.681054], [-75.320252, 2.681304], [-75.32034, 2.681614], [-75.320351, 2.681317], [-75.322044, 2.681027], [-75.322403, 2.681531], [-75.323538, 2.681797], [-75.322004, 2.680461], [-75.32227, 2.679364], [-75.323129, 2.679159], [-75.324433, 2.679749], [-75.324747, 2.680463], [-75.325563, 2.680113], [-75.326761, 2.680563], [-75.326951, 2.680223], [-75.326233, 2.678403], [-75.325737, 2.678162], [-75.326419, 2.677833], [-75.325811, 2.675579], [-75.324323, 2.674656], [-75.323847, 2.675198], [-75.323137, 2.674704], [-75.323082, 2.674212], [-75.322524, 2.67424], [-75.322662, 2.673919], [-75.320022, 2.671853], [-75.320233, 2.670845], [-75.319626, 2.67046], [-75.319583, 2.669922], [-75.318845, 2.668904], [-75.315513, 2.667066], [-75.311694, 2.664585], [-75.311898, 2.664241], [-75.315533, 2.666942], [-75.319478, 2.669066], [-75.320276, 2.670472], [-75.320726, 2.670715], [-75.321058, 2.671756], [-75.322194, 2.6714], [-75.322598, 2.670768], [-75.322175, 2.670553], [-75.322336, 2.67015], [-75.322975, 2.670464], [-75.322653, 2.670777], [-75.323747, 2.671893], [-75.324211, 2.671276], [-75.325239, 2.671787], [-75.325958, 2.670732], [-75.326925, 2.67117], [-75.327187, 2.669981], [-75.328132, 2.672256], [-75.328796, 2.672413], [-75.330199, 2.67206], [-75.330616, 2.672328], [-75.330467, 2.673041], [-75.328604, 2.674084], [-75.328262, 2.674681], [-75.329047, 2.674536], [-75.330311, 2.676142], [-75.331326, 2.676225], [-75.331615, 2.675921], [-75.331285, 2.675622], [-75.331609, 2.675213], [-75.332491, 2.675503], [-75.332155, 2.675815], [-75.332629, 2.67644], [-75.332367, 2.676686], [-75.332713, 2.677216], [-75.331801, 2.677945], [-75.331533, 2.678811], [-75.332479, 2.679403], [-75.332949, 2.68032], [-75.332462, 2.68062], [-75.332478, 2.681036], [-75.332816, 2.681599], [-75.333484, 2.681843], [-75.333371, 2.682985], [-75.333929, 2.683823], [-75.333032, 2.683659], [-75.331546, 2.688195], [-75.330487, 2.687347], [-75.329308, 2.689138], [-75.329043, 2.688986], [-75.328128, 2.69103], [-75.328881, 2.691823], [-75.330611, 2.691938], [-75.330835, 2.693747], [-75.331434, 2.694392], [-75.331758, 2.695393], [-75.332327, 2.699708]]], [[[-75.331884, 2.689557], [-75.332467, 2.68884], [-75.3333, 2.689164], [-75.332709, 2.690095], [-75.331884, 2.689557]]]]}, "properties": {"zu_cnmbre": "CAMPOALEGRE", "zu_narea": 3600737.65117, "zu_nano": 2025}},{"type": "Feature", "geometry": {"type": "Polygon", "coordinates": [[[-75.683698, 2.074423], [-75.68352, 2.073238], [-75.68303, 2.07325], [-75.682918, 2.073871], [-75.682584, 2.073935], [-75.680763, 2.073603], [-75.680711, 2.07267], [-75.680467, 2.072676], [-75.681068, 2.07065], [-75.681562, 2.070667], [-75.681582, 2.070252], [-75.68456, 2.07026], [-75.684814, 2.070542], [-75.684395, 2.071592], [-75.685096, 2.07168], [-75.684812, 2.072306], [-75.685567, 2.072751], [-75.685168, 2.073446], [-75.685447, 2.073445], [-75.68549, 2.073923], [-75.684641, 2.073928], [-75.684383, 2.074361], [-75.683698, 2.074423]]]}, "properties": {"zu_cnmbre": "SAN ANTONIO DEL PESCADO", "zu_narea": 180443.435191, "zu_nano": 2025}},{"type": "Feature", "geometry": {"type": "MultiPolygon", "coordinates": [[[[-75.577272, 2.160043], [-75.577325, 2.159407], [-75.578197, 2.159416], [-75.577857, 2.16], [-75.577272, 2.160043]]], [[[-75.579979, 2.160178], [-75.579581, 2.16007], [-75.579661, 2.159712], [-75.579225, 2.159525], [-75.580564, 2.159637], [-75.579979, 2.160178]]]]}, "properties": {"zu_cnmbre": "PROVIDENCIA", "zu_narea": 10912.8516686, "zu_nano": 2025}},{"type": "Feature", "geometry": {"type": "Polygon", "coordinates": [[[-75.56819, 2.172075], [-75.566182, 2.169749], [-75.566115, 2.168725], [-75.565904, 2.168858], [-75.565427, 2.16823], [-75.566108, 2.16764], [-75.566728, 2.167787], [-75.56715, 2.168949], [-75.567649, 2.1691], [-75.567732, 2.169628], [-75.56739, 2.169206], [-75.56708, 2.169904], [-75.569264, 2.171149], [-75.568695, 2.171508], [-75.568628, 2.172099], [-75.56819, 2.172075]]]}, "properties": {"zu_cnmbre": "EL MESÓN", "zu_narea": 56496.4106287, "zu_nano": 2025}},{"type": "Feature", "geometry": {"type": "Polygon", "coordinates": [[[-75.61884, 2.062468], [-75.61809, 2.062704], [-75.617711, 2.062083], [-75.617207, 2.062275], [-75.616831, 2.061915], [-75.616633, 2.062272], [-75.614664, 2.061837], [-75.615994, 2.061325], [-75.617408, 2.061552], [-75.618009, 2.06201], [-75.619216, 2.061964], [-75.619775, 2.061382], [-75.620491, 2.061394], [-75.620985, 2.061884], [-75.620857, 2.062252], [-75.619778, 2.061668], [-75.619442, 2.062394], [-75.619593, 2.062921], [-75.61884, 2.062468]]]}, "properties": {"zu_cnmbre": "EL DESCANSO", "zu_narea": 39695.0220354, "zu_nano": 2025}},{"type": "Feature", "geometry": {"type": "MultiPolygon", "coordinates": [[[[-75.529032, 2.401962], [-75.527421, 2.401913], [-75.527902, 2.40114], [-75.52943, 2.401467], [-75.531584, 2.401181], [-75.531527, 2.401795], [-75.529081, 2.401694], [-75.529593, 2.402601], [-75.529032, 2.401962]]], [[[-75.528693, 2.403576], [-75.528937, 2.403195], [-75.52947, 2.403469], [-75.529331, 2.404006], [-75.528693, 2.403576]]]]}, "properties": {"zu_cnmbre": "PUEBLO NUEVO", "zu_narea": 30076.9162015, "zu_nano": 2025}},{"type": "Feature", "geometry": {"type": "Polygon", "coordinates": [[[-75.501137, 2.314675], [-75.500684, 2.313715], [-75.501705, 2.312974], [-75.501748, 2.31256], [-75.502254, 2.312865], [-75.502932, 2.31271], [-75.503667, 2.313578], [-75.504083, 2.313503], [-75.504174, 2.314023], [-75.503391, 2.314266], [-75.503352, 2.31455], [-75.501421, 2.314127], [-75.501137, 2.314675]]]}, "properties": {"zu_cnmbre": "TRES ESQUINAS", "zu_narea": 49136.0557077, "zu_nano": 2025}},{"type": "Feature", "geometry": {"type": "Polygon", "coordinates": [[[-75.502923, 2.270172], [-75.503327, 2.269897], [-75.503962, 2.268263], [-75.502924, 2.267391], [-75.503103, 2.267076], [-75.504244, 2.267707], [-75.505, 2.26684], [-75.504402, 2.26661], [-75.504548, 2.265978], [-75.504185, 2.265875], [-75.504099, 2.265282], [-75.505306, 2.265056], [-75.505523, 2.265433], [-75.505948, 2.265307], [-75.506098, 2.264672], [-75.506565, 2.26478], [-75.507193, 2.263756], [-75.507664, 2.264641], [-75.506739, 2.265036], [-75.506615, 2.26539], [-75.506936, 2.265694], [-75.506543, 2.266019], [-75.507074, 2.266644], [-75.505711, 2.266778], [-75.504276, 2.270292], [-75.502914, 2.270751], [-75.502923, 2.270172]]]}, "properties": {"zu_cnmbre": "LA VEGA", "zu_narea": 113615.996157, "zu_nano": 2025}},{"type": "Feature", "geometry": {"type": "Polygon", "coordinates": [[[-75.614874, 2.693063], [-75.615485, 2.692104], [-75.615348, 2.691605], [-75.613808, 2.691564], [-75.614301, 2.69025], [-75.614042, 2.689499], [-75.614765, 2.689217], [-75.614867, 2.689898], [-75.615559, 2.690443], [-75.616764, 2.690673], [-75.617109, 2.691393], [-75.616903, 2.692498], [-75.616914, 2.691465], [-75.616382, 2.691083], [-75.615331, 2.692835], [-75.614874, 2.693063]]]}, "properties": {"zu_cnmbre": "VALENCIA LA PAZ", "zu_narea": 53027.766896, "zu_nano": 2025}},{"type": "Feature", "geometry": {"type": "MultiPolygon", "coordinates": [[[[-75.988714, 2.473445], [-75.988259, 2.472996], [-75.989878, 2.471643], [-75.989814, 2.471243], [-75.992168, 2.469866], [-75.992452, 2.469179], [-75.992233, 2.468899], [-75.992646, 2.468939], [-75.993245, 2.468456], [-75.993176, 2.468075], [-75.993767, 2.467802], [-75.993614, 2.467618], [-75.994459, 2.466822], [-75.994642, 2.466993], [-75.994616, 2.466744], [-75.995164, 2.466054], [-75.99491, 2.466954], [-75.993065, 2.468779], [-75.991828, 2.470601], [-75.991899, 2.470933], [-75.991212, 2.471259], [-75.991483, 2.471773], [-75.990665, 2.471615], [-75.989519, 2.472387], [-75.988714, 2.473445]]], [[[-75.995287, 2.465956], [-75.997284, 2.46469], [-75.99741, 2.464762], [-75.997296, 2.465184], [-75.995287, 2.465956]]], [[[-75.987372, 2.473721], [-75.987715, 2.473435], [-75.988039, 2.473749], [-75.987729, 2.474303], [-75.987372, 2.473721]]]]}, "properties": {"zu_cnmbre": "MONSERRATE", "zu_narea": 64636.8161556, "zu_nano": 2025}},{"type": "Feature", "geometry": {"type": "Polygon", "coordinates": [[[-75.826427, 2.395193], [-75.8258, 2.393741], [-75.826053, 2.393499], [-75.825763, 2.393375], [-75.826281, 2.391213], [-75.826898, 2.391105], [-75.826894, 2.391962], [-75.827823, 2.392066], [-75.828084, 2.391694], [-75.828629, 2.392087], [-75.828276, 2.392767], [-75.828544, 2.393052], [-75.827626, 2.393479], [-75.827375, 2.398606], [-75.826905, 2.398654], [-75.826954, 2.39554], [-75.826427, 2.395193]]]}, "properties": {"zu_cnmbre": "SAN ANDRÉS", "zu_narea": 100469.834967, "zu_nano": 2025}},{"type": "Feature", "geometry": {"type": "Polygon", "coordinates": [[[-76.012764, 2.317686], [-76.01236, 2.317368], [-76.01074, 2.317493], [-76.010259, 2.316813], [-76.009512, 2.316799], [-76.009063, 2.317166], [-76.008519, 2.316678], [-76.008825, 2.316432], [-76.008011, 2.315578], [-76.008548, 2.315642], [-76.008843, 2.316137], [-76.011605, 2.315205], [-76.012432, 2.316317], [-76.013761, 2.316457], [-76.012161, 2.316996], [-76.013811, 2.317137], [-76.014193, 2.317586], [-76.012764, 2.317686]]]}, "properties": {"zu_cnmbre": "SAN VICENTE", "zu_narea": 88704.231893, "zu_nano": 2025}},{"type": "Feature", "geometry": {"type": "Polygon", "coordinates": [[[-75.877171, 2.231307], [-75.87756, 2.230888], [-75.877323, 2.230827], [-75.877283, 2.230158], [-75.877676, 2.229887], [-75.877584, 2.229426], [-75.878052, 2.228294], [-75.877695, 2.229759], [-75.878019, 2.231367], [-75.877724, 2.231199], [-75.877409, 2.231595], [-75.877171, 2.231307]]]}, "properties": {"zu_cnmbre": "MINAS", "zu_narea": 11935.6176413, "zu_nano": 2025}},{"type": "Feature", "geometry": {"type": "Polygon", "coordinates": [[[-76.021515, 1.908462], [-76.020994, 1.908486], [-76.020746, 1.908895], [-76.020237, 1.908707], [-76.0217, 1.906773], [-76.022623, 1.90646], [-76.022854, 1.904388], [-76.023261, 1.903925], [-76.025809, 1.903762], [-76.027358, 1.902926], [-76.027246, 1.904439], [-76.026779, 1.904283], [-76.024133, 1.904813], [-76.02399, 1.905416], [-76.023458, 1.905649], [-76.024126, 1.90569], [-76.0237, 1.907085], [-76.022905, 1.907706], [-76.022524, 1.90722], [-76.022165, 1.907398], [-76.022391, 1.908356], [-76.021888, 1.909011], [-76.021515, 1.908462]]]}, "properties": {"zu_cnmbre": "REGUEROS", "zu_narea": 120433.312527, "zu_nano": 2025}},{"type": "Feature", "geometry": {"type": "MultiPolygon", "coordinates": [[[[-76.142811, 1.891247], [-76.142848, 1.891545], [-76.14242, 1.891507], [-76.141904, 1.891017], [-76.143306, 1.890326], [-76.144083, 1.890582], [-76.143714, 1.891866], [-76.142811, 1.891247]]], [[[-76.145381, 1.892176], [-76.144545, 1.892785], [-76.144605, 1.892312], [-76.14398, 1.891975], [-76.144836, 1.891894], [-76.145381, 1.892176]]], [[[-76.144158, 1.890453], [-76.143992, 1.889875], [-76.144744, 1.890394], [-76.144158, 1.890453]]]]}, "properties": {"zu_cnmbre": "CHILLURCO (VILLAS DEL NORTE)", "zu_narea": 31951.3896656, "zu_nano": 2025}},{"type": "Feature", "geometry": {"type": "Polygon", "coordinates": [[[-76.275142, 1.897059], [-76.272816, 1.89589], [-76.272485, 1.89475], [-76.272101, 1.894637], [-76.272552, 1.894438], [-76.27254, 1.893742], [-76.27212, 1.893508], [-76.272218, 1.892571], [-76.271764, 1.891973], [-76.271037, 1.892118], [-76.271629, 1.891139], [-76.271092, 1.890334], [-76.271154, 1.889032], [-76.271581, 1.888902], [-76.271904, 1.887281], [-76.271025, 1.885644], [-76.269854, 1.885315], [-76.270225, 1.884372], [-76.26921, 1.884252], [-76.268883, 1.883047], [-76.267775, 1.882869], [-76.267473, 1.882485], [-76.266923, 1.882896], [-76.262413, 1.880127], [-76.261544, 1.879292], [-76.262701, 1.878644], [-76.262993, 1.87804], [-76.262152, 1.876278], [-76.261071, 1.875647], [-76.261148, 1.872829], [-76.262967, 1.871055], [-76.262847, 1.870667], [-76.263312, 1.869759], [-76.264959, 1.869914], [-76.266244, 1.870833], [-76.266437, 1.871461], [-76.266986, 1.871807], [-76.266953, 1.873139], [-76.267385, 1.873874], [-76.267085, 1.875271], [-76.267641, 1.874919], [-76.268167, 1.875546], [-76.267488, 1.875945], [-76.267872, 1.876234], [-76.267738, 1.876944], [-76.268264, 1.876455], [-76.269623, 1.877099], [-76.269527, 1.876624], [-76.270057, 1.875465], [-76.271252, 1.875655], [-76.270771, 1.874891], [-76.271264, 1.874402], [-76.271492, 1.874791], [-76.272531, 1.874541], [-76.273, 1.874806], [-76.273894, 1.874344], [-76.274268, 1.874591], [-76.275294, 1.874292], [-76.275333, 1.873632], [-76.275822, 1.874297], [-76.274452, 1.874739], [-76.274455, 1.874969], [-76.272801, 1.875156], [-76.272012, 1.875709], [-76.272402, 1.876058], [-76.271653, 1.876004], [-76.271789, 1.876736], [-76.272231, 1.877026], [-76.271482, 1.878437], [-76.272763, 1.879378], [-76.273241, 1.878964], [-76.275746, 1.87923], [-76.277219, 1.878731], [-76.277452, 1.879344], [-76.277246, 1.879651], [-76.277826, 1.88007], [-76.277576, 1.880779], [-76.278056, 1.880966], [-76.2782, 1.881435], [-76.277395, 1.882819], [-76.277922, 1.88314], [-76.27827, 1.884691], [-76.278758, 1.885154], [-76.278232, 1.886191], [-76.279709, 1.886892], [-76.280124, 1.88759], [-76.280261, 1.889049], [-76.279685, 1.88945], [-76.279507, 1.889067], [-76.278785, 1.888947], [-76.278806, 1.888016], [-76.27595, 1.887222], [-76.275688, 1.887616], [-76.276203, 1.888354], [-76.276603, 1.888243], [-76.277027, 1.888796], [-76.276628, 1.890056], [-76.274857, 1.889881], [-76.273531, 1.888692], [-76.272625, 1.8884], [-76.272414, 1.888657], [-76.271917, 1.890076], [-76.272016, 1.890822], [-76.272367, 1.891078], [-76.272582, 1.890041], [-76.273089, 1.889995], [-76.272939, 1.890665], [-76.274056, 1.890953], [-76.273996, 1.891259], [-76.272949, 1.891303], [-76.272854, 1.891717], [-76.272369, 1.891878], [-76.272809, 1.892941], [-76.273639, 1.893729], [-76.273229, 1.894919], [-76.275048, 1.89618], [-76.275248, 1.895352], [-76.276501, 1.895634], [-76.276319, 1.896568], [-76.275377, 1.896492], [-76.275142, 1.897059]]]}, "properties": {"zu_cnmbre": "SAN AGUSTÍN", "zu_narea": 2142630.97644, "zu_nano": 2025}},{"type": "Feature", "geometry": {"type": "Polygon", "coordinates": [[[-75.879862, 1.878758], [-75.879527, 1.878091], [-75.878378, 1.878222], [-75.877961, 1.8773], [-75.877269, 1.876805], [-75.876515, 1.877129], [-75.875175, 1.876768], [-75.874923, 1.878154], [-75.874299, 1.87838], [-75.873973, 1.875911], [-75.875117, 1.875173], [-75.875347, 1.874508], [-75.87598, 1.874369], [-75.87568, 1.874004], [-75.876345, 1.873853], [-75.876753, 1.8731], [-75.877376, 1.873376], [-75.878526, 1.872547], [-75.878479, 1.87501], [-75.879792, 1.875679], [-75.880166, 1.876533], [-75.87972, 1.876924], [-75.880793, 1.877829], [-75.879862, 1.878758]]]}, "properties": {"zu_cnmbre": "GALLARDO", "zu_narea": 236646.579503, "zu_nano": 2025}},{"type": "Feature", "geometry": {"type": "Polygon", "coordinates": [[[-75.263917, 3.145345], [-75.262157, 3.144982], [-75.259316, 3.143566], [-75.259067, 3.14298], [-75.259442, 3.142813], [-75.259058, 3.142766], [-75.259143, 3.142297], [-75.259934, 3.141484], [-75.25955, 3.140768], [-75.259695, 3.140187], [-75.26055, 3.139134], [-75.261723, 3.139979], [-75.261833, 3.140374], [-75.262742, 3.140773], [-75.263917, 3.145345]]]}, "properties": {"zu_cnmbre": "HATO NUEVO", "zu_narea": 210737.907895, "zu_nano": 2025}},{"type": "Feature", "geometry": {"type": "Polygon", "coordinates": [[[-77.301507, 1.780893], [-77.30245, 1.780257], [-77.304089, 1.779952], [-77.303511, 1.780724], [-77.303132, 1.780564], [-77.30192, 1.781484], [-77.301507, 1.780893]]]}, "properties": {"zu_cnmbre": "EL VADO", "zu_narea": 18098.1939281, "zu_nano": 2025}},{"type": "Feature", "geometry": {"type": "Polygon", "coordinates": [[[-77.1363, 3.170765], [-77.135266, 3.170622], [-77.135263, 3.169325], [-77.13589, 3.169306], [-77.13575, 3.169908], [-77.136481, 3.169917], [-77.137264, 3.170527], [-77.13808, 3.172042], [-77.137091, 3.17203], [-77.137265, 3.171771], [-77.1363, 3.170765]]]}, "properties": {"zu_cnmbre": "CASCAJITA", "zu_narea": 37168.1134064, "zu_nano": 2025}},{"type": "Feature", "geometry": {"type": "Polygon", "coordinates": [[[-76.484937, 3.31464], [-76.485371, 3.314067], [-76.484379, 3.313248], [-76.483282, 3.313836], [-76.483152, 3.313387], [-76.481623, 3.313016], [-76.48075, 3.312447], [-76.478198, 3.31281], [-76.476822, 3.314139], [-76.475993, 3.314312], [-76.475461, 3.310728], [-76.474141, 3.307736], [-76.474938, 3.307428], [-76.474975, 3.306969], [-76.47557, 3.306918], [-76.475475, 3.307191], [-76.475739, 3.307176], [-76.477945, 3.309963], [-76.477755, 3.311054], [-76.478275, 3.312222], [-76.478773, 3.311845], [-76.478419, 3.311016], [-76.47957, 3.311419], [-76.47983, 3.311963], [-76.479504, 3.311261], [-76.479686, 3.310773], [-76.47938, 3.310532], [-76.479921, 3.310294], [-76.48039, 3.311005], [-76.480439, 3.310518], [-76.480874, 3.310408], [-76.481234, 3.311404], [-76.480794, 3.311702], [-76.481157, 3.31234], [-76.482119, 3.312137], [-76.483674, 3.312903], [-76.483958, 3.312591], [-76.485583, 3.313931], [-76.485453, 3.3141], [-76.486199, 3.314445], [-76.485504, 3.314552], [-76.485315, 3.314864], [-76.484937, 3.31464]]]}, "properties": {"zu_cnmbre": "EL HORMIGUERO", "zu_narea": 277530.394738, "zu_nano": 2025}},{"type": "Feature", "geometry": {"type": "Polygon", "coordinates": [[[-77.133834, 3.16744], [-77.133289, 3.16741], [-77.133235, 3.166986], [-77.133374, 3.16646], [-77.133855, 3.166456], [-77.133664, 3.164274], [-77.134023, 3.163968], [-77.134674, 3.164422], [-77.13527, 3.168148], [-77.134074, 3.168242], [-77.133834, 3.16744]]]}, "properties": {"zu_cnmbre": "CONCEPCIÓN", "zu_narea": 61640.1104606, "zu_nano": 2025}},{"type": "Feature", "geometry": {"type": "Polygon", "coordinates": [[[-77.287257, 3.139367], [-77.286403, 3.139494], [-77.286331, 3.13985], [-77.285727, 3.13969], [-77.285125, 3.140207], [-77.284337, 3.139931], [-77.284563, 3.13925], [-77.283312, 3.138603], [-77.28305, 3.138059], [-77.28471, 3.137463], [-77.287048, 3.137869], [-77.288319, 3.138623], [-77.289272, 3.140407], [-77.288652, 3.140838], [-77.287257, 3.139367]]]}, "properties": {"zu_cnmbre": "SAN FRANCISCO DE NAYA", "zu_narea": 126249.959981, "zu_nano": 2025}},{"type": "Feature", "geometry": {"type": "Polygon", "coordinates": [[[-77.624529, 2.660829], [-77.622955, 2.660194], [-77.623556, 2.658541], [-77.62493, 2.659812], [-77.624529, 2.660829]]]}, "properties": {"zu_cnmbre": "CHETE", "zu_narea": 29315.1969057, "zu_nano": 2025}},{"type": "Feature", "geometry": {"type": "MultiPolygon", "coordinates": [[[[-76.227199, 1.835746], [-76.227771, 1.834585], [-76.227498, 1.834286], [-76.227908, 1.834349], [-76.22779, 1.833503], [-76.228098, 1.8331], [-76.227716, 1.83251], [-76.228085, 1.832425], [-76.227921, 1.830398], [-76.228293, 1.830032], [-76.227249, 1.828996], [-76.227733, 1.828511], [-76.227767, 1.827118], [-76.227997, 1.827065], [-76.228098, 1.827671], [-76.228449, 1.827694], [-76.228437, 1.828087], [-76.22873, 1.828074], [-76.229268, 1.829073], [-76.228993, 1.830123], [-76.228556, 1.830369], [-76.229067, 1.830515], [-76.228564, 1.831506], [-76.229238, 1.831445], [-76.229481, 1.83195], [-76.229125, 1.83198], [-76.228819, 1.832801], [-76.228357, 1.832775], [-76.228482, 1.833897], [-76.227683, 1.83588], [-76.227199, 1.835746]]], [[[-76.226978, 1.827805], [-76.226877, 1.827198], [-76.227827, 1.826684], [-76.226978, 1.827805]]], [[[-76.22737, 1.83773], [-76.227662, 1.837303], [-76.227866, 1.838221], [-76.228362, 1.838287], [-76.227619, 1.838679], [-76.22737, 1.83773]]]]}, "properties": {"zu_cnmbre": "LOS CAUCHOS", "zu_narea": 97644.3921733, "zu_nano": 2025}},{"type": "Feature", "geometry": {"type": "MultiPolygon", "coordinates": [[[[-76.155813, 1.862421], [-76.155693, 1.860871], [-76.156262, 1.860337], [-76.155726, 1.860069], [-76.156044, 1.859691], [-76.155628, 1.859214], [-76.154838, 1.859868], [-76.154085, 1.859993], [-76.153764, 1.858986], [-76.153292, 1.859136], [-76.153116, 1.860027], [-76.15332, 1.8606], [-76.153839, 1.860408], [-76.153855, 1.860973], [-76.152428, 1.861431], [-76.152404, 1.858949], [-76.151765, 1.859031], [-76.152212, 1.857871], [-76.153107, 1.857566], [-76.152811, 1.858583], [-76.153664, 1.858179], [-76.154175, 1.858554], [-76.154543, 1.858006], [-76.154603, 1.857165], [-76.153833, 1.856305], [-76.153784, 1.855678], [-76.15304, 1.855717], [-76.153047, 1.856284], [-76.152097, 1.856152], [-76.152097, 1.856424], [-76.151623, 1.856445], [-76.151633, 1.856781], [-76.150838, 1.85687], [-76.15082, 1.856556], [-76.149842, 1.85662], [-76.14982, 1.85551], [-76.151168, 1.854707], [-76.151644, 1.85531], [-76.152144, 1.855165], [-76.152192, 1.85577], [-76.152914, 1.855725], [-76.152923, 1.855279], [-76.153643, 1.85515], [-76.15356, 1.854725], [-76.153857, 1.85473], [-76.153985, 1.855664], [-76.156167, 1.855539], [-76.155514, 1.853615], [-76.155911, 1.853489], [-76.156659, 1.855512], [-76.157478, 1.855458], [-76.156749, 1.854015], [-76.157313, 1.853771], [-76.157004, 1.8532], [-76.156451, 1.853539], [-76.155923, 1.852843], [-76.15658, 1.852574], [-76.15638, 1.851933], [-76.156933, 1.851585], [-76.157312, 1.851917], [-76.158488, 1.851899], [-76.158195, 1.850973], [-76.158736, 1.850453], [-76.159168, 1.850854], [-76.15887, 1.851709], [-76.158501, 1.851902], [-76.158703, 1.852505], [-76.159081, 1.852753], [-76.15991, 1.852122], [-76.158547, 1.85399], [-76.158585, 1.854741], [-76.15898, 1.855255], [-76.158693, 1.855382], [-76.159066, 1.855775], [-76.15684, 1.857332], [-76.156507, 1.856327], [-76.155704, 1.856422], [-76.155619, 1.856007], [-76.155171, 1.856035], [-76.155153, 1.85659], [-76.154629, 1.857184], [-76.155045, 1.857731], [-76.155404, 1.857372], [-76.155256, 1.856914], [-76.155848, 1.856774], [-76.155546, 1.85765], [-76.157134, 1.857964], [-76.157398, 1.859378], [-76.156925, 1.859847], [-76.157301, 1.859702], [-76.158094, 1.860366], [-76.158031, 1.860962], [-76.157343, 1.861811], [-76.157922, 1.862126], [-76.158082, 1.861774], [-76.158605, 1.862121], [-76.157146, 1.86242], [-76.156933, 1.863697], [-76.156664, 1.863784], [-76.155813, 1.862421]]], [[[-76.163177, 1.856458], [-76.16261, 1.855862], [-76.162157, 1.855813], [-76.162144, 1.855401], [-76.160603, 1.855649], [-76.160668, 1.855932], [-76.160228, 1.856027], [-76.160189, 1.855291], [-76.160435, 1.855271], [-76.160387, 1.854635], [-76.160821, 1.854576], [-76.160854, 1.854823], [-76.162285, 1.854452], [-76.162345, 1.853112], [-76.161895, 1.853122], [-76.161871, 1.852744], [-76.162374, 1.852737], [-76.162351, 1.853066], [-76.164234, 1.852608], [-76.164405, 1.853555], [-76.163757, 1.853812], [-76.163847, 1.854356], [-76.163422, 1.854554], [-76.163574, 1.85491], [-76.164812, 1.854551], [-76.165169, 1.855846], [-76.164707, 1.855824], [-76.164629, 1.856371], [-76.163177, 1.856458]]], [[[-76.148572, 1.859536], [-76.148072, 1.858627], [-76.148337, 1.858561], [-76.148146, 1.856434], [-76.147828, 1.856452], [-76.147778, 1.856053], [-76.143825, 1.856304], [-76.143858, 1.855789], [-76.144489, 1.856012], [-76.145064, 1.855294], [-76.147069, 1.854631], [-76.148794, 1.854904], [-76.148963, 1.855314], [-76.148588, 1.855696], [-76.149249, 1.855961], [-76.149915, 1.857951], [-76.149556, 1.859078], [-76.148572, 1.859536]]]]}, "properties": {"zu_cnmbre": "CRIOLLO", "zu_narea": 681925.785236, "zu_nano": 2025}},{"type": "Feature", "geometry": {"type": "Polygon", "coordinates": [[[-76.495504, 2.977661], [-76.494921, 2.978093], [-76.494695, 2.977795], [-76.49568, 2.976366], [-76.495561, 2.975871], [-76.496034, 2.974598], [-76.495097, 2.974609], [-76.494853, 2.974157], [-76.496168, 2.973758], [-76.496183, 2.973261], [-76.496536, 2.973087], [-76.497483, 2.973053], [-76.49752, 2.973397], [-76.497, 2.973812], [-76.498323, 2.974004], [-76.498303, 2.974383], [-76.497558, 2.974456], [-76.497252, 2.974826], [-76.498216, 2.974928], [-76.498027, 2.975291], [-76.498575, 2.975529], [-76.498189, 2.976546], [-76.49663, 2.976811], [-76.496707, 2.978972], [-76.496426, 2.980042], [-76.495659, 2.979781], [-76.495812, 2.978174], [-76.495504, 2.977661]]]}, "properties": {"zu_cnmbre": "LA CAPILLA", "zu_narea": 139286.497083, "zu_nano": 2025}},{"type": "Feature", "geometry": {"type": "Polygon", "coordinates": [[[-76.456304, 2.983046], [-76.456558, 2.98131], [-76.456214, 2.98133], [-76.456205, 2.980448], [-76.455717, 2.980442], [-76.456161, 2.980207], [-76.45606, 2.979193], [-76.453704, 2.976509], [-76.454149, 2.976072], [-76.453192, 2.975115], [-76.453538, 2.974604], [-76.453695, 2.974847], [-76.454011, 2.974375], [-76.45425, 2.974481], [-76.45445, 2.971935], [-76.455176, 2.972305], [-76.455439, 2.972088], [-76.455047, 2.97338], [-76.456407, 2.973933], [-76.456385, 2.974922], [-76.455504, 2.974726], [-76.454817, 2.974976], [-76.454642, 2.975943], [-76.456641, 2.978419], [-76.457349, 2.980224], [-76.457024, 2.980341], [-76.457219, 2.981063], [-76.456849, 2.98123], [-76.45711, 2.982193], [-76.456855, 2.982179], [-76.456801, 2.982979], [-76.456304, 2.983046]]]}, "properties": {"zu_cnmbre": "SAN PEDRO", "zu_narea": 150867.610112, "zu_nano": 2025}},{"type": "Feature", "geometry": {"type": "Polygon", "coordinates": [[[-76.491083, 2.973733], [-76.491726, 2.973491], [-76.491766, 2.972443], [-76.491251, 2.97217], [-76.491567, 2.971949], [-76.490966, 2.969948], [-76.490773, 2.967855], [-76.489749, 2.965742], [-76.490092, 2.965387], [-76.489277, 2.963951], [-76.489914, 2.963739], [-76.489527, 2.962546], [-76.488991, 2.96266], [-76.488834, 2.961954], [-76.487911, 2.961911], [-76.487802, 2.960774], [-76.488363, 2.960442], [-76.488382, 2.959994], [-76.487459, 2.959237], [-76.488153, 2.95874], [-76.489017, 2.961124], [-76.489385, 2.960984], [-76.489534, 2.961398], [-76.489841, 2.961298], [-76.489753, 2.962002], [-76.489956, 2.961941], [-76.490966, 2.963895], [-76.49154, 2.963682], [-76.492371, 2.964333], [-76.491559, 2.964653], [-76.492501, 2.965907], [-76.492093, 2.966212], [-76.493317, 2.968295], [-76.493115, 2.968427], [-76.493842, 2.968923], [-76.494307, 2.9705], [-76.492501, 2.971795], [-76.492704, 2.97336], [-76.492387, 2.974232], [-76.493034, 2.974451], [-76.492808, 2.975038], [-76.491083, 2.973733]]]}, "properties": {"zu_cnmbre": "DOMINGUILLO", "zu_narea": 336403.373785, "zu_nano": 2025}},{"type": "Feature", "geometry": {"type": "Polygon", "coordinates": [[[-76.782496, 1.903729], [-76.783042, 1.903267], [-76.783768, 1.903257], [-76.784107, 1.904114], [-76.784953, 1.904536], [-76.785267, 1.905174], [-76.783767, 1.905531], [-76.78327, 1.906548], [-76.782665, 1.906936], [-76.782256, 1.906753], [-76.782215, 1.905688], [-76.781386, 1.905481], [-76.781611, 1.904794], [-76.78257, 1.904724], [-76.782313, 1.903566], [-76.782496, 1.903729]]]}, "properties": {"zu_cnmbre": "CAQUIONA", "zu_narea": 83879.6440316, "zu_nano": 2025}},{"type": "Feature", "geometry": {"type": "Polygon", "coordinates": [[[-77.235341, 2.33562], [-77.234198, 2.334958], [-77.234489, 2.334297], [-77.233477, 2.334138], [-77.233557, 2.333101], [-77.23326, 2.332813], [-77.23336, 2.332481], [-77.233632, 2.332559], [-77.234212, 2.330223], [-77.235374, 2.328492], [-77.234438, 2.326619], [-77.235532, 2.326069], [-77.236775, 2.325996], [-77.235801, 2.324426], [-77.236431, 2.323484], [-77.237325, 2.322929], [-77.236826, 2.322072], [-77.2368, 2.32167], [-77.237097, 2.321566], [-77.237775, 2.321751], [-77.238224, 2.323039], [-77.236587, 2.324347], [-77.236972, 2.325363], [-77.237704, 2.325974], [-77.235395, 2.327161], [-77.236081, 2.328764], [-77.235215, 2.330552], [-77.235497, 2.33146], [-77.235173, 2.332613], [-77.235534, 2.333287], [-77.235704, 2.335497], [-77.235341, 2.33562]]]}, "properties": {"zu_cnmbre": "EL MANGO", "zu_narea": 199582.251482, "zu_nano": 2025}},{"type": "Feature", "geometry": {"type": "MultiPolygon", "coordinates": [[[[-76.42865, 2.956012], [-76.428766, 2.955766], [-76.429626, 2.956276], [-76.43113, 2.958392], [-76.430659, 2.958716], [-76.42865, 2.956012]]], [[[-76.4239, 2.954392], [-76.422254, 2.95322], [-76.421766, 2.953446], [-76.421338, 2.953062], [-76.421953, 2.952772], [-76.42271, 2.952956], [-76.4239, 2.954392]]], [[[-76.421715, 2.954878], [-76.420645, 2.954522], [-76.421109, 2.953593], [-76.421666, 2.954171], [-76.421588, 2.954492], [-76.422318, 2.954793], [-76.422007, 2.954876], [-76.422006, 2.955441], [-76.421715, 2.954878]]], [[[-76.425214, 2.95558], [-76.425917, 2.954974], [-76.426215, 2.95541], [-76.427008, 2.95527], [-76.427717, 2.955521], [-76.427568, 2.955871], [-76.427, 2.955456], [-76.426459, 2.955497], [-76.425128, 2.956682], [-76.425214, 2.95558]]]]}, "properties": {"zu_cnmbre": "LA PALOMERA", "zu_narea": 68111.230712, "zu_nano": 2025}},{"type": "Feature", "geometry": {"type": "Polygon", "coordinates": [[[-76.851991, 1.734661], [-76.85219, 1.735234], [-76.851193, 1.73577], [-76.850949, 1.736762], [-76.84985, 1.736614], [-76.849465, 1.735863], [-76.849778, 1.735304], [-76.849131, 1.735595], [-76.848768, 1.734293], [-76.84941, 1.73364], [-76.849988, 1.733546], [-76.850058, 1.732975], [-76.851263, 1.732633], [-76.851153, 1.733605], [-76.851625, 1.733545], [-76.851775, 1.734434], [-76.85153, 1.734598], [-76.851618, 1.734903], [-76.851991, 1.734661]]]}, "properties": {"zu_cnmbre": "SAN JUAN", "zu_narea": 100984.590857, "zu_nano": 2025}},{"type": "Feature", "geometry": {"type": "Polygon", "coordinates": [[[-76.739298, 2.605715], [-76.740106, 2.6069], [-76.741548, 2.606137], [-76.742159, 2.606173], [-76.742514, 2.605787], [-76.743229, 2.606328], [-76.743869, 2.606388], [-76.745019, 2.605644], [-76.7464, 2.60694], [-76.745388, 2.606696], [-76.745155, 2.607706], [-76.745662, 2.608681], [-76.74623, 2.608763], [-76.746602, 2.609211], [-76.746163, 2.609339], [-76.745119, 2.608722], [-76.744498, 2.608874], [-76.744578, 2.60813], [-76.744089, 2.606498], [-76.743044, 2.607055], [-76.742122, 2.606741], [-76.740768, 2.607138], [-76.740396, 2.607458], [-76.739948, 2.609396], [-76.73972, 2.607317], [-76.737956, 2.606395], [-76.738843, 2.606361], [-76.739298, 2.605715]]]}, "properties": {"zu_cnmbre": "EL ROSARIO", "zu_narea": 102493.419411, "zu_nano": 2025}},{"type": "Feature", "geometry": {"type": "Polygon", "coordinates": [[[-76.524774, 2.596945], [-76.525277, 2.597171], [-76.526346, 2.596754], [-76.526332, 2.59747], [-76.527011, 2.597609], [-76.527232, 2.597917], [-76.526954, 2.598856], [-76.527739, 2.59872], [-76.527838, 2.599042], [-76.527329, 2.59919], [-76.527892, 2.600158], [-76.527673, 2.600243], [-76.527839, 2.600683], [-76.528161, 2.60075], [-76.528026, 2.601291], [-76.52886, 2.602329], [-76.529805, 2.602597], [-76.530216, 2.601732], [-76.530592, 2.601951], [-76.530753, 2.601637], [-76.530995, 2.601788], [-76.53068, 2.602952], [-76.531622, 2.603041], [-76.531812, 2.602569], [-76.532289, 2.602705], [-76.533626, 2.602239], [-76.533729, 2.602548], [-76.532198, 2.603293], [-76.532973, 2.6036], [-76.532891, 2.603924], [-76.531476, 2.603269], [-76.52993, 2.603338], [-76.529604, 2.603807], [-76.529072, 2.603654], [-76.528307, 2.603936], [-76.52884, 2.603497], [-76.527194, 2.601977], [-76.52749, 2.601357], [-76.527336, 2.600989], [-76.52688, 2.601249], [-76.527058, 2.600906], [-76.52666, 2.600578], [-76.526901, 2.600463], [-76.526459, 2.599505], [-76.526153, 2.599927], [-76.526297, 2.600824], [-76.525913, 2.600954], [-76.525759, 2.599792], [-76.526188, 2.598104], [-76.524694, 2.597147], [-76.524774, 2.596945]]]}, "properties": {"zu_cnmbre": "EL CAIRO", "zu_narea": 147642.051695, "zu_nano": 2025}},{"type": "Feature", "geometry": {"type": "Polygon", "coordinates": [[[-76.470605, 2.53053], [-76.470029, 2.530606], [-76.468892, 2.530033], [-76.468277, 2.530488], [-76.467842, 2.529219], [-76.464353, 2.527238], [-76.464718, 2.526537], [-76.465759, 2.527064], [-76.465942, 2.526842], [-76.466341, 2.527085], [-76.466668, 2.526742], [-76.468148, 2.527887], [-76.468353, 2.527509], [-76.469045, 2.527801], [-76.469284, 2.527505], [-76.470338, 2.52786], [-76.470382, 2.528211], [-76.473785, 2.527803], [-76.473966, 2.529101], [-76.474305, 2.529284], [-76.473454, 2.53031], [-76.472582, 2.529929], [-76.472267, 2.530644], [-76.470826, 2.530823], [-76.470605, 2.53053]]]}, "properties": {"zu_cnmbre": "PANIQUITÁ", "zu_narea": 242774.583595, "zu_nano": 2025}},{"type": "Feature", "geometry": {"type": "Polygon", "coordinates": [[[-77.466952, 2.790979], [-77.466382, 2.790914], [-77.465544, 2.788883], [-77.46617, 2.788161], [-77.466506, 2.788718], [-77.467292, 2.788548], [-77.467349, 2.788853], [-77.466923, 2.788941], [-77.466841, 2.7893], [-77.467761, 2.78911], [-77.467776, 2.789467], [-77.467294, 2.789666], [-77.46774, 2.791037], [-77.467544, 2.790697], [-77.467107, 2.79079], [-77.467172, 2.791489], [-77.466952, 2.790979]]]}, "properties": {"zu_cnmbre": "BOCA DE PATÍA", "zu_narea": 46355.8811049, "zu_nano": 2025}},{"type": "Feature", "geometry": {"type": "Polygon", "coordinates": [[[-77.659915, 2.701674], [-77.659291, 2.700824], [-77.659523, 2.700582], [-77.662144, 2.703454], [-77.661661, 2.703955], [-77.662168, 2.704376], [-77.661932, 2.704579], [-77.659878, 2.702514], [-77.659915, 2.701674]]]}, "properties": {"zu_cnmbre": "EL CHARCO", "zu_narea": 45572.4747233, "zu_nano": 2025}},{"type": "Feature", "geometry": {"type": "Polygon", "coordinates": [[[-77.520877, 2.839228], [-77.519604, 2.837939], [-77.519254, 2.838115], [-77.51859, 2.837793], [-77.519162, 2.836882], [-77.5188, 2.836515], [-77.519806, 2.835634], [-77.520323, 2.83664], [-77.521051, 2.836235], [-77.52251, 2.838651], [-77.522032, 2.838979], [-77.521659, 2.838604], [-77.520877, 2.839228]]]}, "properties": {"zu_cnmbre": "CUPI", "zu_narea": 83803.905159, "zu_nano": 2025}},{"type": "Feature", "geometry": {"type": "Polygon", "coordinates": [[[-77.676139, 2.738637], [-77.675187, 2.738317], [-77.676241, 2.736608], [-77.67723, 2.737263], [-77.676821, 2.738223], [-77.67721, 2.738393], [-77.677041, 2.738631], [-77.676313, 2.738324], [-77.676139, 2.738637]]]}, "properties": {"zu_cnmbre": "SAN MIGUEL", "zu_narea": 27425.5502403, "zu_nano": 2025}},{"type": "Feature", "geometry": {"type": "Polygon", "coordinates": [[[-77.703167, 2.784349], [-77.703947, 2.783605], [-77.704647, 2.784724], [-77.704835, 2.785282], [-77.704448, 2.785508], [-77.705648, 2.787431], [-77.704625, 2.788156], [-77.704048, 2.787861], [-77.703039, 2.785892], [-77.703167, 2.784349]]]}, "properties": {"zu_cnmbre": "COROZAL", "zu_narea": 79785.2077428, "zu_nano": 2025}},{"type": "Feature", "geometry": {"type": "Polygon", "coordinates": [[[-77.401944, 2.763764], [-77.401365, 2.762112], [-77.401109, 2.76113], [-77.402061, 2.761179], [-77.402067, 2.761631], [-77.402682, 2.762357], [-77.402718, 2.762603], [-77.402269, 2.762596], [-77.402484, 2.763417], [-77.402217, 2.763707], [-77.401944, 2.763764]]]}, "properties": {"zu_cnmbre": "CABECITAL", "zu_narea": 28726.2394475, "zu_nano": 2025}},{"type": "Feature", "geometry": {"type": "Polygon", "coordinates": [[[-76.821679, 2.06458], [-76.820805, 2.064078], [-76.820827, 2.063716], [-76.821265, 2.063511], [-76.820854, 2.063176], [-76.82106, 2.06279], [-76.820755, 2.062366], [-76.822062, 2.063528], [-76.8221, 2.064331], [-76.821679, 2.06458]]]}, "properties": {"zu_cnmbre": "SANTA BÁRBARA", "zu_narea": 18637.689108, "zu_nano": 2025}},{"type": "Feature", "geometry": {"type": "Polygon", "coordinates": [[[-76.553333, 2.801101], [-76.550944, 2.799664], [-76.551534, 2.796927], [-76.553843, 2.79789], [-76.55352, 2.798955], [-76.55497, 2.799897], [-76.554251, 2.800016], [-76.555165, 2.800582], [-76.554494, 2.801049], [-76.553333, 2.801101]]]}, "properties": {"zu_cnmbre": "PESCADOR", "zu_narea": 119847.086844, "zu_nano": 2025}},{"type": "Feature", "geometry": {"type": "Polygon", "coordinates": [[[-76.083884, 2.53461], [-76.084267, 2.534511], [-76.08415, 2.533291], [-76.084747, 2.531464], [-76.086226, 2.531653], [-76.086252, 2.531181], [-76.086583, 2.531106], [-76.086651, 2.531561], [-76.088032, 2.531142], [-76.087791, 2.532767], [-76.086796, 2.53449], [-76.085901, 2.534341], [-76.085831, 2.534718], [-76.083838, 2.53512], [-76.083884, 2.53461]]]}, "properties": {"zu_cnmbre": "LA MILAGROSA", "zu_narea": 129431.821562, "zu_nano": 2025}},{"type": "Feature", "geometry": {"type": "Polygon", "coordinates": [[[-76.07548, 2.553055], [-76.075306, 2.552734], [-76.073775, 2.552797], [-76.072159, 2.551978], [-76.073334, 2.550499], [-76.073725, 2.550752], [-76.074013, 2.550534], [-76.075099, 2.551395], [-76.075327, 2.551968], [-76.075677, 2.551892], [-76.075222, 2.552174], [-76.075752, 2.552911], [-76.07548, 2.553055]]]}, "properties": {"zu_cnmbre": "YAQUIVÁ", "zu_narea": 61180.5416775, "zu_nano": 2025}},{"type": "Feature", "geometry": {"type": "Polygon", "coordinates": [[[-77.253869, 1.8514], [-77.252892, 1.850862], [-77.25342, 1.850197], [-77.25328, 1.849965], [-77.253531, 1.849712], [-77.253942, 1.850112], [-77.254609, 1.849144], [-77.25484, 1.848002], [-77.255252, 1.848102], [-77.255478, 1.848554], [-77.255053, 1.849818], [-77.25444, 1.85068], [-77.254063, 1.850427], [-77.253628, 1.851045], [-77.253869, 1.8514]]]}, "properties": {"zu_cnmbre": "EL COCAL", "zu_narea": 33645.0915268, "zu_nano": 2025}},{"type": "Feature", "geometry": {"type": "Polygon", "coordinates": [[[-76.773534, 2.145208], [-76.770895, 2.144604], [-76.771042, 2.144424], [-76.770328, 2.143624], [-76.770521, 2.143425], [-76.77096, 2.143995], [-76.771436, 2.14385], [-76.770895, 2.143378], [-76.770809, 2.142563], [-76.772473, 2.14279], [-76.772453, 2.143193], [-76.773155, 2.143685], [-76.772719, 2.144434], [-76.773543, 2.144757], [-76.773534, 2.145208]]]}, "properties": {"zu_cnmbre": "ARBELA", "zu_narea": 52083.2081307, "zu_nano": 2025}},{"type": "Feature", "geometry": {"type": "Polygon", "coordinates": [[[-76.555065, 2.529397], [-76.553869, 2.528265], [-76.553462, 2.52855], [-76.552595, 2.528039], [-76.552106, 2.528382], [-76.551221, 2.527336], [-76.552188, 2.526604], [-76.551524, 2.52614], [-76.55071, 2.52679], [-76.550375, 2.526358], [-76.550543, 2.52619], [-76.549814, 2.525659], [-76.549632, 2.524459], [-76.549843, 2.524334], [-76.549143, 2.523315], [-76.54848, 2.522921], [-76.547807, 2.523397], [-76.547433, 2.523278], [-76.546968, 2.522456], [-76.548334, 2.522121], [-76.547978, 2.521369], [-76.548372, 2.521259], [-76.548815, 2.521802], [-76.549511, 2.521934], [-76.549654, 2.522266], [-76.548884, 2.52287], [-76.549125, 2.523278], [-76.549284, 2.523138], [-76.551168, 2.524675], [-76.551652, 2.524412], [-76.552989, 2.524612], [-76.553422, 2.525702], [-76.55462, 2.527263], [-76.555885, 2.528492], [-76.556532, 2.528604], [-76.555065, 2.529397]]]}, "properties": {"zu_cnmbre": "LA CABUYERA", "zu_narea": 211295.681441, "zu_nano": 2025}},{"type": "Feature", "geometry": {"type": "Polygon", "coordinates": [[[-77.247932, 2.842587], [-77.249152, 2.842515], [-77.249465, 2.842682], [-77.249328, 2.843319], [-77.25026, 2.843594], [-77.250479, 2.847182], [-77.24928, 2.848762], [-77.247585, 2.849952], [-77.245158, 2.849771], [-77.244387, 2.849191], [-77.24454, 2.847858], [-77.247243, 2.84486], [-77.247435, 2.844269], [-77.24822, 2.843932], [-77.247825, 2.843687], [-77.247932, 2.842587]]]}, "properties": {"zu_cnmbre": "LÓPEZ", "zu_narea": 346752.485946, "zu_nano": 2025}},{"type": "Feature", "geometry": {"type": "Polygon", "coordinates": [[[-77.255631, 2.87595], [-77.255279, 2.873667], [-77.255672, 2.873518], [-77.25713, 2.873365], [-77.257393, 2.873575], [-77.258011, 2.873037], [-77.258477, 2.873444], [-77.257881, 2.874146], [-77.2581, 2.874688], [-77.255631, 2.87595]]]}, "properties": {"zu_cnmbre": "SAN ANTONIO DE CHUARE", "zu_narea": 62312.4465074, "zu_nano": 2025}},{"type": "Feature", "geometry": {"type": "Polygon", "coordinates": [[[-77.269288, 1.735973], [-77.270234, 1.733386], [-77.270702, 1.73351], [-77.271077, 1.732917], [-77.27221, 1.733434], [-77.271986, 1.733569], [-77.272607, 1.734004], [-77.272772, 1.734979], [-77.272036, 1.735801], [-77.271929, 1.735165], [-77.270843, 1.735821], [-77.270022, 1.73552], [-77.269288, 1.735973]]]}, "properties": {"zu_cnmbre": "SAN JUANITO", "zu_narea": 82071.1196364, "zu_nano": 2025}},{"type": "Feature", "geometry": {"type": "Polygon", "coordinates": [[[-77.259121, 1.756789], [-77.25843, 1.756309], [-77.2606, 1.754917], [-77.260958, 1.755316], [-77.259121, 1.756789]]]}, "properties": {"zu_cnmbre": "BUENOS AIRES", "zu_narea": 19756.770454, "zu_nano": 2025}},{"type": "Feature", "geometry": {"type": "Polygon", "coordinates": [[[-76.548847, 2.39906], [-76.548032, 2.397956], [-76.547176, 2.397667], [-76.547396, 2.396179], [-76.547078, 2.396124], [-76.546941, 2.395336], [-76.547101, 2.394979], [-76.547794, 2.39528], [-76.547731, 2.391988], [-76.548079, 2.392043], [-76.548133, 2.392593], [-76.549474, 2.393156], [-76.550125, 2.393883], [-76.550032, 2.394173], [-76.548957, 2.394228], [-76.549079, 2.39545], [-76.549468, 2.395572], [-76.549469, 2.395897], [-76.549054, 2.395899], [-76.548736, 2.396525], [-76.548322, 2.396473], [-76.548531, 2.397221], [-76.549093, 2.397193], [-76.548862, 2.39742], [-76.550017, 2.398102], [-76.549814, 2.398618], [-76.548847, 2.39906]]]}, "properties": {"zu_cnmbre": "POBLAZÓN", "zu_narea": 129894.774191, "zu_nano": 2025}},{"type": "Feature", "geometry": {"type": "Polygon", "coordinates": [[[-76.580393, 2.506954], [-76.577414, 2.505029], [-76.575036, 2.502596], [-76.574441, 2.503129], [-76.574605, 2.50397], [-76.574284, 2.50386], [-76.573963, 2.502825], [-76.572491, 2.504476], [-76.572441, 2.505105], [-76.571685, 2.505218], [-76.571176, 2.504683], [-76.571752, 2.504093], [-76.571167, 2.503455], [-76.571368, 2.503152], [-76.570961, 2.502652], [-76.571184, 2.502458], [-76.571078, 2.502216], [-76.570437, 2.502337], [-76.570675, 2.501159], [-76.571509, 2.50034], [-76.572018, 2.500901], [-76.573075, 2.499943], [-76.572795, 2.499644], [-76.573141, 2.499337], [-76.573841, 2.499882], [-76.575019, 2.500045], [-76.578457, 2.502269], [-76.579516, 2.502067], [-76.579808, 2.502454], [-76.579212, 2.50503], [-76.580578, 2.506101], [-76.580393, 2.506954]]]}, "properties": {"zu_cnmbre": "LA ESPERANZA (JARDÍNES DE PAZ)", "zu_narea": 385989.603659, "zu_nano": 2025}},{"type": "Feature", "geometry": {"type": "Polygon", "coordinates": [[[-77.018059, 2.596335], [-77.016664, 2.596219], [-77.016089, 2.595334], [-77.0151, 2.594631], [-77.015341, 2.593788], [-77.016235, 2.593578], [-77.016125, 2.592726], [-77.016702, 2.593691], [-77.016464, 2.594349], [-77.018457, 2.595714], [-77.018059, 2.596335]]]}, "properties": {"zu_cnmbre": "PLAYA RICA", "zu_narea": 51324.0541442, "zu_nano": 2025}},{"type": "Feature", "geometry": {"type": "Polygon", "coordinates": [[[-77.189827, 2.159351], [-77.190006, 2.158578], [-77.189231, 2.157832], [-77.189487, 2.157194], [-77.190215, 2.157441], [-77.19061, 2.156699], [-77.191047, 2.157252], [-77.191623, 2.157259], [-77.191732, 2.156576], [-77.192126, 2.156545], [-77.192815, 2.157071], [-77.193472, 2.157008], [-77.194493, 2.157864], [-77.194576, 2.158162], [-77.193563, 2.158185], [-77.193198, 2.157603], [-77.193497, 2.157448], [-77.19269, 2.157123], [-77.192487, 2.158213], [-77.193286, 2.158453], [-77.191825, 2.158248], [-77.191552, 2.158981], [-77.190829, 2.159171], [-77.190496, 2.160031], [-77.189958, 2.160293], [-77.190345, 2.159568], [-77.189827, 2.159351]]]}, "properties": {"zu_cnmbre": "SAN ALFONSO", "zu_narea": 87892.1081795, "zu_nano": 2025}},{"type": "Feature", "geometry": {"type": "Polygon", "coordinates": [[[-76.622454, 2.431808], [-76.621678, 2.431145], [-76.621347, 2.429107], [-76.620996, 2.429295], [-76.621589, 2.426936], [-76.622017, 2.427003], [-76.621702, 2.428036], [-76.621942, 2.42821], [-76.622385, 2.427009], [-76.622764, 2.42709], [-76.622709, 2.428232], [-76.623519, 2.428875], [-76.622203, 2.429961], [-76.622549, 2.431112], [-76.623241, 2.431151], [-76.622454, 2.431808]]]}, "properties": {"zu_cnmbre": "SAMUEL SILVERIO", "zu_narea": 67286.7206189, "zu_nano": 2025}},{"type": "Feature", "geometry": {"type": "Polygon", "coordinates": [[[-77.248187, 2.078525], [-77.248037, 2.078149], [-77.24844, 2.07798], [-77.248041, 2.077454], [-77.248407, 2.076398], [-77.247646, 2.076494], [-77.24756, 2.075791], [-77.2485, 2.075937], [-77.249125, 2.074316], [-77.24938, 2.074377], [-77.249068, 2.075554], [-77.249241, 2.076521], [-77.249646, 2.076584], [-77.249393, 2.077763], [-77.248982, 2.07832], [-77.248187, 2.078525]]]}, "properties": {"zu_cnmbre": "LA BERMEJA", "zu_narea": 46080.7998292, "zu_nano": 2025}},{"type": "Feature", "geometry": {"type": "MultiPolygon", "coordinates": [[[[-76.67534, 2.481036], [-76.673927, 2.478758], [-76.674557, 2.476206], [-76.673873, 2.476073], [-76.672493, 2.47715], [-76.672413, 2.47742], [-76.673082, 2.477974], [-76.671808, 2.47768], [-76.670137, 2.479032], [-76.669284, 2.480607], [-76.66788, 2.480375], [-76.668275, 2.479644], [-76.669477, 2.47884], [-76.669737, 2.478448], [-76.669605, 2.477947], [-76.671084, 2.477568], [-76.673733, 2.475214], [-76.674908, 2.475558], [-76.674979, 2.476049], [-76.676985, 2.477469], [-76.678679, 2.477508], [-76.680439, 2.476298], [-76.680495, 2.476639], [-76.679719, 2.477306], [-76.679868, 2.477737], [-76.680515, 2.477584], [-76.680974, 2.478595], [-76.680772, 2.479122], [-76.678566, 2.477543], [-76.677842, 2.477672], [-76.677331, 2.478912], [-76.676906, 2.478956], [-76.675781, 2.478046], [-76.675933, 2.477582], [-76.675451, 2.477478], [-76.675339, 2.476744], [-76.674818, 2.477247], [-76.674314, 2.478723], [-76.674811, 2.479934], [-76.675406, 2.480134], [-76.67534, 2.481036]]], [[[-76.66632, 2.478003], [-76.665952, 2.476344], [-76.668781, 2.475686], [-76.668841, 2.476403], [-76.667673, 2.477883], [-76.666945, 2.478517], [-76.66632, 2.478003]]], [[[-76.662857, 2.479213], [-76.662355, 2.478227], [-76.663111, 2.477706], [-76.663535, 2.478021], [-76.662866, 2.477065], [-76.6653, 2.476512], [-76.66516, 2.477487], [-76.665749, 2.477589], [-76.665371, 2.477639], [-76.665046, 2.478649], [-76.663479, 2.478132], [-76.663358, 2.47832], [-76.663884, 2.479137], [-76.66507, 2.479632], [-76.664902, 2.48051], [-76.664463, 2.479953], [-76.662857, 2.479213]]]]}, "properties": {"zu_cnmbre": "CAJETE", "zu_narea": 306487.88908, "zu_nano": 2025}},{"type": "Feature", "geometry": {"type": "MultiPolygon", "coordinates": [[[[-76.570945, 2.538271], [-76.568042, 2.537041], [-76.567392, 2.536263], [-76.567576, 2.535506], [-76.566566, 2.534989], [-76.566773, 2.534738], [-76.564635, 2.533878], [-76.564796, 2.533657], [-76.56355, 2.532834], [-76.563232, 2.533151], [-76.563096, 2.532362], [-76.562164, 2.531891], [-76.562293, 2.53159], [-76.56148, 2.530965], [-76.561299, 2.531117], [-76.56147, 2.530771], [-76.559822, 2.530273], [-76.559569, 2.529915], [-76.558658, 2.53001], [-76.557666, 2.529503], [-76.557687, 2.528848], [-76.55922, 2.529598], [-76.559336, 2.528761], [-76.558609, 2.528082], [-76.558727, 2.52764], [-76.559636, 2.528739], [-76.560269, 2.528634], [-76.560217, 2.528953], [-76.560626, 2.52902], [-76.560472, 2.529246], [-76.561241, 2.529844], [-76.561831, 2.528762], [-76.5598, 2.527279], [-76.560179, 2.526755], [-76.562838, 2.528527], [-76.56435, 2.528454], [-76.563634, 2.529836], [-76.564481, 2.530274], [-76.565175, 2.530502], [-76.565687, 2.529976], [-76.56613, 2.530224], [-76.566668, 2.529777], [-76.567795, 2.531066], [-76.568095, 2.530976], [-76.569365, 2.532872], [-76.569913, 2.532956], [-76.569966, 2.533319], [-76.572271, 2.534986], [-76.57205, 2.535292], [-76.570203, 2.533724], [-76.570083, 2.535416], [-76.570647, 2.536482], [-76.571113, 2.536818], [-76.572316, 2.536789], [-76.572529, 2.536904], [-76.572355, 2.537207], [-76.573198, 2.537841], [-76.573013, 2.538014], [-76.572225, 2.5375], [-76.572196, 2.538358], [-76.570945, 2.538271]]], [[[-76.568275, 2.540255], [-76.568466, 2.538632], [-76.568707, 2.538445], [-76.569017, 2.538576], [-76.569026, 2.539891], [-76.56796, 2.540893], [-76.567842, 2.540601], [-76.568275, 2.540255]]], [[[-76.574563, 2.540157], [-76.575001, 2.53925], [-76.5736, 2.538443], [-76.573733, 2.538195], [-76.575557, 2.53883], [-76.575766, 2.538641], [-76.575784, 2.540008], [-76.57546, 2.540179], [-76.575848, 2.54087], [-76.575557, 2.541234], [-76.574978, 2.540803], [-76.575235, 2.540427], [-76.574563, 2.540157]]], [[[-76.567647, 2.54144], [-76.567848, 2.541128], [-76.568082, 2.541279], [-76.567892, 2.541606], [-76.567647, 2.54144]]]]}, "properties": {"zu_cnmbre": "CALIBÍO", "zu_narea": 645871.082165, "zu_nano": 2025}},{"type": "Feature", "geometry": {"type": "Polygon", "coordinates": [[[-76.62548, 2.43767], [-76.621949, 2.434633], [-76.622603, 2.433474], [-76.623225, 2.434014], [-76.623358, 2.433253], [-76.623824, 2.43383], [-76.624578, 2.43372], [-76.624684, 2.433236], [-76.62413, 2.431979], [-76.625045, 2.431602], [-76.624812, 2.430563], [-76.625087, 2.43044], [-76.625521, 2.430653], [-76.625435, 2.432038], [-76.626593, 2.432274], [-76.626597, 2.433876], [-76.6273, 2.434068], [-76.627804, 2.433773], [-76.627791, 2.433328], [-76.628695, 2.432975], [-76.62871, 2.433413], [-76.627831, 2.434028], [-76.628461, 2.434682], [-76.627444, 2.43575], [-76.628186, 2.436206], [-76.627605, 2.436827], [-76.626699, 2.436136], [-76.626025, 2.436425], [-76.626636, 2.43787], [-76.627147, 2.438101], [-76.62548, 2.43767]]]}, "properties": {"zu_cnmbre": "PUELENJE", "zu_narea": 264311.494292, "zu_nano": 2025}},{"type": "Feature", "geometry": {"type": "MultiPolygon", "coordinates": [[[[-76.647462, 2.483215], [-76.647396, 2.483525], [-76.646391, 2.483157], [-76.645735, 2.482404], [-76.645302, 2.480896], [-76.644813, 2.480992], [-76.644668, 2.480346], [-76.644105, 2.480314], [-76.643798, 2.479666], [-76.644189, 2.479899], [-76.644595, 2.479675], [-76.644511, 2.478814], [-76.643934, 2.47864], [-76.644204, 2.478412], [-76.644118, 2.477064], [-76.643307, 2.475803], [-76.643618, 2.475608], [-76.643239, 2.475087], [-76.643438, 2.474513], [-76.642987, 2.473957], [-76.643145, 2.473606], [-76.643447, 2.473674], [-76.643407, 2.472653], [-76.644603, 2.472559], [-76.644756, 2.472106], [-76.644426, 2.471501], [-76.643613, 2.47113], [-76.643993, 2.46945], [-76.645427, 2.469795], [-76.645842, 2.470438], [-76.645643, 2.47094], [-76.645141, 2.471074], [-76.64524, 2.471946], [-76.647391, 2.472307], [-76.647669, 2.472663], [-76.647186, 2.473028], [-76.64778, 2.473702], [-76.648885, 2.473152], [-76.648868, 2.472779], [-76.649161, 2.472779], [-76.649325, 2.4733], [-76.648088, 2.474347], [-76.648759, 2.47462], [-76.648635, 2.475372], [-76.647815, 2.474908], [-76.647875, 2.474158], [-76.647305, 2.473435], [-76.64671, 2.473658], [-76.646736, 2.473056], [-76.646389, 2.47276], [-76.645105, 2.47249], [-76.644904, 2.473013], [-76.644931, 2.473522], [-76.645485, 2.474011], [-76.645103, 2.474165], [-76.645827, 2.475275], [-76.646434, 2.474831], [-76.646717, 2.475239], [-76.647136, 2.475075], [-76.646573, 2.475752], [-76.646323, 2.476834], [-76.646418, 2.477165], [-76.646987, 2.477212], [-76.646814, 2.478186], [-76.648101, 2.477906], [-76.648246, 2.478184], [-76.646546, 2.478771], [-76.646742, 2.480107], [-76.647183, 2.480421], [-76.646864, 2.480624], [-76.64694, 2.482231], [-76.647325, 2.482588], [-76.648186, 2.482467], [-76.648281, 2.481694], [-76.647998, 2.481576], [-76.6487, 2.481173], [-76.648866, 2.481617], [-76.649323, 2.481466], [-76.649895, 2.482023], [-76.649075, 2.482267], [-76.649428, 2.482456], [-76.649543, 2.483168], [-76.647796, 2.483746], [-76.647462, 2.483215]]], [[[-76.642538, 2.479158], [-76.641738, 2.479058], [-76.642642, 2.478991], [-76.642659, 2.478607], [-76.642791, 2.479137], [-76.643395, 2.478882], [-76.643787, 2.479068], [-76.642538, 2.479158]]]]}, "properties": {"zu_cnmbre": "JULUMITO", "zu_narea": 437085.95109, "zu_nano": 2025}},{"type": "Feature", "geometry": {"type": "Polygon", "coordinates": [[[-76.602563, 2.528154], [-76.602497, 2.527323], [-76.601711, 2.526967], [-76.601873, 2.52651], [-76.604457, 2.527738], [-76.605786, 2.527954], [-76.6053, 2.528425], [-76.604763, 2.52815], [-76.604375, 2.52883], [-76.602951, 2.528128], [-76.603171, 2.529523], [-76.602799, 2.529688], [-76.60219, 2.529513], [-76.6025, 2.528936], [-76.601747, 2.528216], [-76.602563, 2.528154]]]}, "properties": {"zu_cnmbre": "LA REJOYA", "zu_narea": 52665.6797842, "zu_nano": 2025}},{"type": "Feature", "geometry": {"type": "Polygon", "coordinates": [[[-77.280757, 2.235921], [-77.280614, 2.235556], [-77.279937, 2.235477], [-77.279804, 2.235095], [-77.280652, 2.234479], [-77.280558, 2.234134], [-77.280779, 2.234402], [-77.280955, 2.234153], [-77.281196, 2.235143], [-77.281649, 2.235269], [-77.281254, 2.235301], [-77.281243, 2.235887], [-77.280757, 2.235921]]]}, "properties": {"zu_cnmbre": "SAN JUAN GUADUA", "zu_narea": 19714.7413125, "zu_nano": 2025}},{"type": "Feature", "geometry": {"type": "Polygon", "coordinates": [[[-76.639719, 2.515498], [-76.640056, 2.515187], [-76.640269, 2.515332], [-76.640938, 2.51437], [-76.64001, 2.514174], [-76.638853, 2.513376], [-76.638297, 2.513615], [-76.637945, 2.513284], [-76.637323, 2.514081], [-76.637083, 2.513974], [-76.637755, 2.513134], [-76.636878, 2.512701], [-76.63716, 2.512158], [-76.637854, 2.512498], [-76.638164, 2.512322], [-76.638487, 2.512943], [-76.639751, 2.513181], [-76.640262, 2.513466], [-76.64012, 2.513754], [-76.641363, 2.514285], [-76.641517, 2.514046], [-76.642736, 2.514436], [-76.643718, 2.514366], [-76.644009, 2.514651], [-76.644738, 2.514368], [-76.644809, 2.513861], [-76.645464, 2.513962], [-76.645765, 2.514338], [-76.645091, 2.514833], [-76.645929, 2.515144], [-76.646738, 2.514937], [-76.647619, 2.514099], [-76.647677, 2.514299], [-76.647917, 2.514041], [-76.648007, 2.514329], [-76.649814, 2.513806], [-76.649867, 2.514161], [-76.650621, 2.514053], [-76.650619, 2.514272], [-76.649096, 2.514296], [-76.647374, 2.514832], [-76.647121, 2.514945], [-76.647273, 2.515396], [-76.645734, 2.516186], [-76.645193, 2.515991], [-76.645137, 2.515502], [-76.64426, 2.515629], [-76.643717, 2.515145], [-76.641242, 2.514472], [-76.640195, 2.515749], [-76.640374, 2.516151], [-76.639719, 2.515498]]]}, "properties": {"zu_cnmbre": "SANTA ROSA", "zu_narea": 121206.068055, "zu_nano": 2025}},{"type": "Feature", "geometry": {"type": "Polygon", "coordinates": [[[-76.62886, 2.430046], [-76.628433, 2.42972], [-76.628213, 2.428755], [-76.627738, 2.428754], [-76.627986, 2.428459], [-76.627546, 2.427916], [-76.626659, 2.427968], [-76.625627, 2.427535], [-76.625272, 2.427611], [-76.625556, 2.427907], [-76.625236, 2.430291], [-76.624719, 2.430583], [-76.624046, 2.429897], [-76.624834, 2.429084], [-76.624982, 2.427524], [-76.62478, 2.427647], [-76.624646, 2.427252], [-76.623886, 2.427686], [-76.62346, 2.427255], [-76.622644, 2.427493], [-76.622764, 2.42709], [-76.622427, 2.426956], [-76.622649, 2.426391], [-76.625102, 2.426666], [-76.626006, 2.427246], [-76.626662, 2.426943], [-76.627372, 2.427079], [-76.627624, 2.427737], [-76.627807, 2.427531], [-76.628387, 2.428054], [-76.628128, 2.428173], [-76.629034, 2.429687], [-76.629685, 2.429816], [-76.629328, 2.430096], [-76.629614, 2.430531], [-76.628847, 2.430595], [-76.628598, 2.430295], [-76.62886, 2.430046]]]}, "properties": {"zu_cnmbre": "CRUCERO DE PUELENJE", "zu_narea": 95769.4770614, "zu_nano": 2025}},{"type": "Feature", "geometry": {"type": "Polygon", "coordinates": [[[-76.619691, 2.424368], [-76.619333, 2.424339], [-76.620892, 2.423544], [-76.622131, 2.42413], [-76.623441, 2.424132], [-76.623473, 2.424548], [-76.622033, 2.42559], [-76.621441, 2.427511], [-76.621333, 2.426539], [-76.619691, 2.424368]]]}, "properties": {"zu_cnmbre": "EL SALVADOR", "zu_narea": 75024.661252, "zu_nano": 2025}},{"type": "Feature", "geometry": {"type": "Polygon", "coordinates": [[[-76.619308, 2.428162], [-76.618629, 2.427921], [-76.61808, 2.428175], [-76.617421, 2.427641], [-76.617955, 2.426816], [-76.618727, 2.426872], [-76.618463, 2.426371], [-76.618725, 2.425815], [-76.618422, 2.425531], [-76.618755, 2.425281], [-76.617844, 2.425076], [-76.617936, 2.424673], [-76.618191, 2.424998], [-76.618181, 2.424684], [-76.618752, 2.424424], [-76.618317, 2.423946], [-76.618586, 2.422374], [-76.618349, 2.42183], [-76.616966, 2.421705], [-76.617051, 2.420437], [-76.616761, 2.41986], [-76.618194, 2.420062], [-76.617444, 2.420241], [-76.617449, 2.420567], [-76.619112, 2.421491], [-76.620114, 2.421176], [-76.619809, 2.420658], [-76.620444, 2.420665], [-76.621106, 2.420007], [-76.621791, 2.420624], [-76.621767, 2.420963], [-76.621071, 2.421035], [-76.62123, 2.421845], [-76.620809, 2.421961], [-76.621148, 2.422724], [-76.620641, 2.422713], [-76.620496, 2.422004], [-76.619756, 2.421697], [-76.619079, 2.42212], [-76.618866, 2.423444], [-76.618657, 2.423437], [-76.619046, 2.424285], [-76.619919, 2.424534], [-76.621394, 2.4267], [-76.620996, 2.429295], [-76.620035, 2.430322], [-76.620119, 2.429543], [-76.619296, 2.428602], [-76.619308, 2.428162]]]}, "properties": {"zu_cnmbre": "EL TÚNEL", "zu_narea": 231167.393302, "zu_nano": 2025}},{"type": "Feature", "geometry": {"type": "Polygon", "coordinates": [[[-76.652919, 2.491649], [-76.652068, 2.489332], [-76.65184, 2.48939], [-76.651753, 2.490772], [-76.651521, 2.490802], [-76.651752, 2.489127], [-76.651495, 2.488817], [-76.652211, 2.487914], [-76.6499, 2.486804], [-76.649432, 2.485777], [-76.648804, 2.48565], [-76.648297, 2.486136], [-76.648084, 2.485888], [-76.648283, 2.485649], [-76.647471, 2.484521], [-76.646839, 2.484311], [-76.647421, 2.48321], [-76.647796, 2.483746], [-76.649613, 2.483103], [-76.649972, 2.48406], [-76.648609, 2.48406], [-76.648987, 2.484921], [-76.65014, 2.485345], [-76.650929, 2.486166], [-76.652324, 2.486441], [-76.65297, 2.487472], [-76.652395, 2.488359], [-76.652398, 2.48906], [-76.653668, 2.491454], [-76.652919, 2.491649]]]}, "properties": {"zu_cnmbre": "JULUMITO ALTO", "zu_narea": 133694.212936, "zu_nano": 2025}},{"type": "Feature", "geometry": {"type": "Polygon", "coordinates": [[[-76.637636, 2.439949], [-76.635427, 2.43995], [-76.635638, 2.4386], [-76.635416, 2.437959], [-76.635104, 2.437879], [-76.635278, 2.437574], [-76.636062, 2.43745], [-76.635446, 2.436943], [-76.635742, 2.43678], [-76.635967, 2.43707], [-76.636471, 2.436575], [-76.63684, 2.437116], [-76.636565, 2.437439], [-76.637033, 2.437806], [-76.637353, 2.437194], [-76.639092, 2.436321], [-76.638647, 2.437897], [-76.63892, 2.438263], [-76.63989, 2.437333], [-76.640111, 2.437595], [-76.640656, 2.43738], [-76.641466, 2.437639], [-76.641346, 2.438582], [-76.64232, 2.43918], [-76.643609, 2.438616], [-76.644132, 2.438047], [-76.645629, 2.438549], [-76.645421, 2.438839], [-76.644837, 2.438468], [-76.64478, 2.439223], [-76.644447, 2.439185], [-76.644553, 2.438471], [-76.64428, 2.438443], [-76.642315, 2.439841], [-76.642047, 2.439272], [-76.641457, 2.4397], [-76.641554, 2.439014], [-76.640221, 2.438261], [-76.639824, 2.438536], [-76.639772, 2.439325], [-76.639097, 2.438915], [-76.637592, 2.439089], [-76.637126, 2.438788], [-76.637127, 2.439432], [-76.637636, 2.439949]]]}, "properties": {"zu_cnmbre": "LA PLAYA", "zu_narea": 164788.322624, "zu_nano": 2025}},{"type": "Feature", "geometry": {"type": "Polygon", "coordinates": [[[-76.552764, 2.479612], [-76.551799, 2.478981], [-76.54995, 2.476188], [-76.548291, 2.475054], [-76.549097, 2.474534], [-76.546941, 2.471108], [-76.545683, 2.472124], [-76.546078, 2.473205], [-76.54556, 2.47384], [-76.544569, 2.473425], [-76.543728, 2.473941], [-76.543412, 2.473498], [-76.541684, 2.47479], [-76.541517, 2.47454], [-76.54101, 2.474883], [-76.539718, 2.473149], [-76.539543, 2.472771], [-76.540485, 2.472049], [-76.540184, 2.471581], [-76.541332, 2.470926], [-76.541576, 2.471319], [-76.545178, 2.468937], [-76.545449, 2.469298], [-76.545444, 2.467975], [-76.544712, 2.467934], [-76.544654, 2.467295], [-76.544244, 2.467325], [-76.543606, 2.466449], [-76.544576, 2.466342], [-76.544628, 2.466879], [-76.545192, 2.466807], [-76.545164, 2.466216], [-76.547309, 2.466124], [-76.547383, 2.46765], [-76.548132, 2.467605], [-76.548121, 2.470791], [-76.548378, 2.470806], [-76.548494, 2.471901], [-76.549963, 2.471181], [-76.54936, 2.470221], [-76.550308, 2.468661], [-76.551985, 2.469322], [-76.552851, 2.470358], [-76.554001, 2.470822], [-76.552643, 2.471541], [-76.550942, 2.471858], [-76.550268, 2.471483], [-76.549609, 2.471583], [-76.550281, 2.472888], [-76.550542, 2.472759], [-76.550883, 2.473327], [-76.550626, 2.473485], [-76.550906, 2.47402], [-76.550708, 2.474688], [-76.549926, 2.475171], [-76.550377, 2.476019], [-76.550665, 2.475871], [-76.550818, 2.476169], [-76.550609, 2.476511], [-76.551083, 2.476336], [-76.551752, 2.476765], [-76.552589, 2.476468], [-76.552701, 2.477273], [-76.554017, 2.478772], [-76.555758, 2.479529], [-76.556478, 2.48505], [-76.556074, 2.485067], [-76.55528, 2.482868], [-76.552764, 2.479612]]]}, "properties": {"zu_cnmbre": "LAME", "zu_narea": 854092.138022, "zu_nano": 2025}},{"type": "Feature", "geometry": {"type": "Polygon", "coordinates": [[[-76.583851, 2.51394], [-76.583853, 2.51271], [-76.583426, 2.511759], [-76.582746, 2.511553], [-76.582525, 2.511981], [-76.581666, 2.511213], [-76.581474, 2.509425], [-76.580876, 2.508442], [-76.581506, 2.507529], [-76.580705, 2.507142], [-76.580835, 2.506802], [-76.58741, 2.510238], [-76.588629, 2.511489], [-76.587321, 2.510433], [-76.582542, 2.507935], [-76.583316, 2.509363], [-76.583338, 2.509874], [-76.58268, 2.510083], [-76.582733, 2.5103], [-76.583548, 2.51184], [-76.584453, 2.512156], [-76.584482, 2.512888], [-76.58484, 2.513332], [-76.583851, 2.51394]]]}, "properties": {"zu_cnmbre": "PARCELACIÓN ATARDECERES DE LA PRADERA", "zu_narea": 124712.226481, "zu_nano": 2025}},{"type": "Feature", "geometry": {"type": "MultiPolygon", "coordinates": [[[[-76.541809, 2.464721], [-76.541234, 2.464306], [-76.541332, 2.463768], [-76.540797, 2.463388], [-76.540979, 2.462961], [-76.540715, 2.462793], [-76.54034, 2.463347], [-76.540012, 2.463205], [-76.540312, 2.46282], [-76.53927, 2.462192], [-76.538304, 2.462201], [-76.538247, 2.462799], [-76.537413, 2.462144], [-76.537381, 2.462548], [-76.536004, 2.462581], [-76.535685, 2.462334], [-76.537745, 2.46206], [-76.537899, 2.461375], [-76.537061, 2.461449], [-76.537545, 2.460459], [-76.538349, 2.460827], [-76.538419, 2.460522], [-76.539052, 2.460676], [-76.540034, 2.461154], [-76.540222, 2.461769], [-76.54078, 2.461363], [-76.541214, 2.461817], [-76.540682, 2.46222], [-76.541901, 2.463296], [-76.541809, 2.464721]]], [[[-76.537404, 2.460058], [-76.536171, 2.46006], [-76.536239, 2.459569], [-76.536004, 2.459863], [-76.535654, 2.459585], [-76.536157, 2.458787], [-76.537299, 2.459092], [-76.537404, 2.460058]]]]}, "properties": {"zu_cnmbre": "LOS LLANOS", "zu_narea": 109267.919409, "zu_nano": 2025}},{"type": "Feature", "geometry": {"type": "Polygon", "coordinates": [[[-76.542956, 2.511916], [-76.544515, 2.51031], [-76.544454, 2.509643], [-76.544748, 2.509735], [-76.546152, 2.508225], [-76.546444, 2.508331], [-76.547003, 2.507784], [-76.546807, 2.507245], [-76.54768, 2.506825], [-76.547155, 2.506398], [-76.547317, 2.50612], [-76.547794, 2.506543], [-76.548559, 2.505993], [-76.548722, 2.506151], [-76.548678, 2.505236], [-76.548244, 2.504609], [-76.549209, 2.504176], [-76.549638, 2.505228], [-76.549916, 2.505036], [-76.550094, 2.505387], [-76.553334, 2.503187], [-76.553179, 2.502973], [-76.553527, 2.502673], [-76.553941, 2.502916], [-76.554738, 2.501587], [-76.555077, 2.501811], [-76.555483, 2.501437], [-76.554923, 2.500476], [-76.555882, 2.499797], [-76.556348, 2.499784], [-76.556837, 2.500361], [-76.557646, 2.499448], [-76.558098, 2.49935], [-76.562057, 2.504585], [-76.56071, 2.505656], [-76.559809, 2.50418], [-76.560193, 2.503575], [-76.559868, 2.503138], [-76.557841, 2.504254], [-76.55749, 2.503375], [-76.55799, 2.501735], [-76.556924, 2.501327], [-76.556575, 2.501797], [-76.555978, 2.501502], [-76.550196, 2.505872], [-76.550818, 2.506308], [-76.550542, 2.506563], [-76.549839, 2.506168], [-76.548647, 2.507185], [-76.548424, 2.507813], [-76.548617, 2.508131], [-76.548265, 2.507979], [-76.547826, 2.508293], [-76.548383, 2.509068], [-76.548151, 2.50947], [-76.54725, 2.510071], [-76.546841, 2.509512], [-76.546952, 2.510068], [-76.546234, 2.509528], [-76.546688, 2.510325], [-76.545735, 2.510193], [-76.546036, 2.510902], [-76.544972, 2.511006], [-76.544376, 2.512277], [-76.542956, 2.511916]]]}, "properties": {"zu_cnmbre": "RÍO BLANCO", "zu_narea": 406519.694571, "zu_nano": 2025}},{"type": "Feature", "geometry": {"type": "Polygon", "coordinates": [[[-76.955991, 1.976947], [-76.955831, 1.976458], [-76.954052, 1.975846], [-76.95308, 1.975169], [-76.953095, 1.974854], [-76.954719, 1.974458], [-76.954916, 1.974018], [-76.955842, 1.974451], [-76.956754, 1.974312], [-76.956925, 1.974997], [-76.957402, 1.974995], [-76.957141, 1.975471], [-76.957306, 1.9761], [-76.95602, 1.976253], [-76.955991, 1.976947]]]}, "properties": {"zu_cnmbre": "LERMA", "zu_narea": 80314.3098936, "zu_nano": 2025}},{"type": "Feature", "geometry": {"type": "Polygon", "coordinates": [[[-76.622193, 2.764797], [-76.626586, 2.770579], [-76.624982, 2.771774], [-76.62177, 2.767224], [-76.620961, 2.765164], [-76.622193, 2.764797]]]}, "properties": {"zu_cnmbre": "LA ESTACIÓN", "zu_narea": 174954.063443, "zu_nano": 2025}},{"type": "Feature", "geometry": {"type": "Polygon", "coordinates": [[[-76.638562, 2.451248], [-76.634073, 2.447569], [-76.633463, 2.446698], [-76.634054, 2.446339], [-76.633867, 2.445407], [-76.634575, 2.445546], [-76.633997, 2.444161], [-76.634507, 2.443568], [-76.634155, 2.443372], [-76.634341, 2.442949], [-76.63378, 2.442487], [-76.633799, 2.4419], [-76.634438, 2.441405], [-76.635088, 2.441502], [-76.635569, 2.439988], [-76.636294, 2.43987], [-76.63734, 2.440027], [-76.637143, 2.440767], [-76.637837, 2.441204], [-76.638034, 2.441789], [-76.638367, 2.441966], [-76.639036, 2.441651], [-76.639903, 2.442333], [-76.639786, 2.44329], [-76.638857, 2.442779], [-76.63824, 2.442941], [-76.638378, 2.442281], [-76.637874, 2.442263], [-76.637677, 2.443321], [-76.63836, 2.443533], [-76.638334, 2.444042], [-76.637555, 2.443882], [-76.637429, 2.44437], [-76.637142, 2.444364], [-76.63715, 2.445264], [-76.637322, 2.445727], [-76.637976, 2.445833], [-76.637636, 2.446097], [-76.637916, 2.446573], [-76.637586, 2.446682], [-76.637701, 2.447024], [-76.637348, 2.44713], [-76.637638, 2.447959], [-76.638062, 2.4479], [-76.638568, 2.448414], [-76.638069, 2.448601], [-76.637982, 2.448991], [-76.638248, 2.450074], [-76.638711, 2.45022], [-76.638562, 2.451248]]]}, "properties": {"zu_cnmbre": "VEREDA DE TORRES", "zu_narea": 423260.324163, "zu_nano": 2025}},{"type": "Feature", "geometry": {"type": "Polygon", "coordinates": [[[-76.852763, 1.916458], [-76.851001, 1.914813], [-76.852844, 1.913359], [-76.85292, 1.912355], [-76.853622, 1.912054], [-76.854007, 1.912318], [-76.854552, 1.912177], [-76.854691, 1.912492], [-76.855717, 1.911936], [-76.856234, 1.912051], [-76.856598, 1.911571], [-76.857449, 1.911469], [-76.858134, 1.910698], [-76.859328, 1.910277], [-76.860049, 1.911039], [-76.86112, 1.909845], [-76.861684, 1.909884], [-76.861118, 1.91018], [-76.860313, 1.91185], [-76.860225, 1.912187], [-76.860791, 1.913113], [-76.858827, 1.913743], [-76.858946, 1.914207], [-76.854962, 1.915528], [-76.853981, 1.916412], [-76.853837, 1.916093], [-76.852763, 1.916458]]]}, "properties": {"zu_cnmbre": "ALMAGUER", "zu_narea": 358574.489185, "zu_nano": 2025}},{"type": "Feature", "geometry": {"type": "Polygon", "coordinates": [[[-76.88079, 1.928336], [-76.88056, 1.928027], [-76.879127, 1.928136], [-76.878729, 1.927738], [-76.879098, 1.927267], [-76.8794, 1.927567], [-76.879928, 1.927422], [-76.879934, 1.927083], [-76.880713, 1.92706], [-76.880954, 1.927832], [-76.881275, 1.927507], [-76.882093, 1.927582], [-76.881872, 1.928236], [-76.88079, 1.928336]]]}, "properties": {"zu_cnmbre": "TABLÓN", "zu_narea": 28368.6910783, "zu_nano": 2025}},{"type": "Feature", "geometry": {"type": "Polygon", "coordinates": [[[-76.8978, 1.933206], [-76.897968, 1.932408], [-76.898758, 1.931974], [-76.898733, 1.931429], [-76.899244, 1.931497], [-76.899151, 1.932375], [-76.898866, 1.931987], [-76.898697, 1.932344], [-76.899618, 1.932729], [-76.899639, 1.933117], [-76.898787, 1.932933], [-76.89817, 1.933382], [-76.8978, 1.933206]]]}, "properties": {"zu_cnmbre": "LLACUANAS", "zu_narea": 20417.8464638, "zu_nano": 2025}},{"type": "Feature", "geometry": {"type": "Polygon", "coordinates": [[[-76.878793, 1.872184], [-76.877911, 1.871653], [-76.877307, 1.87055], [-76.877548, 1.869979], [-76.877303, 1.869135], [-76.877631, 1.869049], [-76.877876, 1.869643], [-76.878416, 1.869369], [-76.878299, 1.86903], [-76.878609, 1.869357], [-76.878859, 1.869162], [-76.878933, 1.869645], [-76.879796, 1.869304], [-76.880067, 1.870429], [-76.880336, 1.870421], [-76.879952, 1.870968], [-76.880382, 1.871263], [-76.879233, 1.871666], [-76.879353, 1.870815], [-76.878505, 1.871371], [-76.878793, 1.872184]]]}, "properties": {"zu_cnmbre": "SAN JORGE HERRADURA", "zu_narea": 67871.3726878, "zu_nano": 2025}},{"type": "Feature", "geometry": {"type": "Polygon", "coordinates": [[[-77.24484, 2.264279], [-77.245135, 2.263532], [-77.245088, 2.262118], [-77.245413, 2.261587], [-77.244838, 2.260922], [-77.245559, 2.26034], [-77.244994, 2.259752], [-77.247096, 2.258438], [-77.24819, 2.25623], [-77.248236, 2.255708], [-77.246784, 2.253906], [-77.247852, 2.253384], [-77.248458, 2.25359], [-77.248839, 2.253265], [-77.24908, 2.253605], [-77.249931, 2.253133], [-77.25026, 2.253352], [-77.250593, 2.252955], [-77.252158, 2.253127], [-77.25266, 2.254023], [-77.253154, 2.253649], [-77.253557, 2.254101], [-77.252484, 2.254992], [-77.251897, 2.257], [-77.25224, 2.257145], [-77.251881, 2.258658], [-77.251297, 2.258929], [-77.251519, 2.259206], [-77.250679, 2.259735], [-77.249808, 2.259552], [-77.250229, 2.260145], [-77.249937, 2.260295], [-77.249192, 2.259926], [-77.247712, 2.259952], [-77.247271, 2.261257], [-77.246082, 2.262633], [-77.246037, 2.26415], [-77.245211, 2.264447], [-77.24484, 2.264279]]]}, "properties": {"zu_cnmbre": "ARGELIA", "zu_narea": 491459.352371, "zu_nano": 2025}},{"type": "Feature", "geometry": {"type": "Polygon", "coordinates": [[[-77.237624, 2.372605], [-77.234619, 2.371358], [-77.234495, 2.37054], [-77.234838, 2.369617], [-77.234464, 2.368574], [-77.234628, 2.368044], [-77.235331, 2.367544], [-77.235504, 2.367719], [-77.234769, 2.368198], [-77.234751, 2.369153], [-77.235421, 2.369694], [-77.235953, 2.36915], [-77.236932, 2.370025], [-77.236444, 2.370404], [-77.236843, 2.370717], [-77.236346, 2.370561], [-77.235983, 2.37124], [-77.237242, 2.371791], [-77.237332, 2.372245], [-77.237815, 2.37213], [-77.237624, 2.372605]]]}, "properties": {"zu_cnmbre": "LA BELLEZA", "zu_narea": 66443.9244806, "zu_nano": 2025}},{"type": "Feature", "geometry": {"type": "Polygon", "coordinates": [[[-77.257177, 2.310076], [-77.257624, 2.309468], [-77.257618, 2.308717], [-77.256789, 2.308087], [-77.257, 2.307377], [-77.258255, 2.307945], [-77.258619, 2.308537], [-77.258208, 2.308975], [-77.259034, 2.309538], [-77.258762, 2.309945], [-77.259456, 2.309993], [-77.258773, 2.310247], [-77.258213, 2.310024], [-77.258318, 2.309803], [-77.257486, 2.309956], [-77.257105, 2.311445], [-77.257177, 2.310076]]]}, "properties": {"zu_cnmbre": "EL DIVISO", "zu_narea": 39117.5793353, "zu_nano": 2025}},{"type": "Feature", "geometry": {"type": "Polygon", "coordinates": [[[-76.892971, 1.753011], [-76.892, 1.75283], [-76.891786, 1.751806], [-76.891097, 1.75198], [-76.890415, 1.751603], [-76.891798, 1.751496], [-76.891972, 1.751125], [-76.892723, 1.750872], [-76.892009, 1.750831], [-76.891748, 1.750593], [-76.891919, 1.750384], [-76.892629, 1.750761], [-76.893221, 1.750609], [-76.893029, 1.751138], [-76.893308, 1.751692], [-76.892971, 1.753011]]]}, "properties": {"zu_cnmbre": "LOS MILAGROS", "zu_narea": 36068.6680103, "zu_nano": 2025}},{"type": "Feature", "geometry": {"type": "Polygon", "coordinates": [[[-77.239969, 2.46774], [-77.237481, 2.468059], [-77.237551, 2.467291], [-77.23716, 2.467051], [-77.236581, 2.467161], [-77.236234, 2.466857], [-77.23536, 2.467239], [-77.234857, 2.46663], [-77.235358, 2.466076], [-77.235044, 2.465769], [-77.235432, 2.465115], [-77.235287, 2.464691], [-77.237504, 2.463091], [-77.238148, 2.461955], [-77.236139, 2.461103], [-77.236991, 2.459694], [-77.236457, 2.459159], [-77.23556, 2.458932], [-77.236773, 2.456916], [-77.237727, 2.457047], [-77.238643, 2.457919], [-77.23808, 2.458739], [-77.238218, 2.459322], [-77.238943, 2.460021], [-77.239576, 2.463029], [-77.241758, 2.465044], [-77.242491, 2.466303], [-77.242882, 2.466239], [-77.243228, 2.466711], [-77.242617, 2.466714], [-77.242792, 2.467052], [-77.242006, 2.46804], [-77.240958, 2.467205], [-77.240576, 2.467925], [-77.2409, 2.468336], [-77.240188, 2.468135], [-77.239969, 2.46774]]]}, "properties": {"zu_cnmbre": "EL PLATEADO", "zu_narea": 499025.61077, "zu_nano": 2025}},{"type": "Feature", "geometry": {"type": "Polygon", "coordinates": [[[-77.189069, 1.896919], [-77.188923, 1.894527], [-77.189778, 1.894344], [-77.190565, 1.89366], [-77.191934, 1.893691], [-77.190865, 1.894705], [-77.191057, 1.89482], [-77.190622, 1.895509], [-77.190344, 1.89528], [-77.189648, 1.895826], [-77.189456, 1.895678], [-77.189069, 1.896919]]]}, "properties": {"zu_cnmbre": "EL CANGREJO", "zu_narea": 47973.3384446, "zu_nano": 2025}},{"type": "Feature", "geometry": {"type": "MultiPolygon", "coordinates": [[[[-77.214844, 2.389427], [-77.214009, 2.389021], [-77.213395, 2.388152], [-77.213385, 2.387364], [-77.213819, 2.386588], [-77.214666, 2.385955], [-77.214134, 2.385617], [-77.215354, 2.384979], [-77.215357, 2.384477], [-77.216111, 2.383415], [-77.216632, 2.383049], [-77.216782, 2.383222], [-77.216837, 2.382711], [-77.21738, 2.382627], [-77.218169, 2.381616], [-77.21848, 2.381688], [-77.218535, 2.381234], [-77.219533, 2.381369], [-77.219516, 2.382447], [-77.218897, 2.383384], [-77.216855, 2.385042], [-77.21415, 2.386577], [-77.213589, 2.387255], [-77.213496, 2.388194], [-77.214129, 2.388926], [-77.21501, 2.389355], [-77.215929, 2.38935], [-77.214844, 2.389427]]], [[[-77.221648, 2.380271], [-77.222056, 2.380448], [-77.22114, 2.382038], [-77.220151, 2.38242], [-77.21998, 2.382204], [-77.221648, 2.380271]]]]}, "properties": {"zu_cnmbre": "SINAÍ", "zu_narea": 132816.370965, "zu_nano": 2025}},{"type": "Feature", "geometry": {"type": "MultiPolygon", "coordinates": [[[[-77.21724, 2.426964], [-77.216746, 2.426923], [-77.216581, 2.42585], [-77.216043, 2.425946], [-77.216151, 2.426499], [-77.215792, 2.426509], [-77.215849, 2.426123], [-77.214959, 2.426441], [-77.214797, 2.426203], [-77.214927, 2.425375], [-77.214657, 2.425387], [-77.214427, 2.424603], [-77.214641, 2.424438], [-77.214366, 2.423459], [-77.214656, 2.421651], [-77.214998, 2.424271], [-77.215496, 2.424542], [-77.216448, 2.42435], [-77.217259, 2.424772], [-77.21729, 2.426694], [-77.217559, 2.427111], [-77.217527, 2.429947], [-77.21724, 2.426964]]], [[[-77.214963, 2.420261], [-77.215607, 2.418345], [-77.215712, 2.418327], [-77.215832, 2.419562], [-77.215537, 2.420131], [-77.214963, 2.420261]]]]}, "properties": {"zu_cnmbre": "PUERTO RICO", "zu_narea": 86368.3571022, "zu_nano": 2025}},{"type": "Feature", "geometry": {"type": "Polygon", "coordinates": [[[-77.216367, 2.045615], [-77.2152, 2.045021], [-77.215017, 2.045388], [-77.214308, 2.04562], [-77.213589, 2.044145], [-77.212343, 2.04524], [-77.211371, 2.045298], [-77.210705, 2.044213], [-77.210743, 2.043037], [-77.211257, 2.042451], [-77.211356, 2.04151], [-77.212425, 2.041664], [-77.212116, 2.041288], [-77.212763, 2.040079], [-77.211894, 2.039403], [-77.212061, 2.038734], [-77.21349, 2.038364], [-77.214743, 2.037489], [-77.215093, 2.036756], [-77.216266, 2.037242], [-77.216524, 2.036918], [-77.217973, 2.036593], [-77.21824, 2.036331], [-77.217987, 2.035611], [-77.219043, 2.035482], [-77.219752, 2.036003], [-77.219612, 2.037575], [-77.220011, 2.037622], [-77.219683, 2.038184], [-77.220887, 2.037693], [-77.219886, 2.039338], [-77.219123, 2.039024], [-77.219759, 2.039986], [-77.219652, 2.040856], [-77.220372, 2.041008], [-77.220409, 2.041656], [-77.220818, 2.04189], [-77.220351, 2.042232], [-77.219279, 2.041653], [-77.218772, 2.041918], [-77.217555, 2.043955], [-77.218215, 2.045081], [-77.217475, 2.045506], [-77.216701, 2.045292], [-77.216617, 2.045499], [-77.216742, 2.045835], [-77.216668, 2.046039], [-77.216786, 2.04641], [-77.216733, 2.046658], [-77.216367, 2.045615]]]}, "properties": {"zu_cnmbre": "BALBOA", "zu_narea": 755856.769537, "zu_nano": 2025}},{"type": "Feature", "geometry": {"type": "Polygon", "coordinates": [[[-77.135196, 2.043583], [-77.134405, 2.041032], [-77.13537, 2.040651], [-77.135095, 2.039796], [-77.13579, 2.039574], [-77.137687, 2.041523], [-77.137928, 2.042448], [-77.138668, 2.042809], [-77.13803, 2.043573], [-77.137826, 2.042953], [-77.135196, 2.043583]]]}, "properties": {"zu_cnmbre": "OLAYA", "zu_narea": 110890.15586, "zu_nano": 2025}},{"type": "Feature", "geometry": {"type": "Polygon", "coordinates": [[[-76.992048, 1.881088], [-76.991669, 1.881101], [-76.991495, 1.880592], [-76.992176, 1.880004], [-76.99177, 1.879586], [-76.992059, 1.878754], [-76.99148, 1.878393], [-76.991907, 1.878128], [-76.992257, 1.878446], [-76.992814, 1.877901], [-76.99311, 1.878088], [-76.992857, 1.876851], [-76.992411, 1.876527], [-76.991398, 1.876859], [-76.990736, 1.876491], [-76.990392, 1.875843], [-76.990185, 1.875944], [-76.989952, 1.875362], [-76.989447, 1.875316], [-76.990145, 1.874971], [-76.990739, 1.87569], [-76.991591, 1.876061], [-76.991708, 1.876501], [-76.992092, 1.876244], [-76.99285, 1.876377], [-76.993185, 1.877487], [-76.99426, 1.878002], [-76.994597, 1.877784], [-76.994332, 1.877512], [-76.994836, 1.877405], [-76.994982, 1.876474], [-76.995402, 1.876305], [-76.995551, 1.876558], [-76.996038, 1.87604], [-76.996437, 1.876068], [-76.996487, 1.876685], [-76.995879, 1.876947], [-76.996249, 1.877208], [-76.995892, 1.877868], [-76.995324, 1.877788], [-76.995616, 1.878508], [-76.995263, 1.87838], [-76.994963, 1.878658], [-76.995242, 1.87913], [-76.994772, 1.878865], [-76.993522, 1.878943], [-76.993179, 1.878142], [-76.992812, 1.879027], [-76.99235, 1.87894], [-76.992612, 1.879071], [-76.992567, 1.880075], [-76.992043, 1.880343], [-76.992403, 1.881805], [-76.992653, 1.881822], [-76.992449, 1.882616], [-76.992048, 1.881088]]]}, "properties": {"zu_cnmbre": "EL RODEO", "zu_narea": 113093.317532, "zu_nano": 2025}},{"type": "Feature", "geometry": {"type": "Polygon", "coordinates": [[[-76.638628, 3.020269], [-76.638074, 3.019246], [-76.639044, 3.018071], [-76.638814, 3.017199], [-76.637997, 3.016784], [-76.637913, 3.015737], [-76.636982, 3.015934], [-76.636727, 3.015521], [-76.637335, 3.015183], [-76.637912, 3.015413], [-76.638059, 3.014802], [-76.638887, 3.015387], [-76.640029, 3.015297], [-76.640863, 3.014292], [-76.642101, 3.013973], [-76.642638, 3.013056], [-76.6414, 3.012975], [-76.641455, 3.012217], [-76.643138, 3.012637], [-76.642826, 3.012045], [-76.643993, 3.010405], [-76.642921, 3.008784], [-76.643093, 3.008388], [-76.643751, 3.008556], [-76.643555, 3.007812], [-76.643758, 3.007396], [-76.644563, 3.008048], [-76.645816, 3.007358], [-76.646227, 3.007852], [-76.645763, 3.008381], [-76.64556, 3.008238], [-76.64522, 3.008941], [-76.644631, 3.009108], [-76.645025, 3.009284], [-76.644796, 3.011443], [-76.644614, 3.012234], [-76.644069, 3.012569], [-76.644636, 3.013517], [-76.644172, 3.014042], [-76.644361, 3.014641], [-76.645007, 3.01447], [-76.645289, 3.014705], [-76.644911, 3.015082], [-76.645276, 3.01541], [-76.645064, 3.016277], [-76.64562, 3.016443], [-76.645213, 3.016808], [-76.645193, 3.017458], [-76.644268, 3.018235], [-76.64424, 3.019531], [-76.643836, 3.019952], [-76.643161, 3.019574], [-76.642676, 3.019752], [-76.64153, 3.018687], [-76.640487, 3.019446], [-76.640418, 3.019997], [-76.639126, 3.019714], [-76.638628, 3.020269]]]}, "properties": {"zu_cnmbre": "BUENOS AIRES", "zu_narea": 553590.635924, "zu_nano": 2025}},{"type": "Feature", "geometry": {"type": "Polygon", "coordinates": [[[-76.660004, 3.059785], [-76.658751, 3.060052], [-76.658726, 3.058272], [-76.657326, 3.058304], [-76.657678, 3.057089], [-76.656361, 3.057046], [-76.656631, 3.055782], [-76.655491, 3.056195], [-76.655369, 3.05591], [-76.655416, 3.054653], [-76.655909, 3.054398], [-76.656504, 3.053281], [-76.657283, 3.052877], [-76.656138, 3.049303], [-76.657624, 3.04915], [-76.657286, 3.050439], [-76.657751, 3.051098], [-76.657472, 3.051177], [-76.657549, 3.051705], [-76.657879, 3.051708], [-76.658115, 3.052151], [-76.656943, 3.055668], [-76.658762, 3.056683], [-76.659123, 3.056482], [-76.659177, 3.057089], [-76.659509, 3.057185], [-76.659433, 3.058294], [-76.659733, 3.058849], [-76.660494, 3.059234], [-76.660004, 3.059785]]]}, "properties": {"zu_cnmbre": "SAN FRANCISCO", "zu_narea": 184201.732046, "zu_nano": 2025}},{"type": "Feature", "geometry": {"type": "Polygon", "coordinates": [[[-77.062822, 2.509195], [-77.062636, 2.50892], [-77.063104, 2.508174], [-77.063155, 2.507053], [-77.063647, 2.506445], [-77.064888, 2.506077], [-77.065378, 2.506104], [-77.064993, 2.507236], [-77.066983, 2.507908], [-77.067325, 2.508846], [-77.067104, 2.509091], [-77.06647, 2.508279], [-77.065918, 2.508238], [-77.06507, 2.508999], [-77.064564, 2.508808], [-77.064338, 2.509112], [-77.063728, 2.508615], [-77.063646, 2.509035], [-77.062822, 2.509195]]]}, "properties": {"zu_cnmbre": "HUISITÓ", "zu_narea": 88487.3990346, "zu_nano": 2025}},{"type": "Feature", "geometry": {"type": "Polygon", "coordinates": [[[-76.964058, 1.84464], [-76.963664, 1.843958], [-76.9631, 1.844471], [-76.961535, 1.843127], [-76.962756, 1.842898], [-76.962856, 1.841347], [-76.962237, 1.840374], [-76.962626, 1.839412], [-76.962002, 1.839163], [-76.961853, 1.838221], [-76.961232, 1.837606], [-76.961474, 1.837299], [-76.962402, 1.837652], [-76.96373, 1.835748], [-76.965296, 1.834458], [-76.965327, 1.833711], [-76.966137, 1.833057], [-76.966889, 1.831472], [-76.966056, 1.831207], [-76.96597, 1.830605], [-76.967178, 1.830077], [-76.967252, 1.831196], [-76.967618, 1.8309], [-76.967725, 1.83004], [-76.968109, 1.829827], [-76.968807, 1.831283], [-76.969566, 1.831573], [-76.970098, 1.832389], [-76.969919, 1.83278], [-76.96954, 1.832696], [-76.969872, 1.833768], [-76.96961, 1.83445], [-76.969879, 1.834714], [-76.970511, 1.834456], [-76.97043, 1.835989], [-76.968941, 1.836544], [-76.968641, 1.837704], [-76.970133, 1.838932], [-76.969691, 1.838951], [-76.969297, 1.839429], [-76.969305, 1.840249], [-76.968531, 1.841006], [-76.969339, 1.841534], [-76.969029, 1.841897], [-76.968595, 1.842129], [-76.967566, 1.841846], [-76.967371, 1.841049], [-76.966897, 1.840969], [-76.96602, 1.84229], [-76.965091, 1.842724], [-76.964058, 1.84464]]]}, "properties": {"zu_cnmbre": "BOLÍVAR", "zu_narea": 847857.503226, "zu_nano": 2025}},{"type": "Feature", "geometry": {"type": "Polygon", "coordinates": [[[-77.093398, 1.924793], [-77.092928, 1.924392], [-77.093347, 1.924208], [-77.092731, 1.923918], [-77.092249, 1.922973], [-77.093397, 1.922932], [-77.094107, 1.923466], [-77.094537, 1.923274], [-77.094359, 1.922662], [-77.09496, 1.922286], [-77.095223, 1.922754], [-77.094787, 1.923009], [-77.09602, 1.923533], [-77.095579, 1.924504], [-77.094621, 1.924165], [-77.094406, 1.92463], [-77.093638, 1.924461], [-77.093398, 1.924793]]]}, "properties": {"zu_cnmbre": "CAPELLANÍAS", "zu_narea": 51874.7402719, "zu_nano": 2025}},{"type": "Feature", "geometry": {"type": "Polygon", "coordinates": [[[-76.879847, 1.817911], [-76.880332, 1.817203], [-76.880015, 1.816957], [-76.880452, 1.816421], [-76.881491, 1.817111], [-76.881622, 1.816873], [-76.882124, 1.817045], [-76.882664, 1.817689], [-76.881665, 1.818769], [-76.88024, 1.818361], [-76.879847, 1.817911]]]}, "properties": {"zu_cnmbre": "EL CARMEN", "zu_narea": 49681.8032811, "zu_nano": 2025}},{"type": "Feature", "geometry": {"type": "Polygon", "coordinates": [[[-76.676964, 2.993042], [-76.675513, 2.992426], [-76.674516, 2.992983], [-76.674352, 2.99246], [-76.673722, 2.992086], [-76.675163, 2.991165], [-76.67473, 2.989806], [-76.674901, 2.989444], [-76.672959, 2.987412], [-76.672078, 2.987063], [-76.671818, 2.98676], [-76.672153, 2.986373], [-76.672754, 2.987048], [-76.67352, 2.98709], [-76.673367, 2.986644], [-76.674152, 2.986398], [-76.675574, 2.986697], [-76.676037, 2.9874], [-76.676935, 2.987493], [-76.676823, 2.988819], [-76.677673, 2.989366], [-76.678781, 2.98929], [-76.67835, 2.990505], [-76.677783, 2.990648], [-76.678555, 2.991531], [-76.677745, 2.991815], [-76.676964, 2.993042]]]}, "properties": {"zu_cnmbre": "HONDURAS", "zu_narea": 248914.686705, "zu_nano": 2025}},{"type": "Feature", "geometry": {"type": "Polygon", "coordinates": [[[-76.598312, 3.091952], [-76.59808, 3.090528], [-76.597061, 3.090251], [-76.597495, 3.089908], [-76.596869, 3.088927], [-76.597147, 3.088662], [-76.597471, 3.088912], [-76.598125, 3.087875], [-76.597746, 3.086603], [-76.59968, 3.087376], [-76.59965, 3.087664], [-76.599948, 3.086673], [-76.601703, 3.087564], [-76.601952, 3.087247], [-76.602525, 3.087381], [-76.603822, 3.088657], [-76.604415, 3.08841], [-76.605045, 3.089156], [-76.604816, 3.0897], [-76.603758, 3.089957], [-76.602541, 3.089591], [-76.602616, 3.089797], [-76.601479, 3.090356], [-76.600789, 3.091632], [-76.600021, 3.091666], [-76.599786, 3.092226], [-76.598312, 3.091952]]]}, "properties": {"zu_cnmbre": "LA BALSA", "zu_narea": 296472.506872, "zu_nano": 2025}},{"type": "Feature", "geometry": {"type": "Polygon", "coordinates": [[[-76.624062, 3.117322], [-76.625455, 3.112021], [-76.62644, 3.111278], [-76.6283, 3.108491], [-76.628002, 3.10949], [-76.62665, 3.111217], [-76.627922, 3.111833], [-76.628635, 3.110749], [-76.628705, 3.111075], [-76.629703, 3.11114], [-76.630203, 3.111553], [-76.630355, 3.112201], [-76.62888, 3.112291], [-76.630674, 3.115278], [-76.63056, 3.115675], [-76.630125, 3.116483], [-76.629726, 3.116422], [-76.629098, 3.117045], [-76.629044, 3.116161], [-76.628153, 3.115897], [-76.62722, 3.117161], [-76.625833, 3.117004], [-76.624062, 3.117322]]]}, "properties": {"zu_cnmbre": "TIMBA", "zu_narea": 352413.643385, "zu_nano": 2025}},{"type": "Feature", "geometry": {"type": "Polygon", "coordinates": [[[-76.743395, 3.095102], [-76.744526, 3.094545], [-76.744349, 3.094315], [-76.744715, 3.094014], [-76.744389, 3.093951], [-76.744362, 3.093393], [-76.745141, 3.092284], [-76.744831, 3.091546], [-76.745491, 3.091168], [-76.74635, 3.091642], [-76.746542, 3.090025], [-76.747027, 3.089593], [-76.748184, 3.090686], [-76.748052, 3.09095], [-76.749603, 3.091455], [-76.749474, 3.0917], [-76.748918, 3.091486], [-76.748698, 3.092387], [-76.74794, 3.092518], [-76.747797, 3.093017], [-76.746339, 3.093844], [-76.746622, 3.094106], [-76.746066, 3.094704], [-76.745649, 3.094353], [-76.744573, 3.095129], [-76.743395, 3.095102]]]}, "properties": {"zu_cnmbre": "EL CERAL", "zu_narea": 156025.802489, "zu_nano": 2025}},{"type": "Feature", "geometry": {"type": "Polygon", "coordinates": [[[-76.654474, 2.997954], [-76.653491, 2.997846], [-76.653396, 2.997256], [-76.652591, 2.996766], [-76.652519, 2.996265], [-76.651789, 2.995482], [-76.651693, 2.994275], [-76.652413, 2.994642], [-76.652209, 2.994093], [-76.653298, 2.994351], [-76.652796, 2.995724], [-76.654016, 2.997733], [-76.655634, 2.997472], [-76.654474, 2.997954]]]}, "properties": {"zu_cnmbre": "PALOBLANCO", "zu_narea": 41556.5774196, "zu_nano": 2025}},{"type": "Feature", "geometry": {"type": "Polygon", "coordinates": [[[-76.569877, 2.62752], [-76.569435, 2.625066], [-76.568041, 2.624937], [-76.567332, 2.625184], [-76.565954, 2.624731], [-76.565316, 2.625358], [-76.565503, 2.624266], [-76.565249, 2.624104], [-76.565594, 2.622759], [-76.56659, 2.622773], [-76.566866, 2.622067], [-76.568096, 2.621915], [-76.567738, 2.620307], [-76.568457, 2.620492], [-76.568647, 2.620112], [-76.569214, 2.620215], [-76.569001, 2.619477], [-76.570531, 2.618802], [-76.57076, 2.618277], [-76.571525, 2.61828], [-76.571267, 2.61935], [-76.571688, 2.620161], [-76.571342, 2.6209], [-76.571809, 2.621286], [-76.571489, 2.622097], [-76.57198, 2.622126], [-76.571837, 2.622605], [-76.57459, 2.623375], [-76.575111, 2.622408], [-76.576251, 2.622842], [-76.576679, 2.62417], [-76.575188, 2.623998], [-76.575112, 2.625486], [-76.574261, 2.62658], [-76.572371, 2.62672], [-76.571929, 2.627283], [-76.570533, 2.625401], [-76.570037, 2.626494], [-76.57033, 2.627261], [-76.569877, 2.62752]]]}, "properties": {"zu_cnmbre": "CAJIBÍO", "zu_narea": 553377.007866, "zu_nano": 2025}},{"type": "Feature", "geometry": {"type": "Polygon", "coordinates": [[[-76.705181, 2.666229], [-76.70446, 2.667224], [-76.70151, 2.665635], [-76.701489, 2.665089], [-76.699831, 2.664662], [-76.699977, 2.663991], [-76.700398, 2.663727], [-76.70042, 2.663069], [-76.69789, 2.661233], [-76.698047, 2.661], [-76.698412, 2.661252], [-76.698592, 2.660873], [-76.700308, 2.662198], [-76.70084, 2.661652], [-76.701789, 2.662894], [-76.701594, 2.663423], [-76.702132, 2.663752], [-76.704233, 2.663091], [-76.704441, 2.663409], [-76.704099, 2.663771], [-76.706807, 2.666763], [-76.706293, 2.66732], [-76.705181, 2.666229]]]}, "properties": {"zu_cnmbre": "EL CARMELO", "zu_narea": 212013.918706, "zu_nano": 2025}},{"type": "Feature", "geometry": {"type": "Polygon", "coordinates": [[[-76.564211, 2.564321], [-76.564615, 2.563008], [-76.563971, 2.562742], [-76.564099, 2.562261], [-76.565258, 2.562353], [-76.565472, 2.562039], [-76.565943, 2.562206], [-76.567551, 2.561554], [-76.567804, 2.561847], [-76.570093, 2.559006], [-76.570678, 2.558796], [-76.571651, 2.559879], [-76.570007, 2.561685], [-76.569593, 2.563031], [-76.567661, 2.564245], [-76.564211, 2.564321]]]}, "properties": {"zu_cnmbre": "URBANIZACIÓN LAS MARGARITAS", "zu_narea": 205492.980762, "zu_nano": 2025}},{"type": "Feature", "geometry": {"type": "Polygon", "coordinates": [[[-76.433829, 3.15169], [-76.431771, 3.151817], [-76.432434, 3.150977], [-76.432818, 3.151284], [-76.433849, 3.150911], [-76.43419, 3.149549], [-76.434958, 3.150104], [-76.43712, 3.147203], [-76.436013, 3.146294], [-76.436252, 3.145909], [-76.435726, 3.145504], [-76.435443, 3.145897], [-76.434792, 3.145402], [-76.436427, 3.143398], [-76.434844, 3.142132], [-76.433764, 3.141934], [-76.434055, 3.141538], [-76.43617, 3.142693], [-76.436377, 3.142445], [-76.436811, 3.142724], [-76.437196, 3.143755], [-76.436923, 3.144656], [-76.437183, 3.145436], [-76.436911, 3.145864], [-76.437305, 3.146798], [-76.438073, 3.147312], [-76.438561, 3.147129], [-76.438969, 3.147848], [-76.43985, 3.147901], [-76.44005, 3.14818], [-76.439417, 3.149865], [-76.439015, 3.149561], [-76.439423, 3.149006], [-76.437759, 3.147997], [-76.438081, 3.147561], [-76.43757, 3.147227], [-76.437328, 3.148135], [-76.437559, 3.148416], [-76.437097, 3.149051], [-76.437379, 3.149321], [-76.43637, 3.151148], [-76.435299, 3.150643], [-76.434745, 3.151985], [-76.433829, 3.15169]]]}, "properties": {"zu_cnmbre": "QUINTERO", "zu_narea": 208619.635779, "zu_nano": 2025}},{"type": "Feature", "geometry": {"type": "Polygon", "coordinates": [[[-76.428263, 3.099064], [-76.427363, 3.099593], [-76.427154, 3.099001], [-76.429023, 3.098218], [-76.427116, 3.095444], [-76.427022, 3.094868], [-76.425975, 3.094946], [-76.425204, 3.09567], [-76.424509, 3.095038], [-76.424703, 3.094773], [-76.424487, 3.094573], [-76.425315, 3.093637], [-76.427652, 3.094989], [-76.428925, 3.097103], [-76.430708, 3.101484], [-76.429341, 3.102344], [-76.428406, 3.101256], [-76.429258, 3.100622], [-76.428263, 3.099064]]]}, "properties": {"zu_cnmbre": "LA ARROBLEDA", "zu_narea": 129462.980927, "zu_nano": 2025}},{"type": "Feature", "geometry": {"type": "Polygon", "coordinates": [[[-76.484441, 2.801389], [-76.482549, 2.801905], [-76.481954, 2.800844], [-76.482211, 2.799779], [-76.480935, 2.799749], [-76.481244, 2.801702], [-76.481045, 2.801978], [-76.480632, 2.801644], [-76.48082, 2.799085], [-76.479428, 2.799348], [-76.478998, 2.798416], [-76.479319, 2.797724], [-76.479743, 2.797631], [-76.479745, 2.798211], [-76.480271, 2.798619], [-76.480874, 2.798619], [-76.480716, 2.797052], [-76.480096, 2.795547], [-76.481033, 2.794841], [-76.480982, 2.793961], [-76.479641, 2.792064], [-76.479643, 2.791641], [-76.482152, 2.792632], [-76.482289, 2.792968], [-76.481918, 2.793169], [-76.482469, 2.794038], [-76.482766, 2.794161], [-76.483242, 2.793623], [-76.483717, 2.793967], [-76.484581, 2.794829], [-76.485012, 2.796369], [-76.484831, 2.796538], [-76.487598, 2.796595], [-76.488657, 2.798047], [-76.490519, 2.798921], [-76.490026, 2.799232], [-76.489994, 2.800468], [-76.490507, 2.801812], [-76.489559, 2.800924], [-76.489742, 2.801759], [-76.489267, 2.80213], [-76.488543, 2.800619], [-76.487908, 2.800532], [-76.487999, 2.801318], [-76.485573, 2.801177], [-76.486164, 2.802344], [-76.485407, 2.802252], [-76.484441, 2.801389]]]}, "properties": {"zu_cnmbre": "CALDONO", "zu_narea": 689756.237247, "zu_nano": 2025}},{"type": "Feature", "geometry": {"type": "Polygon", "coordinates": [[[-76.490207, 2.838333], [-76.489358, 2.836585], [-76.489761, 2.836388], [-76.489543, 2.835462], [-76.488899, 2.835784], [-76.488617, 2.835219], [-76.489382, 2.834832], [-76.489552, 2.835452], [-76.489937, 2.835259], [-76.490148, 2.836165], [-76.490969, 2.836768], [-76.49249, 2.836037], [-76.493428, 2.834981], [-76.495906, 2.830489], [-76.496595, 2.830904], [-76.494893, 2.833559], [-76.493855, 2.836268], [-76.491824, 2.837411], [-76.491578, 2.837901], [-76.490207, 2.838333]]]}, "properties": {"zu_cnmbre": "CERRO ALTO", "zu_narea": 135472.72192, "zu_nano": 2025}},{"type": "Feature", "geometry": {"type": "MultiPolygon", "coordinates": [[[[-76.518644, 2.789232], [-76.518189, 2.788933], [-76.518144, 2.788043], [-76.51885, 2.787278], [-76.517856, 2.786331], [-76.518144, 2.786022], [-76.517763, 2.785485], [-76.515674, 2.785009], [-76.515335, 2.785363], [-76.515337, 2.784944], [-76.513755, 2.784356], [-76.513657, 2.784785], [-76.513434, 2.784709], [-76.513664, 2.784282], [-76.513255, 2.78395], [-76.512983, 2.784209], [-76.512225, 2.783658], [-76.512404, 2.783339], [-76.510382, 2.781396], [-76.507869, 2.779851], [-76.508127, 2.779179], [-76.506737, 2.778459], [-76.507347, 2.777662], [-76.507706, 2.778358], [-76.509531, 2.779529], [-76.510365, 2.779709], [-76.511623, 2.781048], [-76.513369, 2.782444], [-76.514652, 2.783043], [-76.514889, 2.783499], [-76.515103, 2.783198], [-76.516809, 2.783615], [-76.517968, 2.783313], [-76.520526, 2.785707], [-76.521399, 2.785375], [-76.521451, 2.786131], [-76.522257, 2.786391], [-76.521835, 2.787515], [-76.521971, 2.788284], [-76.521279, 2.788589], [-76.520573, 2.788317], [-76.520474, 2.787614], [-76.519194, 2.787432], [-76.518886, 2.788065], [-76.519183, 2.789051], [-76.518644, 2.789232]]], [[[-76.515855, 2.787408], [-76.515528, 2.786803], [-76.515239, 2.786854], [-76.51507, 2.785657], [-76.515484, 2.785945], [-76.515855, 2.787408]]]]}, "properties": {"zu_cnmbre": "SIBERIA", "zu_narea": 378177.319293, "zu_nano": 2025}},{"type": "Feature", "geometry": {"type": "Polygon", "coordinates": [[[-76.547229, 2.808039], [-76.546958, 2.807493], [-76.546588, 2.807751], [-76.546262, 2.807487], [-76.546682, 2.80717], [-76.546491, 2.806875], [-76.545917, 2.807289], [-76.545522, 2.806591], [-76.546465, 2.80542], [-76.545718, 2.805303], [-76.54575, 2.804703], [-76.546782, 2.804649], [-76.547446, 2.802274], [-76.547793, 2.802458], [-76.547537, 2.803023], [-76.547889, 2.803173], [-76.547251, 2.804001], [-76.547584, 2.804132], [-76.548004, 2.805688], [-76.548675, 2.806236], [-76.549573, 2.805709], [-76.550004, 2.806438], [-76.547229, 2.808039]]]}, "properties": {"zu_cnmbre": "CRUCERO DE PESCADOR", "zu_narea": 113521.959239, "zu_nano": 2025}},{"type": "Feature", "geometry": {"type": "Polygon", "coordinates": [[[-76.406578, 3.04523], [-76.407283, 3.045109], [-76.40751, 3.044314], [-76.407428, 3.043941], [-76.406895, 3.043687], [-76.406569, 3.044086], [-76.406161, 3.043022], [-76.406152, 3.042737], [-76.406937, 3.042188], [-76.406011, 3.040662], [-76.406603, 3.040281], [-76.406126, 3.039331], [-76.406681, 3.038645], [-76.405855, 3.038562], [-76.405933, 3.03753], [-76.40558, 3.036882], [-76.403439, 3.036918], [-76.403386, 3.035837], [-76.404471, 3.03573], [-76.405057, 3.034099], [-76.404768, 3.034089], [-76.40474, 3.033575], [-76.404217, 3.032964], [-76.404224, 3.032354], [-76.404575, 3.032001], [-76.403594, 3.031895], [-76.403602, 3.031333], [-76.404489, 3.030383], [-76.404264, 3.029511], [-76.404788, 3.0298], [-76.406531, 3.02842], [-76.406498, 3.026886], [-76.407307, 3.02465], [-76.407092, 3.024074], [-76.407521, 3.023898], [-76.407388, 3.022951], [-76.407816, 3.022927], [-76.407718, 3.022261], [-76.409075, 3.02178], [-76.40936, 3.020081], [-76.410208, 3.019974], [-76.410408, 3.021066], [-76.409868, 3.021065], [-76.41042, 3.022659], [-76.411448, 3.023439], [-76.411234, 3.024049], [-76.411791, 3.025162], [-76.411234, 3.025843], [-76.411044, 3.026803], [-76.411799, 3.027278], [-76.411636, 3.027999], [-76.412432, 3.027726], [-76.412899, 3.028173], [-76.412749, 3.028508], [-76.412021, 3.028366], [-76.411927, 3.028606], [-76.412325, 3.030161], [-76.411939, 3.034848], [-76.41348, 3.037591], [-76.414317, 3.03809], [-76.413731, 3.039205], [-76.415791, 3.040693], [-76.417091, 3.041222], [-76.415929, 3.041624], [-76.414451, 3.041098], [-76.414766, 3.042514], [-76.414004, 3.044239], [-76.414462, 3.041734], [-76.413624, 3.04174], [-76.413314, 3.041431], [-76.412339, 3.041776], [-76.4124, 3.040228], [-76.411636, 3.039855], [-76.411689, 3.039237], [-76.410872, 3.03848], [-76.410359, 3.040302], [-76.40977, 3.040681], [-76.409339, 3.041599], [-76.409993, 3.042794], [-76.409591, 3.043073], [-76.410228, 3.043189], [-76.410683, 3.043772], [-76.409276, 3.043908], [-76.409912, 3.044787], [-76.409898, 3.045929], [-76.408453, 3.047472], [-76.408593, 3.048271], [-76.407921, 3.050261], [-76.407312, 3.050067], [-76.407012, 3.048643], [-76.406346, 3.048427], [-76.407007, 3.048061], [-76.406409, 3.047], [-76.406579, 3.046694], [-76.406221, 3.04649], [-76.406578, 3.04523]]]}, "properties": {"zu_cnmbre": "CALOTO", "zu_narea": 1865101.4458, "zu_nano": 2025}},{"type": "Feature", "geometry": {"type": "Polygon", "coordinates": [[[-76.353817, 3.067679], [-76.352933, 3.066483], [-76.352535, 3.066578], [-76.352856, 3.066035], [-76.350568, 3.064529], [-76.350202, 3.064868], [-76.349357, 3.064897], [-76.350153, 3.063501], [-76.351838, 3.063494], [-76.351144, 3.062941], [-76.351534, 3.061986], [-76.352286, 3.062075], [-76.352626, 3.063392], [-76.353308, 3.063927], [-76.355954, 3.064089], [-76.357695, 3.064769], [-76.356497, 3.065271], [-76.355869, 3.067177], [-76.353817, 3.067679]]]}, "properties": {"zu_cnmbre": "EL PALO", "zu_narea": 225527.088301, "zu_nano": 2025}},{"type": "Feature", "geometry": {"type": "Polygon", "coordinates": [[[-76.426409, 3.186462], [-76.425464, 3.18409], [-76.42347, 3.185233], [-76.422663, 3.184156], [-76.422901, 3.183665], [-76.42273, 3.182875], [-76.424506, 3.183836], [-76.4252, 3.183337], [-76.425734, 3.183433], [-76.425945, 3.183093], [-76.426024, 3.183535], [-76.426897, 3.184182], [-76.426612, 3.185064], [-76.427179, 3.186287], [-76.426409, 3.186462]]]}, "properties": {"zu_cnmbre": "CAPONERA 1", "zu_narea": 73240.2768398, "zu_nano": 2025}},{"type": "Feature", "geometry": {"type": "MultiPolygon", "coordinates": [[[[-76.414634, 3.074849], [-76.412889, 3.073172], [-76.412578, 3.073059], [-76.412242, 3.073478], [-76.411974, 3.073312], [-76.411989, 3.072726], [-76.412432, 3.072313], [-76.412071, 3.071174], [-76.411717, 3.070671], [-76.411378, 3.070957], [-76.410759, 3.070474], [-76.411203, 3.070097], [-76.410007, 3.068081], [-76.409643, 3.068292], [-76.409146, 3.06759], [-76.409524, 3.067374], [-76.408668, 3.065924], [-76.408159, 3.066262], [-76.408021, 3.065979], [-76.408687, 3.065582], [-76.407866, 3.063072], [-76.408755, 3.062953], [-76.409226, 3.063219], [-76.408606, 3.063699], [-76.408782, 3.06436], [-76.409157, 3.064258], [-76.409713, 3.064782], [-76.408952, 3.065308], [-76.411589, 3.068742], [-76.411442, 3.069007], [-76.412238, 3.070299], [-76.412695, 3.069988], [-76.412873, 3.070295], [-76.412487, 3.07058], [-76.412725, 3.071312], [-76.413565, 3.072229], [-76.413965, 3.07193], [-76.41425, 3.072142], [-76.414346, 3.073015], [-76.413941, 3.073218], [-76.414216, 3.073622], [-76.415034, 3.073393], [-76.415409, 3.074577], [-76.414634, 3.074849]]], [[[-76.407889, 3.062827], [-76.406975, 3.060537], [-76.405919, 3.060266], [-76.405613, 3.058986], [-76.405265, 3.058928], [-76.405137, 3.058487], [-76.404421, 3.058455], [-76.404827, 3.058215], [-76.404378, 3.057861], [-76.404757, 3.057673], [-76.404384, 3.056852], [-76.404911, 3.056527], [-76.404799, 3.056137], [-76.406222, 3.05509], [-76.406317, 3.055445], [-76.406757, 3.055517], [-76.407108, 3.05647], [-76.406237, 3.057077], [-76.406989, 3.057884], [-76.406575, 3.058256], [-76.406565, 3.058774], [-76.407543, 3.060328], [-76.408295, 3.062388], [-76.408173, 3.062747], [-76.407889, 3.062827]]], [[[-76.414908, 3.074811], [-76.416276, 3.075289], [-76.416384, 3.076085], [-76.416923, 3.076429], [-76.416598, 3.077332], [-76.414714, 3.078161], [-76.414597, 3.077918], [-76.415417, 3.077485], [-76.415793, 3.076838], [-76.414444, 3.07514], [-76.414908, 3.074811]]]]}, "properties": {"zu_cnmbre": "EL GUÁSIMO", "zu_narea": 336373.07786, "zu_nano": 2025}},{"type": "Feature", "geometry": {"type": "Polygon", "coordinates": [[[-76.372784, 3.050301], [-76.37569, 3.047819], [-76.37584, 3.04807], [-76.37672, 3.047798], [-76.378769, 3.048772], [-76.378193, 3.050425], [-76.377573, 3.049898], [-76.375723, 3.050627], [-76.374605, 3.04966], [-76.373173, 3.050814], [-76.372784, 3.050301]]]}, "properties": {"zu_cnmbre": "TOEZ", "zu_narea": 115482.617255, "zu_nano": 2025}},{"type": "Feature", "geometry": {"type": "Polygon", "coordinates": [[[-76.347783, 3.111281], [-76.34768, 3.110511], [-76.346778, 3.110041], [-76.347248, 3.10985], [-76.347648, 3.110081], [-76.347197, 3.108582], [-76.346187, 3.108997], [-76.346134, 3.109507], [-76.345835, 3.108772], [-76.347306, 3.10817], [-76.347511, 3.107091], [-76.347203, 3.106597], [-76.347925, 3.105804], [-76.348536, 3.106577], [-76.348174, 3.10731], [-76.348794, 3.107544], [-76.348511, 3.107815], [-76.348367, 3.109582], [-76.348835, 3.110547], [-76.348588, 3.111092], [-76.348338, 3.110934], [-76.347783, 3.111281]]]}, "properties": {"zu_cnmbre": "LÓPEZ ADENTRO", "zu_narea": 74656.6003521, "zu_nano": 2025}},{"type": "Feature", "geometry": {"type": "Polygon", "coordinates": [[[-76.409402, 3.019878], [-76.409029, 3.015477], [-76.407878, 3.015348], [-76.407955, 3.014949], [-76.408507, 3.015001], [-76.408007, 3.010825], [-76.408557, 3.010611], [-76.408628, 3.009303], [-76.408246, 3.008997], [-76.408736, 3.007532], [-76.411506, 3.007872], [-76.411647, 3.007523], [-76.411936, 3.007587], [-76.411379, 3.009279], [-76.409951, 3.011896], [-76.409803, 3.013152], [-76.410219, 3.013164], [-76.410326, 3.0143], [-76.409365, 3.014443], [-76.409413, 3.015059], [-76.409945, 3.015047], [-76.410039, 3.015669], [-76.409474, 3.015597], [-76.409949, 3.016546], [-76.409681, 3.016604], [-76.41, 3.017984], [-76.409658, 3.019723], [-76.410363, 3.018723], [-76.41071, 3.018806], [-76.411183, 3.017805], [-76.411077, 3.016893], [-76.410638, 3.016578], [-76.410493, 3.015949], [-76.411297, 3.015424], [-76.412491, 3.0157], [-76.411856, 3.016368], [-76.411845, 3.017917], [-76.411274, 3.018748], [-76.410168, 3.019887], [-76.409402, 3.019878]]]}, "properties": {"zu_cnmbre": "MORALES", "zu_narea": 290479.284836, "zu_nano": 2025}},{"type": "Feature", "geometry": {"type": "Polygon", "coordinates": [[[-76.342697, 3.09426], [-76.342218, 3.094197], [-76.342084, 3.093802], [-76.343408, 3.092169], [-76.343137, 3.091738], [-76.343841, 3.092158], [-76.344157, 3.091638], [-76.344406, 3.091774], [-76.344096, 3.092276], [-76.345211, 3.092927], [-76.345309, 3.093303], [-76.344268, 3.095063], [-76.344478, 3.095361], [-76.343657, 3.096283], [-76.342697, 3.09426]]]}, "properties": {"zu_cnmbre": "PÍLAMO", "zu_narea": 87859.1184916, "zu_nano": 2025}},{"type": "Feature", "geometry": {"type": "Polygon", "coordinates": [[[-76.866221, 2.350241], [-76.870193, 2.348209], [-76.870796, 2.347565], [-76.87185, 2.348567], [-76.871321, 2.348733], [-76.871682, 2.349894], [-76.871034, 2.349954], [-76.870238, 2.348776], [-76.867415, 2.35028], [-76.865535, 2.350904], [-76.866221, 2.350241]]]}, "properties": {"zu_cnmbre": "EL CRUCERO DEL PUEBLO", "zu_narea": 62239.1322665, "zu_nano": 2025}},{"type": "Feature", "geometry": {"type": "Polygon", "coordinates": [[[-76.262684, 3.179674], [-76.259801, 3.17902], [-76.259407, 3.178443], [-76.257564, 3.1793], [-76.256552, 3.179009], [-76.256598, 3.177304], [-76.254454, 3.175993], [-76.254227, 3.174994], [-76.253117, 3.174482], [-76.252624, 3.172865], [-76.250873, 3.17162], [-76.252202, 3.170343], [-76.252791, 3.16916], [-76.253974, 3.169615], [-76.256161, 3.169553], [-76.256429, 3.16997], [-76.256195, 3.170185], [-76.256626, 3.170518], [-76.257956, 3.170824], [-76.259348, 3.172101], [-76.259925, 3.171881], [-76.260055, 3.172087], [-76.264008, 3.169251], [-76.26446, 3.168818], [-76.264477, 3.168202], [-76.264775, 3.168487], [-76.264816, 3.16787], [-76.26569, 3.167102], [-76.267367, 3.168811], [-76.266282, 3.170041], [-76.267186, 3.170815], [-76.268378, 3.170573], [-76.268139, 3.170894], [-76.270336, 3.17207], [-76.269391, 3.173227], [-76.272505, 3.175419], [-76.274236, 3.175779], [-76.273467, 3.177395], [-76.272958, 3.177206], [-76.272289, 3.17855], [-76.265092, 3.174407], [-76.264173, 3.175511], [-76.262726, 3.178569], [-76.262684, 3.179674]]]}, "properties": {"zu_cnmbre": "CORINTO", "zu_narea": 1636076.99684, "zu_nano": 2025}},{"type": "Feature", "geometry": {"type": "Polygon", "coordinates": [[[-76.294862, 3.14112], [-76.294709, 3.138683], [-76.294982, 3.138459], [-76.295543, 3.138711], [-76.296026, 3.140012], [-76.298222, 3.13884], [-76.298696, 3.138123], [-76.298933, 3.136449], [-76.29853, 3.136484], [-76.297511, 3.13566], [-76.297949, 3.134667], [-76.299577, 3.135047], [-76.299052, 3.138508], [-76.298179, 3.139374], [-76.297314, 3.139742], [-76.29766, 3.140366], [-76.297191, 3.14102], [-76.296401, 3.140304], [-76.294862, 3.14112]]]}, "properties": {"zu_cnmbre": "EL JAGUAL", "zu_narea": 103602.195101, "zu_nano": 2025}},{"type": "Feature", "geometry": {"type": "Polygon", "coordinates": [[[-76.213509, 3.181118], [-76.212847, 3.180529], [-76.212442, 3.179418], [-76.212629, 3.178449], [-76.213015, 3.178142], [-76.212876, 3.178648], [-76.21314, 3.178667], [-76.212964, 3.178948], [-76.213509, 3.181118]]]}, "properties": {"zu_cnmbre": "MEDIA NARANJA", "zu_narea": 18088.0462682, "zu_nano": 2025}},{"type": "Feature", "geometry": {"type": "Polygon", "coordinates": [[[-76.210327, 3.190307], [-76.20822, 3.189961], [-76.206817, 3.189159], [-76.206083, 3.18965], [-76.205331, 3.189045], [-76.205978, 3.189306], [-76.20606, 3.189186], [-76.206355, 3.189325], [-76.206552, 3.189147], [-76.206766, 3.189144], [-76.206919, 3.189183], [-76.207185, 3.188164], [-76.207495, 3.188076], [-76.207094, 3.187587], [-76.207535, 3.186889], [-76.208308, 3.187973], [-76.207615, 3.188869], [-76.209486, 3.1898], [-76.210088, 3.189636], [-76.210595, 3.189935], [-76.210327, 3.190307]]]}, "properties": {"zu_cnmbre": "RIONEGRO", "zu_narea": 42570.3271472, "zu_nano": 2025}},{"type": "Feature", "geometry": {"type": "Polygon", "coordinates": [[[-76.808356, 2.457989], [-76.810088, 2.456665], [-76.809106, 2.456637], [-76.808753, 2.455836], [-76.808569, 2.456012], [-76.808253, 2.455721], [-76.807924, 2.456378], [-76.807486, 2.45621], [-76.806306, 2.454671], [-76.806114, 2.453698], [-76.805491, 2.453481], [-76.805342, 2.452672], [-76.806214, 2.45236], [-76.805856, 2.450872], [-76.805126, 2.450059], [-76.804897, 2.448288], [-76.806447, 2.447966], [-76.807044, 2.44699], [-76.807895, 2.447462], [-76.807389, 2.448049], [-76.807694, 2.448352], [-76.807681, 2.448021], [-76.809047, 2.446546], [-76.811715, 2.444769], [-76.812536, 2.442967], [-76.812681, 2.443497], [-76.811407, 2.445376], [-76.811495, 2.446141], [-76.81185, 2.445828], [-76.811642, 2.44727], [-76.81232, 2.447528], [-76.812145, 2.448284], [-76.812516, 2.44829], [-76.812862, 2.447784], [-76.813516, 2.447897], [-76.814851, 2.448906], [-76.815326, 2.448391], [-76.815309, 2.447545], [-76.816112, 2.447509], [-76.816364, 2.446081], [-76.817802, 2.445235], [-76.818109, 2.44608], [-76.818869, 2.446442], [-76.818798, 2.446813], [-76.818311, 2.4469], [-76.817346, 2.448449], [-76.816917, 2.448536], [-76.817178, 2.448732], [-76.816896, 2.449463], [-76.817171, 2.449923], [-76.816626, 2.45014], [-76.816416, 2.450627], [-76.815836, 2.450303], [-76.81525, 2.450609], [-76.814211, 2.451641], [-76.814786, 2.455196], [-76.813765, 2.457119], [-76.813165, 2.457217], [-76.812615, 2.45655], [-76.812339, 2.456773], [-76.812373, 2.457355], [-76.811036, 2.457203], [-76.811117, 2.458072], [-76.809002, 2.457992], [-76.808092, 2.458688], [-76.808356, 2.457989]]]}, "properties": {"zu_cnmbre": "EL TAMBO", "zu_narea": 1193419.14619, "zu_nano": 2025}},{"type": "Feature", "geometry": {"type": "Polygon", "coordinates": [[[-76.855262, 2.44134], [-76.852348, 2.437438], [-76.851606, 2.437343], [-76.85117, 2.437773], [-76.850295, 2.437925], [-76.84917, 2.435855], [-76.849495, 2.435512], [-76.851199, 2.43511], [-76.850796, 2.436217], [-76.852568, 2.436677], [-76.85382, 2.437681], [-76.854441, 2.437098], [-76.854464, 2.434881], [-76.854921, 2.434593], [-76.854986, 2.436006], [-76.855391, 2.436848], [-76.854491, 2.43809], [-76.854573, 2.439054], [-76.855487, 2.439653], [-76.855987, 2.440511], [-76.8575, 2.440465], [-76.857996, 2.439949], [-76.859858, 2.441638], [-76.859333, 2.442182], [-76.857489, 2.441215], [-76.857174, 2.441875], [-76.857284, 2.442812], [-76.856998, 2.442889], [-76.855262, 2.44134]]]}, "properties": {"zu_cnmbre": "ALTO DEL REY", "zu_narea": 216130.316886, "zu_nano": 2025}},{"type": "Feature", "geometry": {"type": "Polygon", "coordinates": [[[-76.357459, 3.258513], [-76.357258, 3.258751], [-76.356508, 3.258424], [-76.35605, 3.258989], [-76.355151, 3.258482], [-76.354357, 3.257422], [-76.355024, 3.256316], [-76.35592, 3.256312], [-76.355866, 3.25669], [-76.356837, 3.256988], [-76.357275, 3.25592], [-76.358751, 3.256582], [-76.358498, 3.259066], [-76.357459, 3.258513]]]}, "properties": {"zu_cnmbre": "TULIPÁN", "zu_narea": 106906.845884, "zu_nano": 2025}},{"type": "Feature", "geometry": {"type": "Polygon", "coordinates": [[[-76.89658, 2.26522], [-76.896388, 2.264105], [-76.896778, 2.263082], [-76.89751, 2.263099], [-76.897279, 2.26268], [-76.898162, 2.262134], [-76.899208, 2.262454], [-76.8989, 2.262794], [-76.899691, 2.263591], [-76.898863, 2.264573], [-76.897945, 2.265073], [-76.897268, 2.264792], [-76.89658, 2.26522]]]}, "properties": {"zu_cnmbre": "LA ALIANZA", "zu_narea": 75805.0657483, "zu_nano": 2025}},{"type": "Feature", "geometry": {"type": "Polygon", "coordinates": [[[-77.070926, 2.437683], [-77.07076, 2.437185], [-77.071203, 2.435553], [-77.0723, 2.435794], [-77.071614, 2.436417], [-77.071674, 2.437278], [-77.070926, 2.437683]]]}, "properties": {"zu_cnmbre": "LOS ANDES", "zu_narea": 18310.7586225, "zu_nano": 2025}},{"type": "Feature", "geometry": {"type": "Polygon", "coordinates": [[[-76.746932, 2.397605], [-76.746026, 2.397736], [-76.746605, 2.397353], [-76.746648, 2.396891], [-76.74624, 2.395941], [-76.746677, 2.39561], [-76.748939, 2.395871], [-76.749848, 2.3955], [-76.749665, 2.393714], [-76.749877, 2.393566], [-76.750195, 2.394152], [-76.750049, 2.394995], [-76.750418, 2.395349], [-76.749883, 2.396465], [-76.75025, 2.396731], [-76.749623, 2.397739], [-76.749255, 2.397328], [-76.749508, 2.39676], [-76.749099, 2.396599], [-76.748711, 2.396842], [-76.748532, 2.39649], [-76.747684, 2.396219], [-76.746902, 2.39644], [-76.746932, 2.397605]]]}, "properties": {"zu_cnmbre": "SAN JOAQUÍN", "zu_narea": 56781.9245419, "zu_nano": 2025}},{"type": "Feature", "geometry": {"type": "Polygon", "coordinates": [[[-76.786217, 2.589095], [-76.785814, 2.588949], [-76.785263, 2.587461], [-76.784744, 2.587182], [-76.785246, 2.587322], [-76.78571, 2.586411], [-76.785612, 2.585942], [-76.786278, 2.586527], [-76.786981, 2.585772], [-76.786071, 2.583331], [-76.786445, 2.581861], [-76.787272, 2.582801], [-76.786996, 2.583687], [-76.787427, 2.584001], [-76.787458, 2.58513], [-76.788257, 2.587315], [-76.786484, 2.587567], [-76.786217, 2.589095]]]}, "properties": {"zu_cnmbre": "SEGUENGUE", "zu_narea": 97781.8687078, "zu_nano": 2025}},{"type": "Feature", "geometry": {"type": "Polygon", "coordinates": [[[-76.913954, 2.490929], [-76.912416, 2.488511], [-76.910899, 2.487863], [-76.910674, 2.48746], [-76.911027, 2.486787], [-76.911585, 2.486899], [-76.912211, 2.487656], [-76.912458, 2.487501], [-76.912779, 2.488093], [-76.91366, 2.487479], [-76.913425, 2.488851], [-76.913972, 2.489493], [-76.916512, 2.489436], [-76.916525, 2.48977], [-76.916982, 2.489751], [-76.918683, 2.48894], [-76.92038, 2.488673], [-76.92022, 2.488025], [-76.922012, 2.487519], [-76.924251, 2.487477], [-76.924343, 2.487827], [-76.925018, 2.487981], [-76.9253, 2.488584], [-76.925945, 2.488536], [-76.92599, 2.48926], [-76.924095, 2.489441], [-76.922046, 2.488731], [-76.920648, 2.48966], [-76.918909, 2.490191], [-76.918629, 2.489616], [-76.917359, 2.490408], [-76.917206, 2.490167], [-76.914841, 2.49019], [-76.913954, 2.490929]]]}, "properties": {"zu_cnmbre": "FONDAS", "zu_narea": 203650.666784, "zu_nano": 2025}},{"type": "Feature", "geometry": {"type": "Polygon", "coordinates": [[[-76.976256, 2.415155], [-76.975956, 2.413716], [-76.976663, 2.413506], [-76.977209, 2.414289], [-76.976256, 2.415155]]]}, "properties": {"zu_cnmbre": "BUENA VISTA", "zu_narea": 15333.7752796, "zu_nano": 2025}},{"type": "Feature", "geometry": {"type": "Polygon", "coordinates": [[[-77.07353, 1.684341], [-77.072565, 1.683859], [-77.072408, 1.684191], [-77.071908, 1.68393], [-77.071984, 1.683528], [-77.071356, 1.683638], [-77.069911, 1.682819], [-77.070216, 1.682433], [-77.070815, 1.682487], [-77.070995, 1.680541], [-77.071878, 1.680593], [-77.071798, 1.68142], [-77.072404, 1.680971], [-77.072561, 1.681267], [-77.073493, 1.681247], [-77.073661, 1.681587], [-77.074653, 1.681912], [-77.074718, 1.683231], [-77.074262, 1.683236], [-77.074158, 1.684007], [-77.07353, 1.684341]]]}, "properties": {"zu_cnmbre": "FLORENCIA", "zu_narea": 128586.492109, "zu_nano": 2025}},{"type": "Feature", "geometry": {"type": "Polygon", "coordinates": [[[-77.060704, 1.719321], [-77.058285, 1.7197], [-77.058246, 1.719218], [-77.059183, 1.719117], [-77.059308, 1.718606], [-77.059105, 1.71821], [-77.058427, 1.718874], [-77.058149, 1.718584], [-77.058859, 1.717599], [-77.058827, 1.716828], [-77.060206, 1.718086], [-77.060286, 1.718761], [-77.061202, 1.719318], [-77.061064, 1.721051], [-77.060832, 1.72104], [-77.060704, 1.719321]]]}, "properties": {"zu_cnmbre": "MARSELLA", "zu_narea": 51124.6440176, "zu_nano": 2025}},{"type": "Feature", "geometry": {"type": "Polygon", "coordinates": [[[-76.394202, 3.138261], [-76.393997, 3.136676], [-76.393136, 3.136023], [-76.392851, 3.136926], [-76.391659, 3.136661], [-76.391428, 3.137001], [-76.391005, 3.136965], [-76.390852, 3.137504], [-76.389677, 3.137319], [-76.389452, 3.137894], [-76.389176, 3.137782], [-76.389329, 3.137319], [-76.388834, 3.137341], [-76.389118, 3.136615], [-76.388727, 3.136187], [-76.388733, 3.135378], [-76.387149, 3.134891], [-76.387457, 3.13381], [-76.387714, 3.13389], [-76.388324, 3.132922], [-76.388203, 3.132445], [-76.388534, 3.132089], [-76.387714, 3.131577], [-76.388662, 3.130502], [-76.388441, 3.130356], [-76.388784, 3.128755], [-76.389259, 3.128815], [-76.389518, 3.130212], [-76.392129, 3.131342], [-76.392837, 3.131239], [-76.392958, 3.130097], [-76.393365, 3.130466], [-76.393356, 3.131437], [-76.394516, 3.132113], [-76.39529, 3.133269], [-76.395646, 3.133347], [-76.396728, 3.132683], [-76.397027, 3.132823], [-76.396811, 3.133329], [-76.397952, 3.134417], [-76.39726, 3.134742], [-76.396772, 3.135857], [-76.396891, 3.137398], [-76.395787, 3.137249], [-76.395783, 3.137726], [-76.39532, 3.137745], [-76.395399, 3.138412], [-76.394202, 3.138261]]]}, "properties": {"zu_cnmbre": "GUACHENÉ", "zu_narea": 649180.368905, "zu_nano": 2025}},{"type": "Feature", "geometry": {"type": "MultiPolygon", "coordinates": [[[[-76.408948, 3.187515], [-76.409302, 3.187183], [-76.409125, 3.18692], [-76.40721, 3.186408], [-76.406795, 3.186034], [-76.406754, 3.185405], [-76.407139, 3.185392], [-76.407165, 3.185129], [-76.406792, 3.18494], [-76.407054, 3.184815], [-76.410181, 3.186408], [-76.40946, 3.187698], [-76.408948, 3.187515]]], [[[-76.408743, 3.188956], [-76.408003, 3.189181], [-76.408005, 3.188836], [-76.408773, 3.188824], [-76.409142, 3.188229], [-76.409492, 3.1887], [-76.409017, 3.189186], [-76.408743, 3.188956]]]]}, "properties": {"zu_cnmbre": "GUABAL", "zu_narea": 55096.9847851, "zu_nano": 2025}},{"type": "Feature", "geometry": {"type": "MultiPolygon", "coordinates": [[[[-76.382444, 3.169128], [-76.382382, 3.16704], [-76.381164, 3.166709], [-76.381368, 3.165957], [-76.381106, 3.165848], [-76.381757, 3.165385], [-76.381352, 3.164836], [-76.382233, 3.164351], [-76.382684, 3.165033], [-76.383864, 3.164905], [-76.384254, 3.164567], [-76.38404, 3.163908], [-76.384267, 3.163314], [-76.384795, 3.163148], [-76.384419, 3.16277], [-76.384469, 3.161944], [-76.383643, 3.161456], [-76.383322, 3.160634], [-76.384113, 3.159112], [-76.384759, 3.158947], [-76.384929, 3.157722], [-76.385157, 3.157741], [-76.385143, 3.156757], [-76.384163, 3.156448], [-76.384178, 3.156152], [-76.384723, 3.156349], [-76.384807, 3.15601], [-76.384181, 3.155488], [-76.385831, 3.155279], [-76.38623, 3.154521], [-76.386591, 3.154576], [-76.387283, 3.152953], [-76.387777, 3.152716], [-76.38803, 3.152879], [-76.387733, 3.153398], [-76.388125, 3.153434], [-76.38824, 3.153928], [-76.387676, 3.153878], [-76.38736, 3.154873], [-76.388243, 3.154817], [-76.388345, 3.156546], [-76.387272, 3.156185], [-76.387081, 3.156735], [-76.387744, 3.15684], [-76.387354, 3.157947], [-76.386451, 3.156965], [-76.38585, 3.157668], [-76.385268, 3.160977], [-76.385501, 3.162472], [-76.385142, 3.162802], [-76.384857, 3.164002], [-76.386529, 3.164321], [-76.386365, 3.164828], [-76.384915, 3.164504], [-76.383972, 3.16558], [-76.384307, 3.165789], [-76.383959, 3.166293], [-76.384751, 3.166383], [-76.384657, 3.167941], [-76.384545, 3.168394], [-76.383549, 3.167762], [-76.383184, 3.169728], [-76.382695, 3.169654], [-76.382759, 3.169159], [-76.382444, 3.169128]]], [[[-76.385938, 3.152482], [-76.384942, 3.152239], [-76.384876, 3.151929], [-76.38362, 3.152097], [-76.383518, 3.15183], [-76.384886, 3.151692], [-76.384623, 3.150293], [-76.384994, 3.150234], [-76.386037, 3.151741], [-76.386382, 3.151537], [-76.387113, 3.151844], [-76.386965, 3.152316], [-76.386161, 3.151928], [-76.385938, 3.152482]]]]}, "properties": {"zu_cnmbre": "LA CABAÑA", "zu_narea": 393100.514555, "zu_nano": 2025}},{"type": "Feature", "geometry": {"type": "Polygon", "coordinates": [[[-76.387598, 3.173549], [-76.388355, 3.172662], [-76.388389, 3.171991], [-76.388628, 3.172043], [-76.38911, 3.170884], [-76.388178, 3.170859], [-76.388195, 3.170573], [-76.388453, 3.170287], [-76.389279, 3.170397], [-76.39014, 3.168034], [-76.389684, 3.167958], [-76.389733, 3.167698], [-76.39017, 3.167672], [-76.389907, 3.167559], [-76.389945, 3.167082], [-76.390422, 3.166852], [-76.390609, 3.165322], [-76.388744, 3.164971], [-76.388791, 3.164386], [-76.390051, 3.164931], [-76.390003, 3.163673], [-76.390376, 3.163799], [-76.390442, 3.163434], [-76.391877, 3.163565], [-76.391813, 3.161482], [-76.392039, 3.161478], [-76.39214, 3.160707], [-76.392677, 3.16086], [-76.39253, 3.161802], [-76.392701, 3.162771], [-76.393053, 3.162763], [-76.393026, 3.163014], [-76.392719, 3.163023], [-76.392596, 3.163679], [-76.3922, 3.16396], [-76.392759, 3.164498], [-76.39128, 3.164177], [-76.391036, 3.165768], [-76.392535, 3.16626], [-76.391157, 3.166351], [-76.390899, 3.16754], [-76.391631, 3.167551], [-76.391741, 3.167974], [-76.391407, 3.168757], [-76.390594, 3.16849], [-76.390315, 3.168916], [-76.390346, 3.169566], [-76.389729, 3.170537], [-76.389945, 3.170822], [-76.389737, 3.170742], [-76.389052, 3.172126], [-76.389805, 3.172407], [-76.390033, 3.172145], [-76.39054, 3.172701], [-76.39039, 3.173044], [-76.388809, 3.172851], [-76.388031, 3.17451], [-76.387615, 3.174281], [-76.38784, 3.173856], [-76.387598, 3.173549]]]}, "properties": {"zu_cnmbre": "LA CABAÑITA", "zu_narea": 174378.4746, "zu_nano": 2025}},{"type": "Feature", "geometry": {"type": "Polygon", "coordinates": [[[-76.387685, 3.142716], [-76.386987, 3.143054], [-76.386921, 3.142742], [-76.38748, 3.142319], [-76.387275, 3.141329], [-76.38765, 3.140686], [-76.387343, 3.140499], [-76.38646, 3.14055], [-76.3853, 3.141328], [-76.385161, 3.141029], [-76.383699, 3.141219], [-76.383267, 3.140869], [-76.383638, 3.140235], [-76.384906, 3.14059], [-76.386332, 3.139649], [-76.387099, 3.139655], [-76.388148, 3.140356], [-76.388845, 3.13888], [-76.387748, 3.138613], [-76.388038, 3.138148], [-76.387654, 3.137078], [-76.389329, 3.137319], [-76.389176, 3.137782], [-76.389452, 3.137894], [-76.389677, 3.137319], [-76.389973, 3.137416], [-76.390032, 3.138285], [-76.389498, 3.138692], [-76.38941, 3.139134], [-76.389644, 3.139212], [-76.38917, 3.140955], [-76.388272, 3.140718], [-76.387709, 3.141452], [-76.38804, 3.141582], [-76.388182, 3.14227], [-76.387849, 3.142386], [-76.388222, 3.143216], [-76.387902, 3.143309], [-76.387685, 3.142716]]]}, "properties": {"zu_cnmbre": "SAN JOSÉ", "zu_narea": 123448.709029, "zu_nano": 2025}},{"type": "Feature", "geometry": {"type": "Polygon", "coordinates": [[[-76.373617, 3.159093], [-76.373624, 3.158821], [-76.374842, 3.158209], [-76.374485, 3.156338], [-76.374863, 3.156337], [-76.374461, 3.155847], [-76.374661, 3.155353], [-76.374357, 3.154774], [-76.373591, 3.155187], [-76.373444, 3.154853], [-76.374219, 3.154499], [-76.373453, 3.153308], [-76.374367, 3.153056], [-76.373737, 3.152082], [-76.373206, 3.152559], [-76.372643, 3.152463], [-76.372521, 3.15221], [-76.372861, 3.152047], [-76.372529, 3.151396], [-76.37208, 3.151638], [-76.371658, 3.15094], [-76.371115, 3.151177], [-76.37137, 3.152013], [-76.37097, 3.152171], [-76.371137, 3.152825], [-76.371449, 3.152719], [-76.372058, 3.15406], [-76.371726, 3.154206], [-76.371946, 3.155302], [-76.371704, 3.155384], [-76.368772, 3.144275], [-76.369241, 3.144115], [-76.369465, 3.145775], [-76.369767, 3.146186], [-76.370588, 3.145822], [-76.370684, 3.146099], [-76.369854, 3.14637], [-76.370167, 3.147643], [-76.370553, 3.14753], [-76.370647, 3.147808], [-76.372168, 3.147365], [-76.372278, 3.147563], [-76.371307, 3.148028], [-76.372132, 3.149161], [-76.372735, 3.148884], [-76.373015, 3.149738], [-76.373921, 3.150518], [-76.374062, 3.151014], [-76.373726, 3.151141], [-76.37394, 3.151825], [-76.374259, 3.152157], [-76.375989, 3.151374], [-76.376303, 3.151998], [-76.374698, 3.152464], [-76.374786, 3.153798], [-76.374302, 3.153979], [-76.374767, 3.155105], [-76.375072, 3.155017], [-76.375457, 3.155486], [-76.375152, 3.155627], [-76.37548, 3.156365], [-76.375429, 3.157489], [-76.375136, 3.157546], [-76.37511, 3.158296], [-76.373617, 3.159093]]]}, "properties": {"zu_cnmbre": "LLANO DE TAULA BAJO", "zu_narea": 242850.348357, "zu_nano": 2025}},{"type": "Feature", "geometry": {"type": "Polygon", "coordinates": [[[-76.376799, 3.192667], [-76.376439, 3.192346], [-76.377295, 3.190844], [-76.376957, 3.190459], [-76.377211, 3.190014], [-76.378054, 3.190721], [-76.378708, 3.190454], [-76.378878, 3.190679], [-76.380007, 3.190101], [-76.380028, 3.189624], [-76.380353, 3.189642], [-76.380535, 3.187884], [-76.380209, 3.187829], [-76.379813, 3.186425], [-76.380439, 3.18567], [-76.379969, 3.185074], [-76.380354, 3.185167], [-76.380597, 3.18484], [-76.380837, 3.181783], [-76.381775, 3.181831], [-76.381712, 3.182315], [-76.381081, 3.182516], [-76.380964, 3.183639], [-76.382401, 3.183841], [-76.382194, 3.185727], [-76.382818, 3.185831], [-76.382779, 3.186124], [-76.382147, 3.186033], [-76.382373, 3.186384], [-76.381967, 3.188016], [-76.382548, 3.188204], [-76.380825, 3.188327], [-76.380723, 3.18952], [-76.382041, 3.190054], [-76.381976, 3.191149], [-76.380519, 3.191331], [-76.380485, 3.19167], [-76.380173, 3.191672], [-76.380212, 3.191192], [-76.378922, 3.191849], [-76.378964, 3.190996], [-76.378354, 3.191708], [-76.377816, 3.191323], [-76.377067, 3.192107], [-76.377353, 3.192421], [-76.376799, 3.192667]]]}, "properties": {"zu_cnmbre": "OBANDO", "zu_narea": 211458.352268, "zu_nano": 2025}},{"type": "Feature", "geometry": {"type": "Polygon", "coordinates": [[[-76.382799, 3.181792], [-76.383315, 3.180703], [-76.382493, 3.180296], [-76.382718, 3.179531], [-76.381428, 3.179182], [-76.381581, 3.178213], [-76.381188, 3.177952], [-76.381665, 3.176945], [-76.382075, 3.177015], [-76.382315, 3.175984], [-76.382635, 3.17604], [-76.382763, 3.175476], [-76.382679, 3.174086], [-76.382303, 3.174122], [-76.381628, 3.173191], [-76.381921, 3.172923], [-76.381854, 3.172233], [-76.382502, 3.171785], [-76.383562, 3.172112], [-76.383056, 3.174096], [-76.383168, 3.176088], [-76.383534, 3.176187], [-76.382941, 3.177603], [-76.382311, 3.178167], [-76.382989, 3.178627], [-76.382857, 3.17913], [-76.384679, 3.179604], [-76.384178, 3.180254], [-76.383892, 3.180165], [-76.383049, 3.181932], [-76.382799, 3.181792]]]}, "properties": {"zu_cnmbre": "OBANDO SECTOR LA ESPERANZA", "zu_narea": 130474.579125, "zu_nano": 2025}},{"type": "Feature", "geometry": {"type": "Polygon", "coordinates": [[[-76.389703, 3.151119], [-76.389117, 3.151297], [-76.388797, 3.150892], [-76.389019, 3.150754], [-76.388693, 3.149078], [-76.389266, 3.148966], [-76.388765, 3.147455], [-76.389138, 3.147465], [-76.389358, 3.146401], [-76.388629, 3.146655], [-76.388457, 3.146295], [-76.389145, 3.145808], [-76.389766, 3.145932], [-76.389513, 3.146829], [-76.389841, 3.146928], [-76.389694, 3.14762], [-76.389984, 3.147909], [-76.389858, 3.150802], [-76.39049, 3.1508], [-76.390315, 3.151086], [-76.391039, 3.15139], [-76.390961, 3.151618], [-76.389703, 3.151119]]]}, "properties": {"zu_cnmbre": "SAN ANTONIO", "zu_narea": 61009.1658722, "zu_nano": 2025}},{"type": "Feature", "geometry": {"type": "Polygon", "coordinates": [[[-77.750561, 2.407722], [-77.749699, 2.407519], [-77.749354, 2.406996], [-77.750458, 2.406117], [-77.751736, 2.406356], [-77.751859, 2.406633], [-77.750993, 2.407519], [-77.750561, 2.407722]]]}, "properties": {"zu_cnmbre": "URIBE URIBE (EL NARANJO)", "zu_narea": 30454.0633528, "zu_nano": 2025}},{"type": "Feature", "geometry": {"type": "Polygon", "coordinates": [[[-77.885822, 2.580682], [-77.880042, 2.571642], [-77.877475, 2.566147], [-77.875499, 2.563708], [-77.877018, 2.562204], [-77.877339, 2.562519], [-77.877156, 2.562742], [-77.878976, 2.564439], [-77.880768, 2.563771], [-77.880809, 2.564033], [-77.882082, 2.564588], [-77.882242, 2.564995], [-77.881856, 2.565851], [-77.88247, 2.567274], [-77.883183, 2.566735], [-77.884262, 2.567189], [-77.884448, 2.566877], [-77.884187, 2.56613], [-77.884779, 2.565674], [-77.88444, 2.565373], [-77.884323, 2.564557], [-77.886101, 2.564318], [-77.886052, 2.56459], [-77.887589, 2.56524], [-77.888315, 2.566607], [-77.888619, 2.56651], [-77.88838, 2.56593], [-77.888955, 2.565868], [-77.88927, 2.566462], [-77.890192, 2.566807], [-77.889778, 2.567779], [-77.890332, 2.568902], [-77.890837, 2.569141], [-77.891407, 2.568236], [-77.892801, 2.569514], [-77.893958, 2.568926], [-77.894889, 2.56918], [-77.89572, 2.567594], [-77.896705, 2.568448], [-77.897839, 2.568373], [-77.899165, 2.564317], [-77.899697, 2.564028], [-77.900568, 2.564314], [-77.895887, 2.57844], [-77.894707, 2.578022], [-77.895249, 2.576308], [-77.894532, 2.575878], [-77.893557, 2.576557], [-77.891727, 2.575293], [-77.891402, 2.576306], [-77.891088, 2.575996], [-77.890453, 2.576462], [-77.88948, 2.578788], [-77.889039, 2.579041], [-77.88918, 2.579306], [-77.885822, 2.580682]]]}, "properties": {"zu_cnmbre": "GUAPI", "zu_narea": 2536387.51151, "zu_nano": 2025}},{"type": "Feature", "geometry": {"type": "Polygon", "coordinates": [[[-77.757549, 2.322963], [-77.756999, 2.322443], [-77.75696, 2.321369], [-77.7576, 2.320762], [-77.757891, 2.321009], [-77.75823, 2.320709], [-77.758801, 2.320768], [-77.757549, 2.322963]]]}, "properties": {"zu_cnmbre": "BENJAMÍN HERRERA (SAN VICENTE)", "zu_narea": 29520.448369, "zu_nano": 2025}},{"type": "Feature", "geometry": {"type": "Polygon", "coordinates": [[[-77.61194, 2.516982], [-77.610835, 2.516456], [-77.61124, 2.515858], [-77.611038, 2.515634], [-77.611317, 2.514811], [-77.612286, 2.514427], [-77.612408, 2.514893], [-77.613286, 2.514675], [-77.614019, 2.515053], [-77.613731, 2.515368], [-77.613849, 2.515848], [-77.61303, 2.515879], [-77.613206, 2.516233], [-77.612847, 2.516443], [-77.6123, 2.516236], [-77.61194, 2.516982]]]}, "properties": {"zu_cnmbre": "CALLELARGA", "zu_narea": 54992.1024798, "zu_nano": 2025}},{"type": "Feature", "geometry": {"type": "Polygon", "coordinates": [[[-77.758388, 2.636525], [-77.759394, 2.635983], [-77.759245, 2.635693], [-77.759661, 2.635784], [-77.759643, 2.635178], [-77.760088, 2.635879], [-77.760662, 2.635632], [-77.760581, 2.634572], [-77.761179, 2.634878], [-77.760782, 2.635913], [-77.761137, 2.636317], [-77.760155, 2.637368], [-77.760618, 2.638229], [-77.759956, 2.638697], [-77.758388, 2.636525]]]}, "properties": {"zu_cnmbre": "EL CARMELO", "zu_narea": 61534.1943444, "zu_nano": 2025}},{"type": "Feature", "geometry": {"type": "Polygon", "coordinates": [[[-77.801883, 2.616586], [-77.801217, 2.612487], [-77.799071, 2.6116], [-77.798503, 2.611065], [-77.798466, 2.610329], [-77.797143, 2.610065], [-77.796812, 2.610332], [-77.796551, 2.609931], [-77.795373, 2.609868], [-77.795481, 2.608315], [-77.800251, 2.609552], [-77.802669, 2.611085], [-77.803249, 2.612446], [-77.803482, 2.617194], [-77.801883, 2.616586]]]}, "properties": {"zu_cnmbre": "LIMONES", "zu_narea": 282489.476278, "zu_nano": 2025}},{"type": "Feature", "geometry": {"type": "Polygon", "coordinates": [[[-77.773515, 2.359708], [-77.77341, 2.358614], [-77.774365, 2.358572], [-77.774387, 2.359001], [-77.775138, 2.359241], [-77.7749, 2.359795], [-77.774405, 2.359601], [-77.773975, 2.360104], [-77.773515, 2.359708]]]}, "properties": {"zu_cnmbre": "EL ROSARIO", "zu_narea": 20473.4296252, "zu_nano": 2025}},{"type": "Feature", "geometry": {"type": "Polygon", "coordinates": [[[-77.690526, 2.576209], [-77.689607, 2.573432], [-77.689612, 2.571056], [-77.690419, 2.571089], [-77.689956, 2.571808], [-77.690443, 2.571715], [-77.690258, 2.571913], [-77.690917, 2.573257], [-77.691379, 2.573253], [-77.691404, 2.572674], [-77.691999, 2.572577], [-77.692061, 2.572958], [-77.692962, 2.573259], [-77.692962, 2.573532], [-77.692098, 2.573589], [-77.692132, 2.574094], [-77.691053, 2.574104], [-77.691228, 2.574656], [-77.690793, 2.574751], [-77.690928, 2.576016], [-77.690526, 2.576209]]]}, "properties": {"zu_cnmbre": "SAN ANTONIO DE GUAJUÍ", "zu_narea": 85269.5159927, "zu_nano": 2025}},{"type": "Feature", "geometry": {"type": "Polygon", "coordinates": [[[-77.826197, 2.616264], [-77.821586, 2.614731], [-77.820824, 2.615131], [-77.82081, 2.614541], [-77.81943, 2.614184], [-77.819279, 2.61453], [-77.819007, 2.613964], [-77.815653, 2.613844], [-77.815751, 2.612334], [-77.816263, 2.612399], [-77.816131, 2.610943], [-77.818526, 2.610302], [-77.818852, 2.610608], [-77.820035, 2.610665], [-77.820838, 2.610146], [-77.821515, 2.611003], [-77.822225, 2.610735], [-77.823066, 2.61145], [-77.826702, 2.611935], [-77.827492, 2.611479], [-77.830217, 2.612507], [-77.830275, 2.613814], [-77.829193, 2.614201], [-77.829244, 2.615546], [-77.828667, 2.616597], [-77.826197, 2.616264]]]}, "properties": {"zu_cnmbre": "QUIROGA", "zu_narea": 672096.547283, "zu_nano": 2025}},{"type": "Feature", "geometry": {"type": "Polygon", "coordinates": [[[-77.648754, 2.495553], [-77.649442, 2.495324], [-77.649912, 2.4943], [-77.650172, 2.494697], [-77.650278, 2.494382], [-77.651768, 2.494888], [-77.651123, 2.49561], [-77.650424, 2.495421], [-77.649905, 2.495673], [-77.649708, 2.496305], [-77.648513, 2.496472], [-77.648754, 2.495553]]]}, "properties": {"zu_cnmbre": "CHUARE", "zu_narea": 36600.6276713, "zu_nano": 2025}},{"type": "Feature", "geometry": {"type": "Polygon", "coordinates": [[[-77.667227, 2.486232], [-77.666297, 2.485958], [-77.666558, 2.48548], [-77.668062, 2.485516], [-77.668054, 2.485807], [-77.667227, 2.486232]]]}, "properties": {"zu_cnmbre": "SANTA ANA", "zu_narea": 11918.3938977, "zu_nano": 2025}},{"type": "Feature", "geometry": {"type": "Polygon", "coordinates": [[[-76.047489, 2.584745], [-76.048131, 2.584367], [-76.047262, 2.584043], [-76.047357, 2.583791], [-76.046374, 2.583532], [-76.04579, 2.583681], [-76.045708, 2.584723], [-76.045047, 2.584792], [-76.045018, 2.58391], [-76.044124, 2.583324], [-76.043662, 2.583505], [-76.043948, 2.583242], [-76.043588, 2.582906], [-76.043917, 2.582646], [-76.043715, 2.582267], [-76.043425, 2.582343], [-76.043212, 2.581434], [-76.045925, 2.581628], [-76.047626, 2.580976], [-76.048437, 2.581264], [-76.04797, 2.581635], [-76.048157, 2.582203], [-76.049221, 2.581876], [-76.049831, 2.583147], [-76.04948, 2.583468], [-76.048975, 2.582392], [-76.048279, 2.582585], [-76.04815, 2.583331], [-76.047636, 2.583831], [-76.048915, 2.584041], [-76.048184, 2.58437], [-76.048821, 2.584715], [-76.048119, 2.585435], [-76.047489, 2.584745]]]}, "properties": {"zu_cnmbre": "SAN ANDRÉS", "zu_narea": 166845.386111, "zu_nano": 2025}},{"type": "Feature", "geometry": {"type": "Polygon", "coordinates": [[[-76.321287, 2.781041], [-76.320568, 2.780908], [-76.319412, 2.779782], [-76.319294, 2.779364], [-76.319904, 2.77853], [-76.319807, 2.777872], [-76.321017, 2.777156], [-76.321228, 2.776238], [-76.321647, 2.776158], [-76.322207, 2.776699], [-76.322268, 2.777411], [-76.322853, 2.777586], [-76.3241, 2.774765], [-76.324689, 2.77514], [-76.325427, 2.77389], [-76.326158, 2.773469], [-76.326006, 2.772162], [-76.326589, 2.77215], [-76.32746, 2.773677], [-76.32727, 2.774295], [-76.328295, 2.775941], [-76.32817, 2.776898], [-76.326556, 2.777086], [-76.32636, 2.778056], [-76.326075, 2.777855], [-76.32565, 2.778613], [-76.324975, 2.778981], [-76.324461, 2.780845], [-76.324779, 2.781127], [-76.32379, 2.782581], [-76.321287, 2.781041]]]}, "properties": {"zu_cnmbre": "JAMBALÓ", "zu_narea": 477022.647597, "zu_nano": 2025}},{"type": "Feature", "geometry": {"type": "Polygon", "coordinates": [[[-76.757833, 2.181561], [-76.759252, 2.18124], [-76.758846, 2.180218], [-76.759155, 2.18007], [-76.759297, 2.179375], [-76.758821, 2.178851], [-76.759596, 2.177651], [-76.760513, 2.178162], [-76.760504, 2.178517], [-76.761239, 2.1791], [-76.762439, 2.178702], [-76.761639, 2.176976], [-76.761801, 2.176186], [-76.76277, 2.174975], [-76.762991, 2.175368], [-76.763398, 2.175336], [-76.763495, 2.174569], [-76.763931, 2.174492], [-76.764194, 2.173574], [-76.763999, 2.173412], [-76.764916, 2.172888], [-76.765005, 2.173691], [-76.76581, 2.174705], [-76.765449, 2.176303], [-76.76612, 2.177418], [-76.767348, 2.178217], [-76.76727, 2.178719], [-76.766445, 2.17922], [-76.766427, 2.179662], [-76.76721, 2.180732], [-76.767396, 2.182621], [-76.766319, 2.182575], [-76.766509, 2.183549], [-76.765881, 2.184613], [-76.764672, 2.1841], [-76.765071, 2.18333], [-76.764804, 2.182151], [-76.764035, 2.180916], [-76.762949, 2.180114], [-76.762692, 2.180464], [-76.761994, 2.180525], [-76.761241, 2.18279], [-76.7607, 2.18335], [-76.760768, 2.184885], [-76.760195, 2.184566], [-76.758922, 2.182622], [-76.757833, 2.181561]]]}, "properties": {"zu_cnmbre": "LA SIERRA", "zu_narea": 609077.424599, "zu_nano": 2025}},{"type": "Feature", "geometry": {"type": "Polygon", "coordinates": [[[-76.847336, 2.189596], [-76.846048, 2.18971], [-76.846195, 2.188773], [-76.84659, 2.188821], [-76.846711, 2.189332], [-76.847301, 2.188869], [-76.847641, 2.189053], [-76.848414, 2.188758], [-76.848225, 2.188414], [-76.848541, 2.188698], [-76.848852, 2.188537], [-76.849407, 2.189109], [-76.850431, 2.188996], [-76.850394, 2.188636], [-76.85088, 2.188636], [-76.850917, 2.188984], [-76.84984, 2.189107], [-76.84985, 2.189417], [-76.849242, 2.189151], [-76.847639, 2.189437], [-76.847385, 2.189827], [-76.847336, 2.189596]]]}, "properties": {"zu_cnmbre": "LA DEPRESIÓN", "zu_narea": 29395.2681206, "zu_nano": 2025}},{"type": "Feature", "geometry": {"type": "Polygon", "coordinates": [[[-76.781247, 2.007483], [-76.781463, 2.006962], [-76.780765, 2.007059], [-76.780026, 2.006643], [-76.780795, 2.006184], [-76.779471, 2.004813], [-76.779513, 2.003526], [-76.779004, 2.00281], [-76.778377, 2.002698], [-76.778054, 2.001818], [-76.777811, 2.002117], [-76.776502, 2.00171], [-76.77582, 2.002319], [-76.774303, 2.002314], [-76.774429, 2.001856], [-76.775316, 2.001657], [-76.774992, 2.000066], [-76.774058, 1.998314], [-76.774418, 1.997484], [-76.77401, 1.997341], [-76.773928, 1.996311], [-76.773507, 1.995839], [-76.774055, 1.995907], [-76.774082, 1.995467], [-76.774729, 1.995779], [-76.774547, 1.996325], [-76.775339, 1.996053], [-76.775629, 1.996245], [-76.775559, 1.996907], [-76.776344, 1.997179], [-76.776756, 1.998001], [-76.776551, 1.998353], [-76.777218, 1.998801], [-76.777356, 1.9994], [-76.779178, 1.999345], [-76.780261, 1.999738], [-76.780418, 2.000205], [-76.780027, 2.001364], [-76.780712, 2.001249], [-76.781639, 2.001935], [-76.78138, 2.002396], [-76.782408, 2.002999], [-76.782166, 2.003539], [-76.782536, 2.00409], [-76.783172, 2.004208], [-76.783732, 2.004754], [-76.784432, 2.00459], [-76.784167, 2.006156], [-76.783782, 2.005813], [-76.781678, 2.007751], [-76.781247, 2.007483]]]}, "properties": {"zu_cnmbre": "LA VEGA", "zu_narea": 492163.191883, "zu_nano": 2025}},{"type": "Feature", "geometry": {"type": "MultiPolygon", "coordinates": [[[[-76.674124, 2.032508], [-76.672744, 2.031751], [-76.67285, 2.03214], [-76.672528, 2.03189], [-76.672828, 2.031538], [-76.671763, 2.030553], [-76.671704, 2.029652], [-76.671327, 2.029146], [-76.671494, 2.028743], [-76.671574, 2.029236], [-76.671919, 2.029352], [-76.672565, 2.028831], [-76.672479, 2.029259], [-76.673087, 2.029446], [-76.673832, 2.029216], [-76.673434, 2.027926], [-76.672968, 2.028274], [-76.67301, 2.028691], [-76.67215, 2.028247], [-76.672622, 2.028226], [-76.672361, 2.027253], [-76.673084, 2.027051], [-76.673475, 2.027398], [-76.67375, 2.026824], [-76.674182, 2.026999], [-76.674344, 2.026102], [-76.674509, 2.027409], [-76.67386, 2.027799], [-76.674202, 2.028364], [-76.674098, 2.029444], [-76.67435, 2.02945], [-76.674075, 2.029918], [-76.67444, 2.030445], [-76.673984, 2.030738], [-76.67405, 2.031365], [-76.674354, 2.031671], [-76.674628, 2.031143], [-76.674401, 2.030771], [-76.675217, 2.030499], [-76.675328, 2.031434], [-76.674874, 2.031418], [-76.675396, 2.031957], [-76.674394, 2.03188], [-76.673575, 2.031074], [-76.673226, 2.031084], [-76.673027, 2.031259], [-76.674124, 2.032508]]], [[[-76.672202, 2.026759], [-76.672815, 2.026253], [-76.672792, 2.025684], [-76.673338, 2.025366], [-76.673267, 2.02648], [-76.672202, 2.026759]]], [[[-76.676064, 2.033068], [-76.676023, 2.03265], [-76.676181, 2.033033], [-76.676064, 2.033068]]], [[[-76.676063, 2.035155], [-76.676009, 2.034381], [-76.676366, 2.034095], [-76.676461, 2.035101], [-76.676063, 2.035155]]]]}, "properties": {"zu_cnmbre": "GUACHICONO", "zu_narea": 127316.410214, "zu_nano": 2025}},{"type": "Feature", "geometry": {"type": "Polygon", "coordinates": [[[-76.883776, 2.106571], [-76.882966, 2.105274], [-76.882124, 2.105222], [-76.883089, 2.105019], [-76.882814, 2.104052], [-76.88319, 2.103572], [-76.883063, 2.103076], [-76.883871, 2.103003], [-76.884354, 2.102389], [-76.884059, 2.103021], [-76.884316, 2.103453], [-76.883727, 2.103891], [-76.88361, 2.106134], [-76.884406, 2.105927], [-76.884427, 2.106529], [-76.883776, 2.106571]]]}, "properties": {"zu_cnmbre": "LOS UVOS", "zu_narea": 36992.061334, "zu_nano": 2025}},{"type": "Feature", "geometry": {"type": "Polygon", "coordinates": [[[-76.760459, 1.981637], [-76.759041, 1.981491], [-76.758579, 1.980768], [-76.759101, 1.979611], [-76.758868, 1.979286], [-76.759518, 1.97846], [-76.759292, 1.978097], [-76.76002, 1.978256], [-76.760804, 1.977745], [-76.76095, 1.978418], [-76.761437, 1.978528], [-76.76192, 1.97944], [-76.761562, 1.979819], [-76.76185, 1.980082], [-76.761862, 1.980888], [-76.761208, 1.98081], [-76.760896, 1.981395], [-76.761789, 1.982048], [-76.761218, 1.982626], [-76.760904, 1.982114], [-76.760495, 1.982056], [-76.760459, 1.981637]]]}, "properties": {"zu_cnmbre": "PANCITARÁ", "zu_narea": 115968.63601, "zu_nano": 2025}},{"type": "Feature", "geometry": {"type": "Polygon", "coordinates": [[[-76.806373, 2.131263], [-76.805046, 2.129611], [-76.805523, 2.129367], [-76.805436, 2.12909], [-76.805797, 2.129488], [-76.805988, 2.129132], [-76.806373, 2.131263]]]}, "properties": {"zu_cnmbre": "SANTA JUANA", "zu_narea": 13669.304989, "zu_nano": 2025}},{"type": "Feature", "geometry": {"type": "Polygon", "coordinates": [[[-76.848575, 2.071583], [-76.847984, 2.070095], [-76.847437, 2.069924], [-76.847011, 2.0713], [-76.847185, 2.071509], [-76.846672, 2.071459], [-76.846973, 2.06965], [-76.848038, 2.068626], [-76.847513, 2.069349], [-76.847652, 2.069684], [-76.848799, 2.069335], [-76.849018, 2.070129], [-76.849503, 2.070334], [-76.848893, 2.070908], [-76.849111, 2.071254], [-76.848928, 2.071637], [-76.848575, 2.071583]]]}, "properties": {"zu_cnmbre": "SANTA RITA", "zu_narea": 35442.1593721, "zu_nano": 2025}},{"type": "Feature", "geometry": {"type": "Polygon", "coordinates": [[[-77.451044, 3.239724], [-77.451603, 3.238456], [-77.451812, 3.239061], [-77.452177, 3.238891], [-77.452558, 3.237847], [-77.45352, 3.23739], [-77.453625, 3.236903], [-77.454472, 3.236309], [-77.454507, 3.237074], [-77.454072, 3.238019], [-77.452733, 3.239354], [-77.452754, 3.239662], [-77.452524, 3.239583], [-77.452676, 3.239882], [-77.451154, 3.241678], [-77.450904, 3.241459], [-77.451337, 3.241003], [-77.451387, 3.240224], [-77.451044, 3.239724]]]}, "properties": {"zu_cnmbre": "BETANIA", "zu_narea": 69379.4331723, "zu_nano": 2025}},{"type": "Feature", "geometry": {"type": "Polygon", "coordinates": [[[-77.254103, 2.821282], [-77.253113, 2.820867], [-77.251394, 2.818786], [-77.252472, 2.819611], [-77.253032, 2.819202], [-77.254978, 2.820549], [-77.254597, 2.821775], [-77.254064, 2.821591], [-77.254103, 2.821282]]]}, "properties": {"zu_cnmbre": "SAN ANTONIO DE GURUMENDY", "zu_narea": 44576.9979572, "zu_nano": 2025}},{"type": "Feature", "geometry": {"type": "Polygon", "coordinates": [[[-77.177818, 2.841871], [-77.177381, 2.842018], [-77.177254, 2.842543], [-77.176964, 2.842071], [-77.177796, 2.841781], [-77.178176, 2.840881], [-77.178463, 2.840986], [-77.179059, 2.840428], [-77.179707, 2.841221], [-77.178726, 2.842597], [-77.177818, 2.841871]]]}, "properties": {"zu_cnmbre": "SANTA CRUZ DE SIGUI", "zu_narea": 31812.7258467, "zu_nano": 2025}},{"type": "Feature", "geometry": {"type": "Polygon", "coordinates": [[[-77.080798, 1.777043], [-77.079264, 1.776809], [-77.079331, 1.776272], [-77.078051, 1.776186], [-77.07789, 1.776685], [-77.077608, 1.776585], [-77.077763, 1.775346], [-77.077397, 1.774023], [-77.075781, 1.77331], [-77.074825, 1.773135], [-77.074108, 1.773397], [-77.073873, 1.77315], [-77.074995, 1.772902], [-77.076695, 1.773148], [-77.077232, 1.77352], [-77.07755, 1.773106], [-77.078526, 1.772978], [-77.079269, 1.773651], [-77.080488, 1.773671], [-77.080214, 1.774227], [-77.081493, 1.77508], [-77.080992, 1.776164], [-77.081548, 1.776916], [-77.080875, 1.777444], [-77.080798, 1.777043]]]}, "properties": {"zu_cnmbre": "SAN JOAQUÍN", "zu_narea": 154589.386029, "zu_nano": 2025}},{"type": "Feature", "geometry": {"type": "Polygon", "coordinates": [[[-76.299532, 3.284853], [-76.299353, 3.284602], [-76.299684, 3.283701], [-76.299178, 3.283559], [-76.298711, 3.282572], [-76.299401, 3.282518], [-76.299602, 3.28156], [-76.300837, 3.282039], [-76.30027, 3.284126], [-76.300956, 3.283968], [-76.299938, 3.284685], [-76.299739, 3.286039], [-76.299163, 3.285884], [-76.299532, 3.284853]]]}, "properties": {"zu_cnmbre": "LA LINDOSA", "zu_narea": 52156.2976274, "zu_nano": 2025}},{"type": "Feature", "geometry": {"type": "Polygon", "coordinates": [[[-76.606371, 2.794457], [-76.606085, 2.79281], [-76.607508, 2.792732], [-76.607666, 2.792373], [-76.607611, 2.791918], [-76.606703, 2.791938], [-76.606661, 2.791361], [-76.606826, 2.790773], [-76.607466, 2.790287], [-76.607672, 2.788924], [-76.608296, 2.788022], [-76.608402, 2.785549], [-76.609295, 2.784303], [-76.609901, 2.7825], [-76.611142, 2.781034], [-76.611547, 2.781049], [-76.611677, 2.781801], [-76.610424, 2.782561], [-76.609725, 2.784579], [-76.608943, 2.785593], [-76.608829, 2.788115], [-76.608197, 2.789151], [-76.607915, 2.791878], [-76.609354, 2.791314], [-76.609576, 2.792158], [-76.608707, 2.792265], [-76.608602, 2.791849], [-76.607648, 2.79193], [-76.60815, 2.79424], [-76.607743, 2.794293], [-76.607632, 2.793474], [-76.606817, 2.793533], [-76.60697, 2.794338], [-76.606371, 2.794457]]]}, "properties": {"zu_cnmbre": "CARPINTERO", "zu_narea": 131016.561988, "zu_nano": 2025}},{"type": "Feature", "geometry": {"type": "Polygon", "coordinates": [[[-77.16848, 1.807356], [-77.167262, 1.80722], [-77.166876, 1.806227], [-77.166007, 1.806215], [-77.165978, 1.805911], [-77.166662, 1.805846], [-77.166977, 1.804855], [-77.166073, 1.804897], [-77.165525, 1.804558], [-77.166114, 1.803544], [-77.164514, 1.802319], [-77.163982, 1.801161], [-77.164178, 1.8007], [-77.163571, 1.800133], [-77.163571, 1.800952], [-77.163015, 1.800934], [-77.16265, 1.801359], [-77.16204, 1.801284], [-77.162903, 1.803688], [-77.16244, 1.803857], [-77.161974, 1.802973], [-77.158786, 1.803419], [-77.15821, 1.803167], [-77.158744, 1.802734], [-77.157494, 1.802704], [-77.157917, 1.799685], [-77.159282, 1.798617], [-77.159568, 1.797744], [-77.159594, 1.797448], [-77.158416, 1.796961], [-77.158878, 1.795968], [-77.159626, 1.796031], [-77.158941, 1.793509], [-77.161223, 1.791693], [-77.160749, 1.790846], [-77.161544, 1.790654], [-77.161554, 1.78983], [-77.162334, 1.78935], [-77.161995, 1.788367], [-77.161391, 1.788317], [-77.160934, 1.786635], [-77.16152, 1.786065], [-77.162793, 1.785974], [-77.162939, 1.785263], [-77.163782, 1.784511], [-77.163758, 1.783677], [-77.16319, 1.783754], [-77.163168, 1.783506], [-77.164062, 1.783433], [-77.164274, 1.779596], [-77.164502, 1.779608], [-77.164409, 1.777948], [-77.164085, 1.777027], [-77.163803, 1.776994], [-77.164111, 1.77671], [-77.163239, 1.777236], [-77.161839, 1.77724], [-77.161397, 1.776188], [-77.162111, 1.775088], [-77.161815, 1.774642], [-77.162659, 1.774344], [-77.162189, 1.77294], [-77.161482, 1.772869], [-77.161547, 1.772471], [-77.160946, 1.772399], [-77.161053, 1.771709], [-77.161931, 1.771409], [-77.161667, 1.77068], [-77.161977, 1.770559], [-77.161236, 1.770017], [-77.161156, 1.769769], [-77.161543, 1.769649], [-77.161294, 1.768834], [-77.159672, 1.769107], [-77.159439, 1.767908], [-77.161087, 1.766832], [-77.161203, 1.767373], [-77.162888, 1.768414], [-77.163438, 1.768491], [-77.163243, 1.768032], [-77.163856, 1.767985], [-77.164047, 1.768327], [-77.16468, 1.76838], [-77.164794, 1.767828], [-77.165717, 1.768194], [-77.165446, 1.769303], [-77.165936, 1.769964], [-77.167211, 1.770592], [-77.168269, 1.772682], [-77.167592, 1.774916], [-77.168295, 1.776833], [-77.1687, 1.777204], [-77.168246, 1.778639], [-77.166925, 1.779056], [-77.16695, 1.780598], [-77.167159, 1.780511], [-77.167273, 1.780939], [-77.16576, 1.781754], [-77.16539, 1.783924], [-77.165012, 1.784256], [-77.165231, 1.784557], [-77.16767, 1.783976], [-77.167121, 1.786316], [-77.167102, 1.788381], [-77.164166, 1.788386], [-77.164164, 1.788833], [-77.164533, 1.788831], [-77.164589, 1.790547], [-77.164919, 1.790555], [-77.165008, 1.79096], [-77.164774, 1.793301], [-77.165639, 1.794375], [-77.165466, 1.795597], [-77.165813, 1.796761], [-77.167713, 1.797519], [-77.167672, 1.798395], [-77.169317, 1.799153], [-77.169392, 1.799935], [-77.169733, 1.800228], [-77.169333, 1.801194], [-77.168518, 1.801561], [-77.168649, 1.801712], [-77.169833, 1.801727], [-77.170592, 1.802582], [-77.172358, 1.802455], [-77.172424, 1.80338], [-77.173462, 1.804461], [-77.174195, 1.804509], [-77.1735, 1.805446], [-77.172858, 1.805054], [-77.172858, 1.804654], [-77.17118, 1.803845], [-77.170921, 1.804933], [-77.170045, 1.804694], [-77.169907, 1.803786], [-77.169634, 1.804947], [-77.168289, 1.805901], [-77.168194, 1.806782], [-77.16848, 1.807356]]]}, "properties": {"zu_cnmbre": "MERCADERES", "zu_narea": 2646055.84426, "zu_nano": 2025}},{"type": "Feature", "geometry": {"type": "Polygon", "coordinates": [[[-77.157908, 1.939553], [-77.157156, 1.939268], [-77.156872, 1.938517], [-77.155844, 1.938773], [-77.154883, 1.93769], [-77.155937, 1.936183], [-77.156395, 1.936106], [-77.157036, 1.934772], [-77.157304, 1.935173], [-77.157526, 1.935067], [-77.1589, 1.937633], [-77.159036, 1.939375], [-77.158142, 1.939299], [-77.157908, 1.939553]]]}, "properties": {"zu_cnmbre": "EL PILÓN", "zu_narea": 136122.562165, "zu_nano": 2025}},{"type": "Feature", "geometry": {"type": "Polygon", "coordinates": [[[-77.12041, 1.773097], [-77.120413, 1.772533], [-77.121603, 1.772159], [-77.120847, 1.771559], [-77.121104, 1.771216], [-77.121676, 1.77179], [-77.12264, 1.771244], [-77.123389, 1.770621], [-77.123089, 1.770065], [-77.125444, 1.770407], [-77.125071, 1.770862], [-77.125386, 1.771064], [-77.125316, 1.77144], [-77.123631, 1.771138], [-77.123037, 1.771832], [-77.121663, 1.77246], [-77.121809, 1.772674], [-77.121449, 1.772938], [-77.120979, 1.772906], [-77.120819, 1.77325], [-77.12041, 1.773097]]]}, "properties": {"zu_cnmbre": "CURACAS", "zu_narea": 55085.1806586, "zu_nano": 2025}},{"type": "Feature", "geometry": {"type": "Polygon", "coordinates": [[[-76.223941, 3.273074], [-76.221828, 3.270854], [-76.220904, 3.27089], [-76.220186, 3.269857], [-76.220899, 3.269272], [-76.220241, 3.268635], [-76.220506, 3.268307], [-76.220898, 3.26848], [-76.221929, 3.265268], [-76.221402, 3.264678], [-76.220098, 3.26449], [-76.218828, 3.264959], [-76.218461, 3.263678], [-76.219281, 3.260666], [-76.223163, 3.260933], [-76.224616, 3.260586], [-76.225151, 3.259669], [-76.22659, 3.259444], [-76.227873, 3.257002], [-76.22744, 3.257], [-76.226509, 3.25392], [-76.225517, 3.254023], [-76.225481, 3.254703], [-76.225074, 3.25481], [-76.223717, 3.25464], [-76.223643, 3.254181], [-76.224692, 3.252861], [-76.224869, 3.251883], [-76.223089, 3.252222], [-76.223075, 3.25151], [-76.223802, 3.251179], [-76.223942, 3.249014], [-76.22386, 3.248252], [-76.223109, 3.248391], [-76.222826, 3.247992], [-76.223758, 3.247434], [-76.224127, 3.246629], [-76.225003, 3.246772], [-76.225787, 3.245353], [-76.226817, 3.245013], [-76.227615, 3.245645], [-76.228243, 3.244747], [-76.229646, 3.245018], [-76.230004, 3.243182], [-76.230359, 3.242988], [-76.230557, 3.243411], [-76.230701, 3.236754], [-76.23111, 3.235137], [-76.231124, 3.235767], [-76.231537, 3.235919], [-76.232382, 3.237598], [-76.233485, 3.240707], [-76.233852, 3.241239], [-76.235183, 3.241474], [-76.234905, 3.242793], [-76.235221, 3.244542], [-76.234891, 3.248677], [-76.237164, 3.247758], [-76.239632, 3.24776], [-76.2395, 3.249069], [-76.239089, 3.249429], [-76.238777, 3.249051], [-76.238253, 3.249661], [-76.236257, 3.250496], [-76.236042, 3.250848], [-76.234824, 3.251079], [-76.234241, 3.253607], [-76.234537, 3.253755], [-76.235218, 3.260465], [-76.233515, 3.260416], [-76.233488, 3.261297], [-76.231276, 3.261253], [-76.231345, 3.26103], [-76.23087, 3.261032], [-76.230781, 3.261346], [-76.227536, 3.261221], [-76.226495, 3.265087], [-76.227104, 3.266608], [-76.227104, 3.267727], [-76.225849, 3.267286], [-76.225748, 3.26763], [-76.226048, 3.267882], [-76.225643, 3.268358], [-76.226373, 3.268731], [-76.225795, 3.269094], [-76.226006, 3.269367], [-76.225764, 3.269525], [-76.226584, 3.270324], [-76.226267, 3.270523], [-76.225644, 3.270013], [-76.22521, 3.270394], [-76.225225, 3.271033], [-76.224998, 3.270886], [-76.224785, 3.271415], [-76.224476, 3.271425], [-76.223941, 3.273074]]]}, "properties": {"zu_cnmbre": "MIRANDA", "zu_narea": 3228922.01797, "zu_nano": 2025}},{"type": "Feature", "geometry": {"type": "Polygon", "coordinates": [[[-76.344088, 3.281769], [-76.3435, 3.28164], [-76.343293, 3.280592], [-76.342097, 3.280468], [-76.342338, 3.279356], [-76.341403, 3.279262], [-76.341525, 3.278994], [-76.343334, 3.279144], [-76.343371, 3.278361], [-76.344432, 3.278514], [-76.345014, 3.276917], [-76.346786, 3.277747], [-76.346143, 3.278937], [-76.346221, 3.279996], [-76.346497, 3.280181], [-76.348038, 3.27906], [-76.348415, 3.279419], [-76.349374, 3.279235], [-76.349932, 3.278283], [-76.350141, 3.27921], [-76.350272, 3.278996], [-76.350971, 3.279369], [-76.350947, 3.279749], [-76.352312, 3.280144], [-76.351407, 3.28119], [-76.347733, 3.280719], [-76.346649, 3.282273], [-76.34588, 3.281738], [-76.34468, 3.283486], [-76.343535, 3.282604], [-76.344088, 3.281769]]]}, "properties": {"zu_cnmbre": "ORTIGAL", "zu_narea": 315716.519506, "zu_nano": 2025}},{"type": "Feature", "geometry": {"type": "Polygon", "coordinates": [[[-76.31403, 3.228384], [-76.313952, 3.228018], [-76.312143, 3.227241], [-76.311797, 3.225701], [-76.30895, 3.224719], [-76.307453, 3.223633], [-76.308558, 3.221879], [-76.309334, 3.215638], [-76.311637, 3.215302], [-76.313337, 3.215477], [-76.31352, 3.212666], [-76.313922, 3.212472], [-76.314332, 3.212672], [-76.313955, 3.21299], [-76.314148, 3.213329], [-76.314686, 3.213258], [-76.314539, 3.213853], [-76.315021, 3.213841], [-76.314866, 3.214305], [-76.315244, 3.214938], [-76.315889, 3.215399], [-76.316971, 3.215182], [-76.317718, 3.21597], [-76.316942, 3.226673], [-76.31733, 3.227622], [-76.31569, 3.228456], [-76.31403, 3.228384]]]}, "properties": {"zu_cnmbre": "PADILLA", "zu_narea": 1271837.80784, "zu_nano": 2025}},{"type": "Feature", "geometry": {"type": "Polygon", "coordinates": [[[-76.359346, 3.218243], [-76.359451, 3.216192], [-76.361593, 3.216068], [-76.361593, 3.216458], [-76.362191, 3.216448], [-76.362457, 3.215153], [-76.362594, 3.214846], [-76.362935, 3.214996], [-76.363023, 3.21434], [-76.363849, 3.214721], [-76.363489, 3.215421], [-76.36529, 3.215289], [-76.36478, 3.215479], [-76.364771, 3.216098], [-76.364073, 3.216343], [-76.364076, 3.216889], [-76.362357, 3.216445], [-76.362364, 3.216892], [-76.361374, 3.216896], [-76.361364, 3.217448], [-76.36086, 3.217448], [-76.360831, 3.216825], [-76.360322, 3.216825], [-76.360308, 3.216463], [-76.359665, 3.216487], [-76.359661, 3.218272], [-76.359346, 3.218243]]]}, "properties": {"zu_cnmbre": "YARUMALES", "zu_narea": 74257.3514163, "zu_nano": 2025}},{"type": "Feature", "geometry": {"type": "Polygon", "coordinates": [[[-76.628439, 2.761933], [-76.627794, 2.762631], [-76.627855, 2.763539], [-76.627387, 2.762284], [-76.626531, 2.761681], [-76.626304, 2.761011], [-76.624362, 2.762131], [-76.624933, 2.761053], [-76.625661, 2.760739], [-76.626296, 2.759687], [-76.626577, 2.758183], [-76.62604, 2.757051], [-76.625588, 2.754771], [-76.625329, 2.750747], [-76.624908, 2.750728], [-76.624765, 2.750114], [-76.624243, 2.749962], [-76.624403, 2.749124], [-76.623871, 2.748793], [-76.62526, 2.74778], [-76.625303, 2.747384], [-76.626722, 2.745984], [-76.627504, 2.745655], [-76.629037, 2.746374], [-76.629177, 2.74602], [-76.629491, 2.746231], [-76.631513, 2.748854], [-76.631979, 2.751243], [-76.633574, 2.751365], [-76.633125, 2.75301], [-76.632464, 2.753938], [-76.6322, 2.755373], [-76.631621, 2.756227], [-76.632298, 2.75665], [-76.632091, 2.756976], [-76.632762, 2.756913], [-76.633462, 2.757491], [-76.633407, 2.758556], [-76.633848, 2.759068], [-76.633354, 2.759896], [-76.633949, 2.761044], [-76.633759, 2.761296], [-76.634363, 2.762141], [-76.633914, 2.762608], [-76.633515, 2.762295], [-76.633003, 2.76321], [-76.630578, 2.761491], [-76.629253, 2.762338], [-76.629251, 2.763111], [-76.629508, 2.763256], [-76.629265, 2.764111], [-76.629041, 2.763313], [-76.62847, 2.762828], [-76.628439, 2.761933]]]}, "properties": {"zu_cnmbre": "MORALES", "zu_narea": 1383121.48034, "zu_nano": 2025}},{"type": "Feature", "geometry": {"type": "Polygon", "coordinates": [[[-75.975298, 2.651712], [-75.971716, 2.65185], [-75.971458, 2.648221], [-75.970631, 2.647591], [-75.970769, 2.647117], [-75.970442, 2.646435], [-75.971079, 2.646001], [-75.970148, 2.645103], [-75.969633, 2.643734], [-75.968524, 2.64415], [-75.967921, 2.644727], [-75.967885, 2.64527], [-75.96625, 2.646285], [-75.966523, 2.646757], [-75.965513, 2.647481], [-75.963756, 2.648087], [-75.963538, 2.647662], [-75.962984, 2.6477], [-75.962382, 2.648127], [-75.961964, 2.647495], [-75.963408, 2.647088], [-75.963996, 2.64661], [-75.965399, 2.644258], [-75.965807, 2.64472], [-75.965903, 2.644205], [-75.96684, 2.644514], [-75.967438, 2.644314], [-75.968087, 2.64343], [-75.969351, 2.642681], [-75.969539, 2.641418], [-75.969312, 2.640165], [-75.970458, 2.640101], [-75.969637, 2.638135], [-75.971256, 2.638166], [-75.971409, 2.639585], [-75.972772, 2.641539], [-75.971788, 2.642517], [-75.972419, 2.643742], [-75.973453, 2.64482], [-75.973178, 2.644877], [-75.973351, 2.645908], [-75.974198, 2.647808], [-75.97447, 2.647719], [-75.975082, 2.649478], [-75.974789, 2.649624], [-75.97481, 2.650384], [-75.975298, 2.651712]]]}, "properties": {"zu_cnmbre": "BELALCÁZAR", "zu_narea": 618316.52668, "zu_nano": 2025}},{"type": "Feature", "geometry": {"type": "Polygon", "coordinates": [[[-75.976, 2.660134], [-75.976202, 2.656214], [-75.977649, 2.656197], [-75.977642, 2.655954], [-75.977693, 2.655551], [-75.978249, 2.65549], [-75.978177, 2.65599], [-75.977657, 2.656081], [-75.978718, 2.656683], [-75.978554, 2.657257], [-75.977832, 2.657194], [-75.97794, 2.65784], [-75.978609, 2.657922], [-75.9786, 2.660236], [-75.97782, 2.660111], [-75.97784, 2.660783], [-75.976, 2.660134]]]}, "properties": {"zu_cnmbre": "AVIRAMA", "zu_narea": 124063.426004, "zu_nano": 2025}},{"type": "Feature", "geometry": {"type": "Polygon", "coordinates": [[[-76.061, 2.792344], [-76.060355, 2.792433], [-76.060333, 2.791929], [-76.059856, 2.791908], [-76.059631, 2.791083], [-76.059316, 2.791054], [-76.059344, 2.790436], [-76.060109, 2.790218], [-76.060459, 2.789683], [-76.060924, 2.789674], [-76.060938, 2.790029], [-76.062273, 2.789924], [-76.062565, 2.790988], [-76.062454, 2.791547], [-76.062066, 2.791551], [-76.062066, 2.792441], [-76.061103, 2.792612], [-76.061, 2.792344]]]}, "properties": {"zu_cnmbre": "MESA DE CALOTO", "zu_narea": 76916.2040028, "zu_nano": 2025}},{"type": "Feature", "geometry": {"type": "Polygon", "coordinates": [[[-75.849217, 2.481665], [-75.84913, 2.481289], [-75.847794, 2.480656], [-75.84781, 2.480274], [-75.847664, 2.480518], [-75.847331, 2.480384], [-75.84686, 2.479694], [-75.847602, 2.478605], [-75.846855, 2.478062], [-75.847731, 2.477521], [-75.848313, 2.478267], [-75.848537, 2.478084], [-75.848742, 2.478348], [-75.84858, 2.478491], [-75.849001, 2.478889], [-75.848777, 2.478851], [-75.84881, 2.479159], [-75.850023, 2.478979], [-75.849411, 2.480358], [-75.849688, 2.480548], [-75.849606, 2.481383], [-75.849217, 2.481665]]]}, "properties": {"zu_cnmbre": "ITAIBE", "zu_narea": 80474.7372049, "zu_nano": 2025}},{"type": "Feature", "geometry": {"type": "Polygon", "coordinates": [[[-75.955535, 2.5299], [-75.955415, 2.529164], [-75.954523, 2.529348], [-75.955285, 2.528744], [-75.955027, 2.52805], [-75.955913, 2.527847], [-75.955698, 2.527359], [-75.9559, 2.526844], [-75.956745, 2.526324], [-75.956806, 2.525738], [-75.95737, 2.525603], [-75.956931, 2.524757], [-75.957239, 2.524699], [-75.95682, 2.523814], [-75.956922, 2.522199], [-75.957428, 2.521558], [-75.95819, 2.521579], [-75.958514, 2.523674], [-75.958272, 2.524601], [-75.958416, 2.528711], [-75.956784, 2.52925], [-75.956862, 2.529636], [-75.955535, 2.5299]]]}, "properties": {"zu_cnmbre": "RICAURTE", "zu_narea": 184622.197644, "zu_nano": 2025}},{"type": "Feature", "geometry": {"type": "Polygon", "coordinates": [[[-76.021744, 2.714223], [-76.020663, 2.714125], [-76.02058, 2.713704], [-76.021202, 2.713481], [-76.021592, 2.712659], [-76.02208, 2.712641], [-76.022679, 2.7121], [-76.023435, 2.713515], [-76.023462, 2.713911], [-76.022814, 2.714481], [-76.02312, 2.71568], [-76.022774, 2.715838], [-76.021744, 2.714223]]]}, "properties": {"zu_cnmbre": "TALAGA", "zu_narea": 56378.6504554, "zu_nano": 2025}},{"type": "Feature", "geometry": {"type": "Polygon", "coordinates": [[[-76.050417, 2.779513], [-76.048568, 2.776994], [-76.04898, 2.776459], [-76.048906, 2.774115], [-76.049253, 2.774248], [-76.049287, 2.774886], [-76.05051, 2.776552], [-76.050278, 2.776864], [-76.0515, 2.778159], [-76.050854, 2.779547], [-76.050539, 2.779401], [-76.05025, 2.77979], [-76.051033, 2.780835], [-76.050587, 2.781252], [-76.049834, 2.780231], [-76.050417, 2.779513]]]}, "properties": {"zu_cnmbre": "TÓEZ", "zu_narea": 86273.3119469, "zu_nano": 2025}},{"type": "Feature", "geometry": {"type": "Polygon", "coordinates": [[[-75.984332, 2.578782], [-75.984354, 2.578242], [-75.982947, 2.578116], [-75.981917, 2.575674], [-75.982955, 2.576265], [-75.983076, 2.576886], [-75.986869, 2.577359], [-75.98685, 2.578249], [-75.985283, 2.578233], [-75.985283, 2.578615], [-75.984332, 2.578782]]]}, "properties": {"zu_cnmbre": "LA MESA DE TOGOIMA", "zu_narea": 72302.7447868, "zu_nano": 2025}},{"type": "Feature", "geometry": {"type": "Polygon", "coordinates": [[[-75.988485, 2.620837], [-75.986937, 2.621037], [-75.986654, 2.620331], [-75.986877, 2.619394], [-75.987316, 2.620091], [-75.98825, 2.620433], [-75.988485, 2.620837]]]}, "properties": {"zu_cnmbre": "COQUIYÓ", "zu_narea": 18836.2554356, "zu_nano": 2025}},{"type": "Feature", "geometry": {"type": "Polygon", "coordinates": [[[-75.969613, 2.571752], [-75.969213, 2.571135], [-75.96867, 2.571488], [-75.96799, 2.569455], [-75.968647, 2.569381], [-75.968472, 2.568258], [-75.969189, 2.567822], [-75.969773, 2.56621], [-75.970777, 2.567171], [-75.969847, 2.568247], [-75.970272, 2.569653], [-75.969882, 2.569796], [-75.970151, 2.570248], [-75.969991, 2.571078], [-75.970425, 2.571686], [-75.969613, 2.571752]]]}, "properties": {"zu_cnmbre": "GUADUALEJO", "zu_narea": 94075.0802505, "zu_nano": 2025}},{"type": "Feature", "geometry": {"type": "MultiPolygon", "coordinates": [[[[-75.978753, 2.679188], [-75.978397, 2.679322], [-75.978338, 2.678938], [-75.977758, 2.679283], [-75.977157, 2.678576], [-75.97743, 2.67832], [-75.977261, 2.678138], [-75.976479, 2.67804], [-75.977181, 2.676895], [-75.977484, 2.676722], [-75.977653, 2.677063], [-75.978139, 2.676383], [-75.979247, 2.678244], [-75.979373, 2.678912], [-75.978753, 2.679501], [-75.978753, 2.679188]]], [[[-75.97699, 2.676021], [-75.977413, 2.676081], [-75.977184, 2.676349], [-75.97699, 2.676021]]]]}, "properties": {"zu_cnmbre": "GUAPIO", "zu_narea": 58495.6177029, "zu_nano": 2025}},{"type": "Feature", "geometry": {"type": "Polygon", "coordinates": [[[-76.014115, 2.676729], [-76.014036, 2.675264], [-76.01376, 2.674913], [-76.014315, 2.675231], [-76.01423, 2.674844], [-76.014486, 2.674946], [-76.014736, 2.674378], [-76.014799, 2.675951], [-76.014353, 2.676023], [-76.014907, 2.676436], [-76.014115, 2.676729]]]}, "properties": {"zu_cnmbre": "GUAQUIYÓ", "zu_narea": 16373.2232179, "zu_nano": 2025}},{"type": "Feature", "geometry": {"type": "Polygon", "coordinates": [[[-76.005784, 2.586291], [-76.005152, 2.585424], [-76.004786, 2.58565], [-76.004623, 2.585273], [-76.004348, 2.585918], [-76.004212, 2.585233], [-76.003599, 2.58526], [-76.003861, 2.584808], [-76.003486, 2.584287], [-76.004098, 2.584225], [-76.004181, 2.584772], [-76.004371, 2.58412], [-76.004764, 2.584267], [-76.005276, 2.583892], [-76.005628, 2.584389], [-76.006305, 2.584359], [-76.006962, 2.584825], [-76.007237, 2.583942], [-76.007755, 2.583944], [-76.007165, 2.585037], [-76.008187, 2.58438], [-76.006763, 2.585653], [-76.005763, 2.585263], [-76.005607, 2.585577], [-76.006084, 2.585758], [-76.005709, 2.58571], [-76.005784, 2.586291]]]}, "properties": {"zu_cnmbre": "SANTA ROSA", "zu_narea": 57515.6070126, "zu_nano": 2025}},{"type": "Feature", "geometry": {"type": "Polygon", "coordinates": [[[-76.330943, 1.122066], [-76.330628, 1.12137], [-76.329415, 1.121233], [-76.329236, 1.121882], [-76.327753, 1.121527], [-76.327372, 1.120965], [-76.326865, 1.120869], [-76.326472, 1.121177], [-76.325765, 1.119588], [-76.324536, 1.120055], [-76.324264, 1.119867], [-76.324282, 1.119243], [-76.323749, 1.118208], [-76.323893, 1.115218], [-76.323442, 1.112663], [-76.323689, 1.112576], [-76.323139, 1.111779], [-76.321652, 1.111208], [-76.321669, 1.110657], [-76.322818, 1.111026], [-76.324906, 1.109628], [-76.324951, 1.110138], [-76.325461, 1.110264], [-76.32501, 1.112129], [-76.32538, 1.114247], [-76.325817, 1.114263], [-76.325819, 1.114904], [-76.327613, 1.117316], [-76.328048, 1.11722], [-76.327922, 1.116455], [-76.32855, 1.116287], [-76.328881, 1.117058], [-76.330099, 1.116779], [-76.330188, 1.117157], [-76.331013, 1.11695], [-76.331099, 1.11802], [-76.333519, 1.117896], [-76.333198, 1.11905], [-76.334132, 1.119086], [-76.334102, 1.119401], [-76.333513, 1.119889], [-76.332692, 1.119883], [-76.332716, 1.12184], [-76.330943, 1.122066]]]}, "properties": {"zu_cnmbre": "PIAMONTE", "zu_narea": 643856.967779, "zu_nano": 2025}},{"type": "Feature", "geometry": {"type": "Polygon", "coordinates": [[[-77.041003, 2.282878], [-77.040501, 2.283185], [-77.039629, 2.282255], [-77.038692, 2.28195], [-77.037343, 2.282311], [-77.037272, 2.282896], [-77.03706, 2.282761], [-77.036822, 2.282097], [-77.037165, 2.281687], [-77.036561, 2.281125], [-77.036803, 2.280874], [-77.036476, 2.280484], [-77.03755, 2.279779], [-77.037364, 2.279139], [-77.037787, 2.279194], [-77.037794, 2.278738], [-77.038149, 2.278623], [-77.038018, 2.27927], [-77.03849, 2.279224], [-77.038883, 2.279787], [-77.038364, 2.28055], [-77.038832, 2.281335], [-77.040064, 2.281687], [-77.040962, 2.28147], [-77.041771, 2.281845], [-77.042181, 2.282497], [-77.041098, 2.283263], [-77.041003, 2.282878]]]}, "properties": {"zu_cnmbre": "DON ALONSO", "zu_narea": 109389.448417, "zu_nano": 2025}},{"type": "Feature", "geometry": {"type": "Polygon", "coordinates": [[[-76.972702, 2.131625], [-76.972309, 2.131819], [-76.971557, 2.131035], [-76.972631, 2.128735], [-76.972212, 2.128526], [-76.97245, 2.12819], [-76.972156, 2.127296], [-76.972196, 2.123659], [-76.973149, 2.12318], [-76.973364, 2.12366], [-76.974965, 2.122868], [-76.975144, 2.123149], [-76.97763, 2.121533], [-76.976916, 2.119613], [-76.977812, 2.117683], [-76.978173, 2.117498], [-76.978462, 2.116397], [-76.978238, 2.115481], [-76.97696, 2.115658], [-76.977009, 2.114821], [-76.978072, 2.114036], [-76.978099, 2.1131], [-76.976622, 2.111751], [-76.977756, 2.110334], [-76.9774, 2.108966], [-76.978689, 2.108774], [-76.979324, 2.107614], [-76.979079, 2.106359], [-76.980409, 2.104719], [-76.982054, 2.104877], [-76.981582, 2.10641], [-76.981842, 2.106688], [-76.983237, 2.106513], [-76.983618, 2.107147], [-76.984118, 2.107325], [-76.98404, 2.105922], [-76.984669, 2.105927], [-76.986225, 2.106941], [-76.986028, 2.107236], [-76.986441, 2.108182], [-76.986516, 2.107649], [-76.986944, 2.107552], [-76.987996, 2.106252], [-76.988725, 2.107328], [-76.989589, 2.105841], [-76.99005, 2.10647], [-76.989226, 2.107289], [-76.988576, 2.108608], [-76.989262, 2.110203], [-76.98968, 2.110329], [-76.989714, 2.110944], [-76.991309, 2.110634], [-76.99165, 2.110953], [-76.990632, 2.111295], [-76.990707, 2.111646], [-76.989736, 2.1123], [-76.988543, 2.11467], [-76.987323, 2.115461], [-76.987164, 2.115868], [-76.985327, 2.11601], [-76.984097, 2.117211], [-76.983419, 2.118287], [-76.983566, 2.118967], [-76.982924, 2.119427], [-76.982267, 2.121247], [-76.980688, 2.122672], [-76.980707, 2.12348], [-76.980213, 2.123764], [-76.980356, 2.1242], [-76.979721, 2.124859], [-76.979532, 2.124542], [-76.977669, 2.125482], [-76.977089, 2.125966], [-76.977297, 2.126256], [-76.976946, 2.126585], [-76.976331, 2.126573], [-76.976755, 2.127936], [-76.976331, 2.128022], [-76.976039, 2.127584], [-76.97529, 2.128174], [-76.974805, 2.127708], [-76.974555, 2.128229], [-76.975388, 2.128941], [-76.974642, 2.129323], [-76.973864, 2.129301], [-76.97372, 2.130315], [-76.973196, 2.130492], [-76.97355, 2.131652], [-76.97405, 2.132087], [-76.972986, 2.132342], [-76.972702, 2.131625]]]}, "properties": {"zu_cnmbre": "EL BORDO", "zu_narea": 2287858.13697, "zu_nano": 2025}},{"type": "Feature", "geometry": {"type": "Polygon", "coordinates": [[[-77.063025, 2.281663], [-77.060371, 2.280909], [-77.059947, 2.280461], [-77.060383, 2.279609], [-77.06079, 2.28059], [-77.060918, 2.280364], [-77.061385, 2.280773], [-77.063244, 2.281111], [-77.063025, 2.281663]]]}, "properties": {"zu_cnmbre": "BRISAS", "zu_narea": 25049.6647721, "zu_nano": 2025}},{"type": "Feature", "geometry": {"type": "Polygon", "coordinates": [[[-76.69796, 2.346095], [-76.697053, 2.345915], [-76.696591, 2.345391], [-76.695249, 2.345243], [-76.695391, 2.344965], [-76.696462, 2.345058], [-76.696698, 2.344762], [-76.698081, 2.345405], [-76.699315, 2.345035], [-76.699433, 2.344574], [-76.699918, 2.344706], [-76.700017, 2.344463], [-76.700584, 2.344818], [-76.700449, 2.345337], [-76.699892, 2.345209], [-76.699218, 2.34575], [-76.69796, 2.346095]]]}, "properties": {"zu_cnmbre": "LAS HUACAS", "zu_narea": 39912.469789, "zu_nano": 2025}},{"type": "Feature", "geometry": {"type": "Polygon", "coordinates": [[[-77.157018, 1.946298], [-77.156247, 1.945471], [-77.155169, 1.94544], [-77.155021, 1.94501], [-77.156197, 1.943888], [-77.157264, 1.943348], [-77.157816, 1.94247], [-77.157667, 1.942274], [-77.158293, 1.942007], [-77.159194, 1.943012], [-77.15739, 1.944627], [-77.157571, 1.944879], [-77.157049, 1.945373], [-77.157511, 1.945941], [-77.157018, 1.946298]]]}, "properties": {"zu_cnmbre": "GALÍNDEZ", "zu_narea": 80930.6242713, "zu_nano": 2025}},{"type": "Feature", "geometry": {"type": "Polygon", "coordinates": [[[-77.057271, 2.154458], [-77.058968, 2.152982], [-77.05898, 2.151786], [-77.058731, 2.15171], [-77.059153, 2.150695], [-77.061544, 2.149131], [-77.062182, 2.149761], [-77.06184, 2.150456], [-77.062046, 2.150936], [-77.060725, 2.152177], [-77.060422, 2.153141], [-77.059243, 2.154262], [-77.058895, 2.154013], [-77.057114, 2.15572], [-77.056279, 2.155914], [-77.057271, 2.154458]]]}, "properties": {"zu_cnmbre": "LA FONDA", "zu_narea": 131060.048067, "zu_nano": 2025}},{"type": "Feature", "geometry": {"type": "Polygon", "coordinates": [[[-76.899438, 2.175099], [-76.899033, 2.173921], [-76.898741, 2.173946], [-76.897831, 2.17219], [-76.897047, 2.172727], [-76.89683, 2.17232], [-76.897146, 2.170523], [-76.900191, 2.169052], [-76.900493, 2.169397], [-76.901067, 2.169153], [-76.901193, 2.169348], [-76.902027, 2.168352], [-76.904142, 2.167241], [-76.904225, 2.167762], [-76.903016, 2.168494], [-76.903281, 2.168918], [-76.902362, 2.16958], [-76.902542, 2.169841], [-76.901839, 2.169795], [-76.90018, 2.170959], [-76.90021, 2.172744], [-76.900695, 2.172737], [-76.900957, 2.173204], [-76.901217, 2.172857], [-76.903226, 2.174296], [-76.902511, 2.174468], [-76.902632, 2.174841], [-76.902368, 2.174969], [-76.902005, 2.174672], [-76.90231, 2.174364], [-76.901192, 2.173417], [-76.901059, 2.174392], [-76.899349, 2.174031], [-76.899854, 2.174626], [-76.899438, 2.175099]]]}, "properties": {"zu_cnmbre": "PIEDRASENTADA", "zu_narea": 232984.088053, "zu_nano": 2025}},{"type": "Feature", "geometry": {"type": "Polygon", "coordinates": [[[-77.047736, 2.174701], [-77.046729, 2.174434], [-77.046842, 2.173971], [-77.046516, 2.173489], [-77.047047, 2.173438], [-77.047983, 2.173958], [-77.047736, 2.174701]]]}, "properties": {"zu_cnmbre": "SAJANDÍ", "zu_narea": 12706.5824531, "zu_nano": 2025}},{"type": "Feature", "geometry": {"type": "Polygon", "coordinates": [[[-77.120571, 1.972445], [-77.119406, 1.972319], [-77.119272, 1.97158], [-77.120348, 1.970404], [-77.11793, 1.968111], [-77.117439, 1.968357], [-77.117078, 1.967752], [-77.11678, 1.968888], [-77.116164, 1.968562], [-77.117151, 1.967608], [-77.116829, 1.967321], [-77.1174, 1.966513], [-77.117111, 1.966142], [-77.117505, 1.964208], [-77.117089, 1.963581], [-77.11807, 1.961384], [-77.12003, 1.962073], [-77.120674, 1.962095], [-77.121106, 1.961446], [-77.121765, 1.961775], [-77.122093, 1.962059], [-77.121688, 1.962522], [-77.122295, 1.963018], [-77.12174, 1.963692], [-77.122656, 1.964466], [-77.12188, 1.965385], [-77.121291, 1.96543], [-77.120929, 1.9651], [-77.120048, 1.966413], [-77.120478, 1.966635], [-77.12029, 1.966986], [-77.123282, 1.96868], [-77.121978, 1.970023], [-77.122514, 1.970622], [-77.120571, 1.972445]]]}, "properties": {"zu_cnmbre": "EL ESTRECHO", "zu_narea": 477706.690874, "zu_nano": 2025}},{"type": "Feature", "geometry": {"type": "Polygon", "coordinates": [[[-76.43681, 3.241142], [-76.436454, 3.2415], [-76.435356, 3.241343], [-76.434911, 3.239897], [-76.432942, 3.238664], [-76.430727, 3.238056], [-76.429108, 3.23825], [-76.429117, 3.237923], [-76.428064, 3.237774], [-76.428308, 3.236587], [-76.42897, 3.236888], [-76.42908, 3.235309], [-76.42979, 3.235304], [-76.429813, 3.233655], [-76.430465, 3.234031], [-76.430544, 3.235504], [-76.431814, 3.235295], [-76.43237, 3.237187], [-76.433003, 3.237251], [-76.433032, 3.237596], [-76.433636, 3.23761], [-76.433605, 3.236691], [-76.43465, 3.23679], [-76.434586, 3.238074], [-76.435158, 3.238555], [-76.435772, 3.23855], [-76.43582, 3.23783], [-76.436831, 3.237945], [-76.437278, 3.237429], [-76.438039, 3.237672], [-76.438515, 3.238833], [-76.439352, 3.239446], [-76.438915, 3.240082], [-76.43849, 3.240122], [-76.438563, 3.240773], [-76.439292, 3.240954], [-76.439115, 3.241717], [-76.43681, 3.241142]]]}, "properties": {"zu_cnmbre": "VUELTA LARGA", "zu_narea": 354204.072128, "zu_nano": 2025}},{"type": "Feature", "geometry": {"type": "Polygon", "coordinates": [[[-76.207327, 1.028474], [-76.208223, 1.026767], [-76.207837, 1.026355], [-76.206296, 1.026512], [-76.206304, 1.02603], [-76.205965, 1.025874], [-76.206199, 1.025487], [-76.207686, 1.024832], [-76.208635, 1.025272], [-76.208774, 1.026486], [-76.209366, 1.026984], [-76.207934, 1.027762], [-76.208178, 1.028591], [-76.207327, 1.028474]]]}, "properties": {"zu_cnmbre": "EL REMANSO", "zu_narea": 63015.8658583, "zu_nano": 2025}},{"type": "Feature", "geometry": {"type": "MultiPolygon", "coordinates": [[[[-76.144962, 1.020323], [-76.143847, 1.017999], [-76.144424, 1.017375], [-76.14571, 1.01904], [-76.145847, 1.020094], [-76.144962, 1.020323]]], [[[-76.143526, 1.020441], [-76.143185, 1.020265], [-76.142478, 1.020471], [-76.142253, 1.020071], [-76.142656, 1.01986], [-76.14285, 1.020272], [-76.143261, 1.020103], [-76.143526, 1.020441]]]]}, "properties": {"zu_cnmbre": "YAPURÁ", "zu_narea": 45288.4843776, "zu_nano": 2025}},{"type": "Feature", "geometry": {"type": "Polygon", "coordinates": [[[-76.413424, 3.217187], [-76.413011, 3.216979], [-76.412985, 3.216067], [-76.412543, 3.215578], [-76.411806, 3.215399], [-76.4115, 3.214382], [-76.410712, 3.214656], [-76.410579, 3.214087], [-76.411378, 3.213614], [-76.411065, 3.212334], [-76.413655, 3.210979], [-76.413836, 3.211575], [-76.412872, 3.211696], [-76.412817, 3.212022], [-76.413506, 3.21248], [-76.413306, 3.21317], [-76.414168, 3.212658], [-76.414659, 3.214637], [-76.414163, 3.214828], [-76.414747, 3.215557], [-76.414512, 3.216308], [-76.413974, 3.216475], [-76.413987, 3.217072], [-76.413711, 3.216838], [-76.413424, 3.217187]]]}, "properties": {"zu_cnmbre": "LOS BANCOS", "zu_narea": 162500.874899, "zu_nano": 2025}},{"type": "Feature", "geometry": {"type": "Polygon", "coordinates": [[[-76.738428, 2.263144], [-76.737331, 2.261968], [-76.737252, 2.261099], [-76.738554, 2.259935], [-76.738177, 2.259132], [-76.73855, 2.258533], [-76.739058, 2.258872], [-76.738931, 2.259215], [-76.740561, 2.258074], [-76.741284, 2.258567], [-76.741386, 2.259553], [-76.741161, 2.259689], [-76.741801, 2.260092], [-76.741957, 2.2595], [-76.742617, 2.259858], [-76.74259, 2.260242], [-76.744123, 2.262513], [-76.743305, 2.262513], [-76.742421, 2.262949], [-76.741038, 2.262358], [-76.739273, 2.262355], [-76.738988, 2.263296], [-76.738428, 2.263144]]]}, "properties": {"zu_cnmbre": "ROSAS", "zu_narea": 240946.689293, "zu_nano": 2025}},{"type": "Feature", "geometry": {"type": "Polygon", "coordinates": [[[-76.787654, 2.232961], [-76.786806, 2.231835], [-76.786196, 2.23213], [-76.786206, 2.230964], [-76.785674, 2.230126], [-76.786241, 2.229811], [-76.786059, 2.229295], [-76.786603, 2.229242], [-76.786835, 2.230118], [-76.7874, 2.22985], [-76.789048, 2.229955], [-76.789051, 2.230176], [-76.788055, 2.230187], [-76.788141, 2.231268], [-76.789069, 2.232344], [-76.788534, 2.233489], [-76.787703, 2.234077], [-76.787442, 2.233406], [-76.787654, 2.232961]]]}, "properties": {"zu_cnmbre": "PÁRRAGA", "zu_narea": 93846.9857145, "zu_nano": 2025}},{"type": "Feature", "geometry": {"type": "Polygon", "coordinates": [[[-76.406639, 3.242787], [-76.407586, 3.239841], [-76.407877, 3.235377], [-76.408162, 3.234907], [-76.407544, 3.234293], [-76.407338, 3.232498], [-76.408014, 3.232427], [-76.408155, 3.23085], [-76.405573, 3.230119], [-76.40571, 3.229312], [-76.406021, 3.22837], [-76.408147, 3.227895], [-76.408728, 3.227481], [-76.409215, 3.228583], [-76.410844, 3.228653], [-76.412757, 3.229937], [-76.413103, 3.228436], [-76.412358, 3.228276], [-76.413125, 3.226372], [-76.41204, 3.225312], [-76.414314, 3.22057], [-76.414091, 3.219818], [-76.413715, 3.219774], [-76.413762, 3.21812], [-76.414676, 3.217964], [-76.414854, 3.218338], [-76.41522, 3.221181], [-76.415076, 3.222454], [-76.416733, 3.22265], [-76.416402, 3.223545], [-76.41656, 3.2267], [-76.417095, 3.227458], [-76.41795, 3.227343], [-76.418538, 3.226298], [-76.419667, 3.225598], [-76.418882, 3.223939], [-76.420605, 3.22206], [-76.42069, 3.221562], [-76.420172, 3.220662], [-76.420634, 3.220768], [-76.420763, 3.219692], [-76.424683, 3.221155], [-76.424255, 3.222471], [-76.425975, 3.22376], [-76.424378, 3.228264], [-76.425618, 3.228742], [-76.426434, 3.228651], [-76.426127, 3.22961], [-76.428154, 3.230412], [-76.427592, 3.232323], [-76.427603, 3.232755], [-76.427943, 3.232806], [-76.427767, 3.235487], [-76.427938, 3.235907], [-76.428802, 3.236371], [-76.429009, 3.236187], [-76.42897, 3.236888], [-76.428308, 3.236587], [-76.428227, 3.237449], [-76.42753, 3.237372], [-76.427419, 3.240562], [-76.426357, 3.240105], [-76.426357, 3.239836], [-76.425133, 3.239851], [-76.424597, 3.239385], [-76.424056, 3.240524], [-76.425843, 3.242729], [-76.425221, 3.243742], [-76.411429, 3.241241], [-76.410933, 3.244021], [-76.40687, 3.243019], [-76.406639, 3.242787]]]}, "properties": {"zu_cnmbre": "PUERTO TEJADA", "zu_narea": 4378656.4468, "zu_nano": 2025}},{"type": "Feature", "geometry": {"type": "MultiPolygon", "coordinates": [[[[-76.738518, 2.267392], [-76.738756, 2.266623], [-76.738457, 2.266644], [-76.738487, 2.26633], [-76.737807, 2.266581], [-76.737923, 2.266208], [-76.738751, 2.265777], [-76.739413, 2.264783], [-76.739106, 2.264661], [-76.739017, 2.263695], [-76.738621, 2.263328], [-76.738725, 2.263103], [-76.738988, 2.263296], [-76.739273, 2.262355], [-76.740224, 2.262374], [-76.74042, 2.263032], [-76.73975, 2.263299], [-76.739827, 2.263771], [-76.740509, 2.264336], [-76.74002, 2.26429], [-76.74028, 2.264686], [-76.739614, 2.265965], [-76.739763, 2.26632], [-76.73914, 2.266567], [-76.739851, 2.267395], [-76.738919, 2.267666], [-76.738518, 2.267392]]], [[[-76.736867, 2.261129], [-76.737291, 2.261152], [-76.737227, 2.26178], [-76.737962, 2.2627], [-76.737826, 2.263199], [-76.736867, 2.261129]]], [[[-76.741624, 2.263431], [-76.74197, 2.262775], [-76.742716, 2.262893], [-76.742051, 2.263963], [-76.741771, 2.263938], [-76.741624, 2.263431]]]]}, "properties": {"zu_cnmbre": "CEFIRO", "zu_narea": 87609.9681202, "zu_nano": 2025}},{"type": "Feature", "geometry": {"type": "Polygon", "coordinates": [[[-76.46732, 2.627541], [-76.46713, 2.628012], [-76.466633, 2.627765], [-76.466882, 2.627301], [-76.466308, 2.626691], [-76.466544, 2.626392], [-76.466209, 2.626072], [-76.466484, 2.625644], [-76.466683, 2.626097], [-76.46728, 2.626206], [-76.46804, 2.62565], [-76.468907, 2.625681], [-76.468928, 2.625895], [-76.469572, 2.624493], [-76.470045, 2.624777], [-76.469618, 2.625056], [-76.469639, 2.625707], [-76.469165, 2.626017], [-76.469378, 2.62612], [-76.469253, 2.627496], [-76.468873, 2.627751], [-76.46953, 2.628436], [-76.469124, 2.629172], [-76.46732, 2.627541]]]}, "properties": {"zu_cnmbre": "USENDA", "zu_narea": 82977.9763546, "zu_nano": 2025}},{"type": "Feature", "geometry": {"type": "MultiPolygon", "coordinates": [[[[-76.497057, 2.346835], [-76.496508, 2.346655], [-76.496431, 2.346277], [-76.496271, 2.346526], [-76.494746, 2.34636], [-76.494825, 2.345685], [-76.494628, 2.346074], [-76.494202, 2.345861], [-76.494625, 2.344511], [-76.494346, 2.343521], [-76.494629, 2.343433], [-76.494735, 2.343712], [-76.494808, 2.343755], [-76.495125, 2.342629], [-76.495023, 2.341647], [-76.494503, 2.341056], [-76.495218, 2.339324], [-76.495803, 2.339116], [-76.496181, 2.338189], [-76.497145, 2.33771], [-76.497426, 2.337986], [-76.498891, 2.337528], [-76.499605, 2.335872], [-76.500231, 2.335682], [-76.500527, 2.336275], [-76.499826, 2.337203], [-76.500416, 2.337553], [-76.499616, 2.338025], [-76.499461, 2.338557], [-76.49729, 2.340053], [-76.496874, 2.339626], [-76.49712, 2.339223], [-76.496878, 2.338982], [-76.496074, 2.339437], [-76.497175, 2.342395], [-76.496885, 2.342493], [-76.497099, 2.343904], [-76.496853, 2.344338], [-76.497382, 2.344381], [-76.49712, 2.344913], [-76.497303, 2.345714], [-76.49794, 2.345709], [-76.497057, 2.346835]]], [[[-76.496115, 2.336782], [-76.496289, 2.336151], [-76.497542, 2.336432], [-76.498046, 2.335138], [-76.497355, 2.337165], [-76.496561, 2.337782], [-76.496811, 2.337242], [-76.496115, 2.336782]]], [[[-76.497962, 2.347294], [-76.497466, 2.347074], [-76.497826, 2.346413], [-76.498391, 2.346642], [-76.497962, 2.347294]]]]}, "properties": {"zu_cnmbre": "COCONUCO", "zu_narea": 319340.75442, "zu_nano": 2025}},{"type": "Feature", "geometry": {"type": "Polygon", "coordinates": [[[-76.451893, 2.382813], [-76.451957, 2.382134], [-76.451088, 2.382216], [-76.451115, 2.381955], [-76.451698, 2.381941], [-76.451905, 2.380729], [-76.452705, 2.380124], [-76.454498, 2.379974], [-76.455942, 2.379324], [-76.457463, 2.379106], [-76.457675, 2.380045], [-76.458246, 2.379893], [-76.457984, 2.378954], [-76.458964, 2.378599], [-76.459218, 2.379601], [-76.458642, 2.379788], [-76.458759, 2.380516], [-76.45964, 2.380369], [-76.458897, 2.381233], [-76.45814, 2.38153], [-76.458053, 2.381906], [-76.456547, 2.38241], [-76.453516, 2.382792], [-76.453534, 2.383096], [-76.452981, 2.383275], [-76.451893, 2.382813]]]}, "properties": {"zu_cnmbre": "PURACÉ", "zu_narea": 247066.256161, "zu_nano": 2025}},{"type": "Feature", "geometry": {"type": "Polygon", "coordinates": [[[-76.493642, 2.204585], [-76.493494, 2.202412], [-76.49232, 2.202302], [-76.492492, 2.20168], [-76.493746, 2.202008], [-76.493713, 2.202473], [-76.494334, 2.202809], [-76.494355, 2.20228], [-76.495745, 2.202516], [-76.49699, 2.203091], [-76.497342, 2.203712], [-76.496447, 2.204247], [-76.495879, 2.204083], [-76.493642, 2.204585]]]}, "properties": {"zu_cnmbre": "PALETARÁ", "zu_narea": 80067.787281, "zu_nano": 2025}},{"type": "Feature", "geometry": {"type": "Polygon", "coordinates": [[[-76.444404, 2.382765], [-76.443165, 2.382914], [-76.443371, 2.38031], [-76.44491, 2.380841], [-76.446848, 2.380241], [-76.446486, 2.380707], [-76.444743, 2.381253], [-76.445133, 2.381754], [-76.444708, 2.382415], [-76.444213, 2.382284], [-76.444086, 2.382556], [-76.444404, 2.382765]]]}, "properties": {"zu_cnmbre": "CHAPÍO", "zu_narea": 51239.4282733, "zu_nano": 2025}},{"type": "Feature", "geometry": {"type": "Polygon", "coordinates": [[[-76.78626, 2.988493], [-76.785323, 2.987817], [-76.785238, 2.988067], [-76.783916, 2.987549], [-76.78372, 2.987927], [-76.783131, 2.987754], [-76.783914, 2.98739], [-76.784307, 2.98675], [-76.784943, 2.986688], [-76.785318, 2.987343], [-76.786174, 2.986751], [-76.785426, 2.98754], [-76.786438, 2.987465], [-76.78718, 2.988036], [-76.78712, 2.988265], [-76.786459, 2.988111], [-76.78626, 2.988493]]]}, "properties": {"zu_cnmbre": "ALTAMIRA", "zu_narea": 33998.1211613, "zu_nano": 2025}},{"type": "Feature", "geometry": {"type": "Polygon", "coordinates": [[[-76.76805, 1.839729], [-76.767307, 1.839248], [-76.767151, 1.839657], [-76.76588, 1.839545], [-76.766192, 1.837465], [-76.766727, 1.837409], [-76.768075, 1.838325], [-76.768434, 1.83805], [-76.767902, 1.837468], [-76.768086, 1.836663], [-76.769158, 1.837388], [-76.770014, 1.837061], [-76.77136, 1.837617], [-76.771952, 1.837488], [-76.771983, 1.83791], [-76.773247, 1.837914], [-76.77343, 1.838768], [-76.774098, 1.838911], [-76.774335, 1.839291], [-76.773302, 1.838869], [-76.772493, 1.839008], [-76.772521, 1.839729], [-76.770895, 1.839293], [-76.76805, 1.839729]]]}, "properties": {"zu_cnmbre": "SAN SEBASTIÁN", "zu_narea": 177307.203176, "zu_nano": 2025}},{"type": "Feature", "geometry": {"type": "Polygon", "coordinates": [[[-76.827129, 1.785488], [-76.825911, 1.785069], [-76.825618, 1.785192], [-76.825637, 1.785902], [-76.825138, 1.786206], [-76.825601, 1.785632], [-76.825216, 1.785149], [-76.825393, 1.784909], [-76.824667, 1.784126], [-76.825069, 1.783619], [-76.824885, 1.78306], [-76.825151, 1.782706], [-76.825769, 1.782586], [-76.827405, 1.781274], [-76.827735, 1.781338], [-76.827728, 1.782001], [-76.828284, 1.782055], [-76.828671, 1.782569], [-76.828449, 1.784693], [-76.829035, 1.784943], [-76.828931, 1.785388], [-76.828665, 1.785381], [-76.828926, 1.785852], [-76.828753, 1.786282], [-76.829723, 1.788852], [-76.828699, 1.7888], [-76.828297, 1.78766], [-76.827069, 1.787292], [-76.827129, 1.785488]]]}, "properties": {"zu_cnmbre": "EL ROSAL", "zu_narea": 214541.40313, "zu_nano": 2025}},{"type": "Feature", "geometry": {"type": "Polygon", "coordinates": [[[-76.784026, 1.817316], [-76.783369, 1.817136], [-76.783629, 1.816813], [-76.783297, 1.816925], [-76.783259, 1.815977], [-76.782815, 1.815461], [-76.783031, 1.815195], [-76.782457, 1.814119], [-76.782743, 1.814229], [-76.782779, 1.812828], [-76.783362, 1.812192], [-76.784151, 1.812449], [-76.784611, 1.812128], [-76.784338, 1.812465], [-76.784673, 1.81253], [-76.784739, 1.812958], [-76.784206, 1.81316], [-76.784093, 1.813603], [-76.785231, 1.814451], [-76.784139, 1.815859], [-76.784026, 1.817316]]]}, "properties": {"zu_cnmbre": "SANTIAGO", "zu_narea": 92172.0620414, "zu_nano": 2025}},{"type": "Feature", "geometry": {"type": "Polygon", "coordinates": [[[-76.4115, 2.964635], [-76.411774, 2.963067], [-76.412184, 2.96288], [-76.413224, 2.963088], [-76.413152, 2.963585], [-76.412451, 2.963474], [-76.412589, 2.964028], [-76.411807, 2.964768], [-76.4115, 2.964635]]]}, "properties": {"zu_cnmbre": "EL BROCHE", "zu_narea": 19379.277589, "zu_nano": 2025}},{"type": "Feature", "geometry": {"type": "Polygon", "coordinates": [[[-76.573623, 1.706739], [-76.57312, 1.705225], [-76.571997, 1.703357], [-76.571662, 1.702936], [-76.571153, 1.702927], [-76.57164, 1.70207], [-76.571569, 1.701434], [-76.570664, 1.701435], [-76.57065, 1.700694], [-76.571226, 1.700743], [-76.571311, 1.699062], [-76.570383, 1.698583], [-76.570593, 1.698222], [-76.571474, 1.697937], [-76.572337, 1.698018], [-76.572762, 1.696822], [-76.57258, 1.696017], [-76.574075, 1.695793], [-76.574703, 1.695122], [-76.575224, 1.695839], [-76.574477, 1.6964], [-76.57447, 1.69684], [-76.574926, 1.696831], [-76.574942, 1.697656], [-76.574428, 1.69811], [-76.574133, 1.700041], [-76.574639, 1.700207], [-76.574497, 1.700692], [-76.575103, 1.700881], [-76.574422, 1.703241], [-76.574893, 1.704364], [-76.574729, 1.704624], [-76.575832, 1.70578], [-76.573623, 1.706739]]]}, "properties": {"zu_cnmbre": "SANTA ROSA", "zu_narea": 373332.54708, "zu_nano": 2025}},{"type": "Feature", "geometry": {"type": "Polygon", "coordinates": [[[-76.620624, 1.488749], [-76.619934, 1.488297], [-76.618958, 1.486382], [-76.620413, 1.486066], [-76.619933, 1.484293], [-76.621384, 1.483858], [-76.621348, 1.483133], [-76.621586, 1.483032], [-76.621742, 1.483858], [-76.622189, 1.483831], [-76.622116, 1.484533], [-76.622873, 1.485786], [-76.623423, 1.485775], [-76.62363, 1.486409], [-76.623011, 1.486355], [-76.622415, 1.487845], [-76.621813, 1.488057], [-76.621903, 1.488461], [-76.62126, 1.488545], [-76.621172, 1.488104], [-76.620875, 1.488148], [-76.620624, 1.488749]]]}, "properties": {"zu_cnmbre": "DESCANSE", "zu_narea": 158128.067942, "zu_nano": 2025}},{"type": "Feature", "geometry": {"type": "Polygon", "coordinates": [[[-76.671452, 2.090171], [-76.669765, 2.089833], [-76.669595, 2.089334], [-76.668935, 2.089325], [-76.668789, 2.088733], [-76.667758, 2.088775], [-76.667769, 2.088091], [-76.667321, 2.087955], [-76.667147, 2.08589], [-76.667838, 2.085447], [-76.667236, 2.085199], [-76.668595, 2.084266], [-76.66861, 2.084548], [-76.669386, 2.084705], [-76.669472, 2.08515], [-76.670196, 2.085381], [-76.670186, 2.085683], [-76.670937, 2.085667], [-76.671119, 2.085317], [-76.671127, 2.085663], [-76.671389, 2.085667], [-76.671553, 2.087298], [-76.671974, 2.087704], [-76.672078, 2.088649], [-76.671602, 2.088609], [-76.671318, 2.089175], [-76.671452, 2.090171]]]}, "properties": {"zu_cnmbre": "RÍO BLANCO", "zu_narea": 223174.567301, "zu_nano": 2025}},{"type": "Feature", "geometry": {"type": "Polygon", "coordinates": [[[-76.620096, 2.178949], [-76.616779, 2.177236], [-76.616997, 2.177023], [-76.619629, 2.178537], [-76.620091, 2.178518], [-76.621623, 2.180174], [-76.62208, 2.180317], [-76.621938, 2.180561], [-76.622473, 2.180992], [-76.622261, 2.181249], [-76.621756, 2.180807], [-76.62188, 2.180544], [-76.620096, 2.178949]]]}, "properties": {"zu_cnmbre": "LAS VEGAS", "zu_narea": 25582.5146341, "zu_nano": 2025}},{"type": "Feature", "geometry": {"type": "Polygon", "coordinates": [[[-76.365102, 2.625648], [-76.364038, 2.625504], [-76.36347, 2.626099], [-76.362863, 2.625784], [-76.362543, 2.625969], [-76.361585, 2.625352], [-76.361629, 2.624611], [-76.362548, 2.622961], [-76.363675, 2.622558], [-76.363024, 2.62092], [-76.363708, 2.620138], [-76.364496, 2.620284], [-76.364861, 2.61992], [-76.365154, 2.618189], [-76.3659, 2.617599], [-76.366364, 2.616346], [-76.3674, 2.616469], [-76.368153, 2.615643], [-76.369753, 2.615438], [-76.370624, 2.614737], [-76.37142, 2.608922], [-76.371841, 2.609444], [-76.372203, 2.608884], [-76.372963, 2.608846], [-76.372262, 2.607823], [-76.372912, 2.607139], [-76.372285, 2.606807], [-76.372559, 2.605475], [-76.372978, 2.605323], [-76.373313, 2.605676], [-76.37435, 2.60586], [-76.375506, 2.605425], [-76.375881, 2.60459], [-76.377422, 2.604584], [-76.37884, 2.604979], [-76.379243, 2.604047], [-76.380438, 2.603208], [-76.380742, 2.602459], [-76.382276, 2.602298], [-76.383103, 2.602879], [-76.382244, 2.603675], [-76.382633, 2.604856], [-76.38331, 2.605966], [-76.383949, 2.60625], [-76.384572, 2.605249], [-76.384919, 2.603169], [-76.386347, 2.602179], [-76.388655, 2.597928], [-76.390265, 2.597853], [-76.391988, 2.598395], [-76.392666, 2.599739], [-76.393297, 2.599906], [-76.39363, 2.600429], [-76.393642, 2.600929], [-76.393128, 2.601464], [-76.394218, 2.602886], [-76.395496, 2.602707], [-76.395338, 2.603224], [-76.393387, 2.604515], [-76.394283, 2.605855], [-76.394638, 2.607469], [-76.394343, 2.60823], [-76.393434, 2.608618], [-76.393379, 2.609226], [-76.393912, 2.609536], [-76.394176, 2.610564], [-76.393571, 2.613273], [-76.393262, 2.613579], [-76.392654, 2.613526], [-76.392259, 2.612021], [-76.391035, 2.611997], [-76.390752, 2.611653], [-76.390508, 2.612066], [-76.388726, 2.611025], [-76.388275, 2.611726], [-76.388503, 2.61263], [-76.385222, 2.617425], [-76.384002, 2.617147], [-76.383656, 2.616765], [-76.382307, 2.617497], [-76.382424, 2.618092], [-76.382099, 2.618316], [-76.380917, 2.617983], [-76.380768, 2.617446], [-76.379614, 2.616995], [-76.380216, 2.617937], [-76.378742, 2.618929], [-76.378176, 2.620868], [-76.377262, 2.620997], [-76.377512, 2.621937], [-76.375992, 2.621541], [-76.374743, 2.62061], [-76.373426, 2.621504], [-76.37049, 2.621836], [-76.370182, 2.62375], [-76.369105, 2.622916], [-76.367455, 2.625465], [-76.366907, 2.62537], [-76.366156, 2.626402], [-76.365446, 2.626562], [-76.365102, 2.625648]]]}, "properties": {"zu_cnmbre": "SILVIA", "zu_narea": 4835278.16703, "zu_nano": 2025}},{"type": "Feature", "geometry": {"type": "Polygon", "coordinates": [[[-76.61111, 2.256934], [-76.612124, 2.25593], [-76.611328, 2.254268], [-76.611452, 2.253591], [-76.612227, 2.253915], [-76.61219, 2.252899], [-76.611668, 2.251603], [-76.610292, 2.250472], [-76.611072, 2.250816], [-76.612072, 2.250705], [-76.611294, 2.250132], [-76.611766, 2.249462], [-76.613194, 2.24968], [-76.613385, 2.249438], [-76.613581, 2.250492], [-76.614749, 2.250936], [-76.615222, 2.251747], [-76.61511, 2.252111], [-76.615565, 2.252199], [-76.614975, 2.252973], [-76.615578, 2.253967], [-76.615286, 2.254195], [-76.61705, 2.255441], [-76.615448, 2.254672], [-76.615075, 2.254874], [-76.615285, 2.255827], [-76.614739, 2.256764], [-76.614479, 2.256152], [-76.613735, 2.25571], [-76.611347, 2.257166], [-76.61111, 2.256934]]]}, "properties": {"zu_cnmbre": "PAISPAMBA", "zu_narea": 280651.650011, "zu_nano": 2025}},{"type": "Feature", "geometry": {"type": "Polygon", "coordinates": [[[-76.927169, 2.040608], [-76.925431, 2.040566], [-76.925219, 2.039535], [-76.923577, 2.039678], [-76.923079, 2.038915], [-76.92368, 2.037441], [-76.924655, 2.036488], [-76.925071, 2.035415], [-76.925195, 2.036], [-76.925464, 2.03575], [-76.925861, 2.036104], [-76.926646, 2.037323], [-76.927778, 2.036905], [-76.927677, 2.037506], [-76.92854, 2.038048], [-76.928896, 2.037658], [-76.930367, 2.037252], [-76.931439, 2.037451], [-76.931146, 2.038204], [-76.929044, 2.038921], [-76.928129, 2.038154], [-76.927515, 2.038222], [-76.926844, 2.039082], [-76.926303, 2.039264], [-76.92766, 2.039875], [-76.927665, 2.040192], [-76.927118, 2.040183], [-76.927169, 2.040608]]]}, "properties": {"zu_cnmbre": "SUCRE", "zu_narea": 206468.840645, "zu_nano": 2025}},{"type": "Feature", "geometry": {"type": "Polygon", "coordinates": [[[-76.898376, 2.079189], [-76.896507, 2.079099], [-76.896739, 2.078334], [-76.897104, 2.078308], [-76.897232, 2.07758], [-76.897458, 2.077639], [-76.8984, 2.076003], [-76.898758, 2.078275], [-76.898376, 2.079189]]]}, "properties": {"zu_cnmbre": "EL PARAÍSO", "zu_narea": 47297.6473982, "zu_nano": 2025}},{"type": "Feature", "geometry": {"type": "Polygon", "coordinates": [[[-76.689492, 2.972811], [-76.686558, 2.972782], [-76.685767, 2.970575], [-76.687512, 2.967817], [-76.688613, 2.961482], [-76.687142, 2.960638], [-76.68687, 2.959947], [-76.686256, 2.959667], [-76.686645, 2.958426], [-76.68673, 2.955501], [-76.688708, 2.954668], [-76.688716, 2.954338], [-76.689444, 2.953831], [-76.689998, 2.951615], [-76.690669, 2.950658], [-76.69544, 2.95085], [-76.695406, 2.950593], [-76.697176, 2.950305], [-76.698198, 2.949661], [-76.698562, 2.949944], [-76.69823, 2.950425], [-76.700446, 2.952321], [-76.70107, 2.952214], [-76.700986, 2.951771], [-76.701401, 2.951184], [-76.70213, 2.95124], [-76.702309, 2.951558], [-76.70194, 2.952654], [-76.703063, 2.953997], [-76.702484, 2.954809], [-76.70248, 2.956247], [-76.703896, 2.957336], [-76.702522, 2.957559], [-76.70215, 2.958244], [-76.701479, 2.957987], [-76.701427, 2.958506], [-76.700613, 2.959044], [-76.700248, 2.960503], [-76.699685, 2.960956], [-76.699246, 2.960498], [-76.699443, 2.961414], [-76.698134, 2.962618], [-76.696882, 2.96277], [-76.695985, 2.96327], [-76.696592, 2.964107], [-76.696511, 2.964964], [-76.696178, 2.964997], [-76.696021, 2.966097], [-76.694344, 2.967082], [-76.694658, 2.969073], [-76.692387, 2.96992], [-76.691209, 2.970521], [-76.690195, 2.97154], [-76.68931, 2.971705], [-76.689492, 2.972811]]]}, "properties": {"zu_cnmbre": "SUÁREZ", "zu_narea": 2821577.4746, "zu_nano": 2025}},{"type": "Feature", "geometry": {"type": "Polygon", "coordinates": [[[-76.68785, 2.915988], [-76.687089, 2.916421], [-76.686707, 2.915127], [-76.687171, 2.914641], [-76.687091, 2.913389], [-76.686644, 2.912623], [-76.685865, 2.909535], [-76.684983, 2.908775], [-76.685002, 2.906544], [-76.68328, 2.903494], [-76.683789, 2.902721], [-76.683631, 2.902099], [-76.68402, 2.900907], [-76.684864, 2.900174], [-76.684898, 2.899705], [-76.685395, 2.899746], [-76.685641, 2.90062], [-76.686408, 2.901335], [-76.686394, 2.902307], [-76.687055, 2.903705], [-76.686856, 2.903896], [-76.687214, 2.904205], [-76.687389, 2.904024], [-76.68793, 2.904964], [-76.689742, 2.905394], [-76.690455, 2.905974], [-76.690995, 2.905835], [-76.691183, 2.905366], [-76.691558, 2.905601], [-76.690529, 2.906785], [-76.690818, 2.908194], [-76.690275, 2.907279], [-76.689523, 2.908202], [-76.689169, 2.908211], [-76.689724, 2.907816], [-76.690029, 2.906757], [-76.689371, 2.905846], [-76.687879, 2.906839], [-76.687858, 2.907449], [-76.687618, 2.907483], [-76.687629, 2.906975], [-76.686727, 2.906834], [-76.685268, 2.907218], [-76.685361, 2.907892], [-76.685918, 2.908107], [-76.685595, 2.908492], [-76.688178, 2.910219], [-76.68868, 2.909255], [-76.689149, 2.909764], [-76.68872, 2.909855], [-76.688419, 2.910792], [-76.68914, 2.911506], [-76.689904, 2.91117], [-76.690558, 2.911292], [-76.690449, 2.91162], [-76.691027, 2.911539], [-76.691774, 2.912315], [-76.69269, 2.912089], [-76.692776, 2.912487], [-76.693373, 2.91188], [-76.692976, 2.913237], [-76.693961, 2.913803], [-76.693056, 2.913813], [-76.692191, 2.913131], [-76.691675, 2.91317], [-76.691266, 2.912464], [-76.690189, 2.912188], [-76.690137, 2.911845], [-76.689067, 2.911845], [-76.688047, 2.911009], [-76.687385, 2.911074], [-76.686804, 2.912678], [-76.687586, 2.913717], [-76.687444, 2.914242], [-76.688498, 2.915378], [-76.688876, 2.916513], [-76.68785, 2.915988]]]}, "properties": {"zu_cnmbre": "LA TOMA", "zu_narea": 455139.69555, "zu_nano": 2025}},{"type": "Feature", "geometry": {"type": "Polygon", "coordinates": [[[-77.665199, 2.776869], [-77.664451, 2.777459], [-77.663241, 2.776579], [-77.662609, 2.777131], [-77.662561, 2.777812], [-77.661885, 2.77863], [-77.661661, 2.778449], [-77.661904, 2.778126], [-77.661095, 2.777517], [-77.661305, 2.777155], [-77.66178, 2.777455], [-77.662104, 2.777255], [-77.662309, 2.776517], [-77.66268, 2.776636], [-77.662654, 2.775901], [-77.66295, 2.77561], [-77.662338, 2.775019], [-77.662161, 2.774259], [-77.6612, 2.774603], [-77.65948, 2.772954], [-77.65999, 2.772961], [-77.660804, 2.772037], [-77.661197, 2.772454], [-77.661503, 2.772144], [-77.661473, 2.771826], [-77.662134, 2.771352], [-77.662188, 2.770178], [-77.662826, 2.769199], [-77.663624, 2.769794], [-77.667835, 2.770829], [-77.669513, 2.772471], [-77.67025, 2.7756], [-77.67257, 2.779252], [-77.672489, 2.780467], [-77.673408, 2.783736], [-77.673027, 2.785678], [-77.671086, 2.786744], [-77.670215, 2.786682], [-77.670638, 2.785864], [-77.669477, 2.785469], [-77.668211, 2.784317], [-77.66775, 2.783308], [-77.667602, 2.781823], [-77.665865, 2.779082], [-77.665199, 2.776869]]]}, "properties": {"zu_cnmbre": "TIMBIQUÍ", "zu_narea": 1309618.40409, "zu_nano": 2025}},{"type": "Feature", "geometry": {"type": "Polygon", "coordinates": [[[-77.642996, 2.797973], [-77.641228, 2.795929], [-77.641799, 2.795091], [-77.642912, 2.795583], [-77.64328, 2.795063], [-77.643486, 2.79569], [-77.644103, 2.796018], [-77.643861, 2.796511], [-77.644268, 2.796739], [-77.643879, 2.797447], [-77.642996, 2.797973]]]}, "properties": {"zu_cnmbre": "BUBUEY", "zu_narea": 59271.6110646, "zu_nano": 2025}},{"type": "Feature", "geometry": {"type": "Polygon", "coordinates": [[[-77.580841, 2.589927], [-77.579109, 2.589296], [-77.579061, 2.588896], [-77.579766, 2.588676], [-77.578605, 2.58707], [-77.57903, 2.586747], [-77.579498, 2.585522], [-77.580257, 2.585778], [-77.58077, 2.587617], [-77.581864, 2.58816], [-77.580841, 2.589927]]]}, "properties": {"zu_cnmbre": "SANTA MARÍA", "zu_narea": 91648.8051871, "zu_nano": 2025}},{"type": "Feature", "geometry": {"type": "Polygon", "coordinates": [[[-76.681211, 2.360346], [-76.681141, 2.359424], [-76.679528, 2.359482], [-76.680178, 2.357858], [-76.681154, 2.357347], [-76.68293, 2.355032], [-76.681475, 2.353547], [-76.679826, 2.352589], [-76.678294, 2.353515], [-76.675903, 2.352325], [-76.674932, 2.352597], [-76.673877, 2.352418], [-76.673383, 2.351989], [-76.672703, 2.352345], [-76.671732, 2.351727], [-76.671892, 2.351463], [-76.67109, 2.351384], [-76.66939, 2.350409], [-76.669335, 2.350091], [-76.670258, 2.350101], [-76.670317, 2.349831], [-76.671672, 2.350202], [-76.6726, 2.349763], [-76.672665, 2.350008], [-76.673208, 2.349921], [-76.673432, 2.348993], [-76.672843, 2.348577], [-76.67274, 2.3476], [-76.673457, 2.346329], [-76.673107, 2.34605], [-76.673944, 2.34487], [-76.674566, 2.345443], [-76.675722, 2.34526], [-76.676528, 2.345862], [-76.676683, 2.34641], [-76.679375, 2.349315], [-76.681994, 2.349623], [-76.682961, 2.349152], [-76.683742, 2.349664], [-76.683344, 2.34832], [-76.683677, 2.3467], [-76.684612, 2.346306], [-76.685297, 2.345434], [-76.68454, 2.344612], [-76.684119, 2.344692], [-76.68406, 2.3443], [-76.683634, 2.34423], [-76.683249, 2.344649], [-76.682694, 2.344606], [-76.682399, 2.344235], [-76.682594, 2.343976], [-76.683398, 2.344259], [-76.683988, 2.343547], [-76.682685, 2.34019], [-76.682848, 2.339679], [-76.683329, 2.339832], [-76.683964, 2.342035], [-76.684272, 2.341419], [-76.68402, 2.341104], [-76.684484, 2.340838], [-76.687609, 2.340431], [-76.68768, 2.340674], [-76.686734, 2.341178], [-76.685631, 2.340963], [-76.684714, 2.341313], [-76.68405, 2.342315], [-76.684595, 2.344605], [-76.684766, 2.34475], [-76.685275, 2.344266], [-76.685909, 2.344391], [-76.686313, 2.345276], [-76.68724, 2.345461], [-76.688198, 2.344087], [-76.689556, 2.343942], [-76.690635, 2.344523], [-76.692278, 2.343267], [-76.692275, 2.340979], [-76.69368, 2.340691], [-76.694428, 2.33998], [-76.69432, 2.337833], [-76.69568, 2.338031], [-76.69669, 2.339273], [-76.696497, 2.340652], [-76.695783, 2.341697], [-76.696184, 2.341943], [-76.695897, 2.342598], [-76.696335, 2.342981], [-76.69578, 2.343671], [-76.696496, 2.344576], [-76.696462, 2.345058], [-76.695391, 2.344965], [-76.694789, 2.345845], [-76.693714, 2.34551], [-76.69242, 2.346151], [-76.6922, 2.347945], [-76.691148, 2.348214], [-76.690732, 2.347608], [-76.689821, 2.350451], [-76.69021, 2.350852], [-76.690034, 2.351248], [-76.689611, 2.351313], [-76.687807, 2.353153], [-76.688295, 2.355119], [-76.688181, 2.354484], [-76.688522, 2.354273], [-76.688003, 2.353496], [-76.688573, 2.353074], [-76.688985, 2.353713], [-76.689739, 2.355931], [-76.68948, 2.356075], [-76.688531, 2.354991], [-76.68833, 2.355152], [-76.690386, 2.358179], [-76.689465, 2.358404], [-76.688812, 2.357749], [-76.688362, 2.357768], [-76.688149, 2.357155], [-76.686629, 2.356876], [-76.686123, 2.356051], [-76.684956, 2.355668], [-76.684729, 2.357966], [-76.685438, 2.360185], [-76.684066, 2.359277], [-76.683758, 2.359368], [-76.684559, 2.359901], [-76.682766, 2.360406], [-76.681211, 2.360346]]]}, "properties": {"zu_cnmbre": "TIMBÍO", "zu_narea": 2351048.35319, "zu_nano": 2025}},{"type": "Feature", "geometry": {"type": "Polygon", "coordinates": [[[-77.468918, 2.703821], [-77.468361, 2.703757], [-77.468504, 2.702377], [-77.46996, 2.701577], [-77.470314, 2.702284], [-77.470388, 2.704101], [-77.469642, 2.703586], [-77.469742, 2.704251], [-77.468837, 2.70456], [-77.468918, 2.703821]]]}, "properties": {"zu_cnmbre": "SANTA ROSA DE SAIJA", "zu_narea": 50502.2924166, "zu_nano": 2025}},{"type": "Feature", "geometry": {"type": "MultiPolygon", "coordinates": [[[[-77.623131, 2.873999], [-77.622348, 2.874119], [-77.622288, 2.87351], [-77.622064, 2.873742], [-77.621946, 2.87338], [-77.621689, 2.873645], [-77.621079, 2.873542], [-77.621714, 2.872725], [-77.621539, 2.872329], [-77.620598, 2.8729], [-77.620283, 2.873776], [-77.61992, 2.872875], [-77.619263, 2.87284], [-77.619572, 2.872156], [-77.619121, 2.871505], [-77.619732, 2.871055], [-77.619054, 2.869916], [-77.619383, 2.870101], [-77.619864, 2.869652], [-77.619, 2.868625], [-77.619035, 2.868143], [-77.619628, 2.867984], [-77.619627, 2.867564], [-77.620842, 2.867204], [-77.622665, 2.869973], [-77.626948, 2.872728], [-77.625608, 2.873794], [-77.625061, 2.873786], [-77.624543, 2.872106], [-77.622949, 2.872188], [-77.622917, 2.87243], [-77.623617, 2.872738], [-77.623527, 2.872961], [-77.622626, 2.872901], [-77.62239, 2.872539], [-77.622736, 2.873775], [-77.623131, 2.873999]]], [[[-77.6253, 2.869518], [-77.623153, 2.868091], [-77.623123, 2.867014], [-77.623581, 2.867169], [-77.623754, 2.868275], [-77.625074, 2.868751], [-77.6253, 2.869518]]], [[[-77.628554, 2.871452], [-77.628108, 2.87138], [-77.627827, 2.871359], [-77.628114, 2.870905], [-77.628554, 2.871452]]]]}, "properties": {"zu_cnmbre": "PUERTO SAIJA", "zu_narea": 303644.72951, "zu_nano": 2025}},{"type": "Feature", "geometry": {"type": "Polygon", "coordinates": [[[-77.475686, 2.745415], [-77.475123, 2.74493], [-77.476408, 2.743527], [-77.476914, 2.744109], [-77.477205, 2.745247], [-77.475686, 2.745415]]]}, "properties": {"zu_cnmbre": "ANGOSTURA", "zu_narea": 27665.3287044, "zu_nano": 2025}},{"type": "Feature", "geometry": {"type": "Polygon", "coordinates": [[[-77.632594, 2.885509], [-77.63191, 2.884504], [-77.632106, 2.884429], [-77.631451, 2.8825], [-77.63087, 2.881962], [-77.631089, 2.88182], [-77.630427, 2.880587], [-77.629966, 2.88004], [-77.629623, 2.880059], [-77.629614, 2.879569], [-77.628795, 2.879454], [-77.629085, 2.879088], [-77.628567, 2.87884], [-77.629314, 2.877796], [-77.62836, 2.876539], [-77.628073, 2.874695], [-77.628985, 2.874583], [-77.628946, 2.875641], [-77.629334, 2.876138], [-77.629358, 2.876953], [-77.631244, 2.879009], [-77.63183, 2.878964], [-77.631696, 2.879252], [-77.632014, 2.879677], [-77.631541, 2.879329], [-77.631265, 2.879335], [-77.631955, 2.879769], [-77.632249, 2.879698], [-77.632098, 2.879913], [-77.634007, 2.883154], [-77.63236, 2.883861], [-77.633067, 2.886082], [-77.632924, 2.886385], [-77.632359, 2.885741], [-77.632594, 2.885509]]]}, "properties": {"zu_cnmbre": "LOS BRASOS", "zu_narea": 210204.513326, "zu_nano": 2025}},{"type": "Feature", "geometry": {"type": "Polygon", "coordinates": [[[-77.47239, 2.766941], [-77.472517, 2.765961], [-77.472209, 2.765592], [-77.47245, 2.765314], [-77.474451, 2.766134], [-77.474325, 2.766575], [-77.473658, 2.766434], [-77.47302, 2.767055], [-77.47239, 2.766941]]]}, "properties": {"zu_cnmbre": "PIZARE", "zu_narea": 23124.8904834, "zu_nano": 2025}},{"type": "Feature", "geometry": {"type": "Polygon", "coordinates": [[[-76.442349, 3.203185], [-76.442294, 3.202195], [-76.441777, 3.201722], [-76.440936, 3.201955], [-76.440462, 3.200722], [-76.439702, 3.201247], [-76.44031, 3.202009], [-76.439821, 3.202553], [-76.439511, 3.201719], [-76.4389, 3.201543], [-76.438295, 3.202936], [-76.437413, 3.202244], [-76.438209, 3.200807], [-76.438586, 3.201072], [-76.439031, 3.200439], [-76.438269, 3.200175], [-76.437756, 3.199012], [-76.438147, 3.19857], [-76.439579, 3.198967], [-76.439923, 3.197431], [-76.438583, 3.1973], [-76.439063, 3.196464], [-76.439304, 3.196606], [-76.439957, 3.19594], [-76.441984, 3.196328], [-76.442281, 3.195918], [-76.442829, 3.196281], [-76.442834, 3.196783], [-76.443188, 3.196963], [-76.443118, 3.198708], [-76.441789, 3.198007], [-76.441202, 3.198079], [-76.440896, 3.198392], [-76.440933, 3.199055], [-76.440198, 3.199348], [-76.440635, 3.199546], [-76.441083, 3.200596], [-76.441977, 3.200135], [-76.44232, 3.200196], [-76.442244, 3.200493], [-76.443244, 3.200623], [-76.443812, 3.200146], [-76.443922, 3.200441], [-76.444304, 3.200204], [-76.443593, 3.200954], [-76.4437, 3.201554], [-76.445099, 3.202514], [-76.443806, 3.204347], [-76.442349, 3.203185]]]}, "properties": {"zu_cnmbre": "PRIMAVERA", "zu_narea": 314760.082654, "zu_nano": 2025}},{"type": "Feature", "geometry": {"type": "Polygon", "coordinates": [[[-76.2706, 2.963263], [-76.268732, 2.962009], [-76.268268, 2.961005], [-76.269017, 2.959199], [-76.268889, 2.958744], [-76.267963, 2.958335], [-76.266904, 2.957278], [-76.266356, 2.957656], [-76.266054, 2.957309], [-76.266533, 2.956617], [-76.265911, 2.956169], [-76.265595, 2.955447], [-76.26575, 2.95455], [-76.265371, 2.954054], [-76.265701, 2.953267], [-76.265388, 2.952595], [-76.265931, 2.95263], [-76.265637, 2.952268], [-76.265955, 2.952064], [-76.266145, 2.95097], [-76.266989, 2.950255], [-76.266784, 2.949775], [-76.270465, 2.949025], [-76.27245, 2.947611], [-76.273101, 2.946497], [-76.274533, 2.947207], [-76.274842, 2.946805], [-76.274692, 2.946242], [-76.275286, 2.946131], [-76.275707, 2.945621], [-76.276883, 2.946815], [-76.276474, 2.947105], [-76.276724, 2.947248], [-76.276486, 2.947495], [-76.276754, 2.947828], [-76.27665, 2.948485], [-76.276043, 2.948075], [-76.275614, 2.948566], [-76.275153, 2.949361], [-76.275412, 2.949621], [-76.275326, 2.95019], [-76.274761, 2.951244], [-76.274018, 2.951351], [-76.273277, 2.952065], [-76.273188, 2.953393], [-76.272149, 2.953691], [-76.270566, 2.954729], [-76.270674, 2.955529], [-76.27008, 2.955819], [-76.270748, 2.956021], [-76.270903, 2.956761], [-76.270391, 2.957263], [-76.270368, 2.957749], [-76.27091, 2.958747], [-76.269718, 2.959901], [-76.270407, 2.960335], [-76.269975, 2.961173], [-76.27055, 2.961748], [-76.270386, 2.962412], [-76.271155, 2.962606], [-76.271158, 2.963239], [-76.270584, 2.963605], [-76.2706, 2.963263]]]}, "properties": {"zu_cnmbre": "TORIBÍO", "zu_narea": 950050.326373, "zu_nano": 2025}},{"type": "Feature", "geometry": {"type": "Polygon", "coordinates": [[[-76.407605, 2.512695], [-76.406582, 2.512495], [-76.406044, 2.512105], [-76.405954, 2.511633], [-76.405531, 2.511786], [-76.404595, 2.511472], [-76.404221, 2.512161], [-76.402675, 2.512063], [-76.402393, 2.512622], [-76.401758, 2.512746], [-76.401485, 2.513143], [-76.399689, 2.513194], [-76.39925, 2.512803], [-76.39853, 2.512913], [-76.398518, 2.512541], [-76.397585, 2.512317], [-76.397308, 2.511924], [-76.396288, 2.511734], [-76.39421, 2.510226], [-76.393492, 2.510522], [-76.392496, 2.510176], [-76.392147, 2.508958], [-76.395225, 2.510004], [-76.397108, 2.508471], [-76.39751, 2.508478], [-76.398468, 2.509308], [-76.399354, 2.508395], [-76.400926, 2.508609], [-76.403207, 2.507594], [-76.403451, 2.507216], [-76.404012, 2.507399], [-76.404392, 2.506902], [-76.405399, 2.507981], [-76.405307, 2.508502], [-76.406171, 2.508384], [-76.406866, 2.507715], [-76.407327, 2.508001], [-76.40863, 2.507895], [-76.409057, 2.508363], [-76.409518, 2.507856], [-76.410025, 2.508563], [-76.410596, 2.507256], [-76.411424, 2.507285], [-76.412738, 2.509178], [-76.40998, 2.510905], [-76.409917, 2.511496], [-76.410289, 2.511858], [-76.409937, 2.51221], [-76.410729, 2.512522], [-76.409951, 2.512826], [-76.410087, 2.513033], [-76.409393, 2.513911], [-76.407605, 2.512695]]]}, "properties": {"zu_cnmbre": "TOTORÓ", "zu_narea": 876580.285216, "zu_nano": 2025}},{"type": "Feature", "geometry": {"type": "Polygon", "coordinates": [[[-76.238495, 3.02403], [-76.239412, 3.023608], [-76.23849, 3.022785], [-76.239189, 3.022725], [-76.240606, 3.02], [-76.240701, 3.019138], [-76.241694, 3.019545], [-76.24272, 3.018336], [-76.242786, 3.017689], [-76.242988, 3.018389], [-76.242075, 3.019455], [-76.243413, 3.019332], [-76.244345, 3.018463], [-76.244759, 3.018679], [-76.244418, 3.019378], [-76.24555, 3.018084], [-76.245929, 3.018044], [-76.243944, 3.02196], [-76.241727, 3.021087], [-76.241784, 3.02214], [-76.242896, 3.021888], [-76.242586, 3.022854], [-76.241006, 3.022272], [-76.240779, 3.023097], [-76.240365, 3.023038], [-76.239874, 3.023476], [-76.240537, 3.023667], [-76.239309, 3.025134], [-76.239143, 3.024428], [-76.238495, 3.02403]]]}, "properties": {"zu_cnmbre": "TACUEYO", "zu_narea": 214804.25668, "zu_nano": 2025}},{"type": "Feature", "geometry": {"type": "Polygon", "coordinates": [[[-76.235365, 3.022987], [-76.234033, 3.023372], [-76.2338, 3.022932], [-76.233145, 3.023006], [-76.232841, 3.022701], [-76.232634, 3.023284], [-76.23168, 3.023517], [-76.231614, 3.022696], [-76.23059, 3.022508], [-76.230579, 3.022746], [-76.230169, 3.022738], [-76.229356, 3.021757], [-76.229709, 3.021626], [-76.230346, 3.021969], [-76.230139, 3.021383], [-76.230712, 3.021221], [-76.231559, 3.022033], [-76.233769, 3.02212], [-76.23395, 3.022444], [-76.23466, 3.022147], [-76.236027, 3.022561], [-76.236534, 3.022169], [-76.237345, 3.02286], [-76.238254, 3.022682], [-76.238372, 3.024165], [-76.235365, 3.022987]]]}, "properties": {"zu_cnmbre": "EL HUILA", "zu_narea": 108850.944113, "zu_nano": 2025}},{"type": "Feature", "geometry": {"type": "Polygon", "coordinates": [[[-76.451005, 3.190677], [-76.448902, 3.188769], [-76.447441, 3.190016], [-76.446603, 3.189915], [-76.447371, 3.186368], [-76.450951, 3.178104], [-76.451941, 3.176492], [-76.452923, 3.177729], [-76.453501, 3.176573], [-76.45405, 3.176795], [-76.455952, 3.173959], [-76.456484, 3.173911], [-76.456673, 3.17271], [-76.455779, 3.172541], [-76.455887, 3.1714], [-76.455244, 3.171538], [-76.45462, 3.172459], [-76.453934, 3.172057], [-76.452626, 3.171956], [-76.451942, 3.171094], [-76.450899, 3.170932], [-76.449849, 3.167679], [-76.44924, 3.167193], [-76.449585, 3.166703], [-76.449186, 3.165534], [-76.449447, 3.164685], [-76.449856, 3.164099], [-76.4528, 3.166555], [-76.453471, 3.16679], [-76.456797, 3.165663], [-76.457917, 3.164989], [-76.457199, 3.170012], [-76.459021, 3.167461], [-76.459424, 3.16762], [-76.460443, 3.167024], [-76.461744, 3.168084], [-76.46294, 3.168449], [-76.463375, 3.169898], [-76.465967, 3.171106], [-76.465516, 3.17256], [-76.465802, 3.173267], [-76.46566, 3.17405], [-76.466667, 3.174636], [-76.467254, 3.175602], [-76.466724, 3.176254], [-76.468759, 3.177916], [-76.469935, 3.17936], [-76.467913, 3.183021], [-76.468603, 3.184587], [-76.468025, 3.185406], [-76.466811, 3.185278], [-76.466629, 3.186472], [-76.465804, 3.186381], [-76.464456, 3.185605], [-76.463333, 3.18383], [-76.462881, 3.183789], [-76.462762, 3.184052], [-76.46121, 3.183759], [-76.460893, 3.1846], [-76.460012, 3.184169], [-76.459421, 3.181903], [-76.458171, 3.181057], [-76.457305, 3.181296], [-76.456428, 3.182297], [-76.455622, 3.182698], [-76.455482, 3.184209], [-76.454643, 3.185073], [-76.454618, 3.187297], [-76.453616, 3.188602], [-76.452237, 3.189437], [-76.451005, 3.190677]]]}, "properties": {"zu_cnmbre": "VILLA RICA", "zu_narea": 3643343.19288, "zu_nano": 2025}},{"type": "Feature", "geometry": {"type": "Polygon", "coordinates": [[[-76.443109, 3.222617], [-76.442758, 3.222765], [-76.443109, 3.221623], [-76.44255, 3.220551], [-76.442829, 3.220623], [-76.443103, 3.219266], [-76.443753, 3.218143], [-76.444138, 3.219173], [-76.443595, 3.219392], [-76.443521, 3.221505], [-76.443786, 3.221893], [-76.444219, 3.221765], [-76.444337, 3.22217], [-76.444074, 3.223549], [-76.443116, 3.223515], [-76.443109, 3.222617]]]}, "properties": {"zu_cnmbre": "JUAN IGNACIO", "zu_narea": 52322.1089185, "zu_nano": 2025}},{"type": "Feature", "geometry": {"type": "Polygon", "coordinates": [[[-76.428458, 3.221894], [-76.428745, 3.219232], [-76.429276, 3.21917], [-76.430374, 3.216344], [-76.429986, 3.216028], [-76.429613, 3.213848], [-76.430223, 3.213025], [-76.430149, 3.211135], [-76.429329, 3.209874], [-76.429841, 3.209496], [-76.4306, 3.21052], [-76.431148, 3.209902], [-76.431073, 3.209432], [-76.431855, 3.209267], [-76.432115, 3.208613], [-76.431835, 3.208325], [-76.432559, 3.20799], [-76.432894, 3.206653], [-76.43342, 3.20618], [-76.43386, 3.206288], [-76.435013, 3.204902], [-76.435575, 3.205296], [-76.435246, 3.205765], [-76.435994, 3.206306], [-76.434522, 3.208071], [-76.434806, 3.208277], [-76.431262, 3.213451], [-76.431477, 3.215149], [-76.432298, 3.215184], [-76.43255, 3.215631], [-76.432118, 3.216216], [-76.431057, 3.216119], [-76.429824, 3.219553], [-76.43111, 3.220242], [-76.428458, 3.221894]]]}, "properties": {"zu_cnmbre": "PERICO NEGRO", "zu_narea": 367668.330355, "zu_nano": 2025}},{"type": "Feature", "geometry": {"type": "Polygon", "coordinates": [[[-75.698901, 2.639491], [-75.698548, 2.63836], [-75.698996, 2.637999], [-75.699236, 2.63841], [-75.699986, 2.638564], [-75.700057, 2.639062], [-75.699672, 2.638651], [-75.699028, 2.638907], [-75.698901, 2.639491]]]}, "properties": {"zu_cnmbre": "SAN LUIS", "zu_narea": 9319.9121582, "zu_nano": 2025}},{"type": "Feature", "geometry": {"type": "Polygon", "coordinates": [[[-75.225017, 2.895767], [-75.225945, 2.89712], [-75.226517, 2.898686], [-75.226232, 2.899297], [-75.226792, 2.899679], [-75.227127, 2.901636], [-75.224669, 2.900431], [-75.222399, 2.897577], [-75.224296, 2.89711], [-75.225017, 2.895767]]]}, "properties": {"zu_cnmbre": "MOSCOVIA", "zu_narea": 153030.461527, "zu_nano": 2025}},{"type": "Feature", "geometry": {"type": "MultiPolygon", "coordinates": [[[[-75.507801, 2.280429], [-75.506901, 2.279084], [-75.507064, 2.278984], [-75.507962, 2.280092], [-75.508911, 2.279533], [-75.508342, 2.280283], [-75.507801, 2.280429]]], [[[-75.509806, 2.27913], [-75.510199, 2.2788], [-75.510155, 2.2791], [-75.509806, 2.27913]]]]}, "properties": {"zu_cnmbre": "LA CHIQUITA", "zu_narea": 10674.4755049, "zu_nano": 2025}},{"type": "Feature", "geometry": {"type": "Polygon", "coordinates": [[[-75.276269, 3.103867], [-75.275216, 3.103813], [-75.27428, 3.103196], [-75.274458, 3.102936], [-75.273557, 3.101596], [-75.273754, 3.101068], [-75.273089, 3.100847], [-75.274351, 3.100141], [-75.27458, 3.100429], [-75.275636, 3.099335], [-75.276057, 3.09983], [-75.27689, 3.099991], [-75.276778, 3.100384], [-75.277085, 3.100598], [-75.277442, 3.100401], [-75.277714, 3.100499], [-75.277587, 3.100763], [-75.278492, 3.101008], [-75.279063, 3.100661], [-75.27872, 3.101122], [-75.279031, 3.101175], [-75.278663, 3.103077], [-75.277331, 3.103325], [-75.276323, 3.104137], [-75.276269, 3.103867]]]}, "properties": {"zu_cnmbre": "GUACIRCO", "zu_narea": 200692.950848, "zu_nano": 2025}},{"type": "Feature", "geometry": {"type": "Polygon", "coordinates": [[[-75.193619, 3.374948], [-75.193352, 3.373953], [-75.192496, 3.374021], [-75.192498, 3.37303], [-75.192853, 3.373042], [-75.192914, 3.372554], [-75.193936, 3.372935], [-75.194273, 3.371668], [-75.19494, 3.372282], [-75.195325, 3.37185], [-75.195662, 3.372212], [-75.196655, 3.371498], [-75.197536, 3.37203], [-75.197464, 3.373456], [-75.196163, 3.373146], [-75.196106, 3.374231], [-75.194295, 3.374453], [-75.193619, 3.374948]]]}, "properties": {"zu_cnmbre": "EL PATA", "zu_narea": 113962.020871, "zu_nano": 2025}},{"type": "Feature", "geometry": {"type": "Polygon", "coordinates": [[[-75.003781, 2.902803], [-75.003496, 2.901022], [-75.004675, 2.899005], [-75.00512, 2.897374], [-75.005416, 2.897478], [-75.004951, 2.899989], [-75.004375, 2.901245], [-75.004482, 2.902642], [-75.003781, 2.902803]]]}, "properties": {"zu_cnmbre": "EL COLEGIO", "zu_narea": 47844.0202384, "zu_nano": 2025}},{"type": "Feature", "geometry": {"type": "Polygon", "coordinates": [[[-75.287094, 3.106708], [-75.287215, 3.106037], [-75.287536, 3.105619], [-75.287856, 3.105689], [-75.288375, 3.103674], [-75.289596, 3.104019], [-75.289111, 3.105873], [-75.288836, 3.105933], [-75.288337, 3.105298], [-75.288094, 3.10595], [-75.288535, 3.106056], [-75.288393, 3.10659], [-75.287675, 3.106424], [-75.287561, 3.106815], [-75.287094, 3.106708]]]}, "properties": {"zu_cnmbre": "CRUCE DE GUACIRCO", "zu_narea": 39622.6506137, "zu_nano": 2025}},{"type": "Feature", "geometry": {"type": "Polygon", "coordinates": [[[-74.97048, 2.933748], [-74.970395, 2.933347], [-74.971181, 2.932448], [-74.970907, 2.931494], [-74.971157, 2.931376], [-74.971466, 2.93199], [-74.971285, 2.932933], [-74.973442, 2.933024], [-74.974113, 2.932211], [-74.974354, 2.932445], [-74.974294, 2.933319], [-74.973407, 2.933893], [-74.971781, 2.933678], [-74.971184, 2.934062], [-74.97048, 2.933748]]]}, "properties": {"zu_cnmbre": "PIEDRA MARCADA", "zu_narea": 46636.3186308, "zu_nano": 2025}},{"type": "Feature", "geometry": {"type": "Polygon", "coordinates": [[[-75.220601, 2.866538], [-75.220813, 2.86558], [-75.220585, 2.865454], [-75.221087, 2.864395], [-75.221747, 2.864556], [-75.221713, 2.864822], [-75.222519, 2.864943], [-75.222623, 2.864637], [-75.224229, 2.865141], [-75.224548, 2.864121], [-75.226015, 2.865426], [-75.227024, 2.865004], [-75.227281, 2.86545], [-75.228264, 2.86525], [-75.228713, 2.864968], [-75.228576, 2.864524], [-75.230435, 2.862825], [-75.230782, 2.863245], [-75.230527, 2.862428], [-75.232626, 2.861934], [-75.233312, 2.860228], [-75.235211, 2.860846], [-75.236409, 2.86038], [-75.236631, 2.86168], [-75.23763, 2.861435], [-75.237701, 2.86205], [-75.23804, 2.861621], [-75.240696, 2.863668], [-75.24063, 2.864315], [-75.239926, 2.865218], [-75.238047, 2.866253], [-75.237749, 2.866876], [-75.236327, 2.865915], [-75.235002, 2.865503], [-75.232781, 2.866091], [-75.231861, 2.865427], [-75.230586, 2.865089], [-75.226741, 2.865802], [-75.225028, 2.866702], [-75.22322, 2.866463], [-75.222376, 2.866884], [-75.220601, 2.866538]]]}, "properties": {"zu_cnmbre": "CAGUÁN", "zu_narea": 676948.154261, "zu_nano": 2025}},{"type": "Feature", "geometry": {"type": "Polygon", "coordinates": [[[-75.513656, 3.189297], [-75.513548, 3.189059], [-75.512993, 3.189239], [-75.513067, 3.188357], [-75.512326, 3.18669], [-75.511573, 3.186807], [-75.512433, 3.186516], [-75.512048, 3.185984], [-75.513268, 3.185808], [-75.513839, 3.186139], [-75.513397, 3.186726], [-75.514054, 3.187922], [-75.513824, 3.188032], [-75.51418, 3.188998], [-75.515154, 3.189067], [-75.515114, 3.189365], [-75.513656, 3.189297]]]}, "properties": {"zu_cnmbre": "CHAPINERO", "zu_narea": 49671.5226696, "zu_nano": 2025}},{"type": "Feature", "geometry": {"type": "MultiPolygon", "coordinates": [[[[-75.250096, 3.039582], [-75.249579, 3.039228], [-75.249206, 3.038073], [-75.248915, 3.038173], [-75.248815, 3.037907], [-75.248082, 3.0381], [-75.24776, 3.038596], [-75.246644, 3.038171], [-75.246405, 3.038333], [-75.246178, 3.037648], [-75.24638, 3.03734], [-75.246746, 3.037109], [-75.247215, 3.037382], [-75.24756, 3.036827], [-75.247443, 3.03641], [-75.248515, 3.035665], [-75.247567, 3.035331], [-75.24779, 3.034358], [-75.249122, 3.034642], [-75.249358, 3.033589], [-75.249829, 3.03409], [-75.250221, 3.033952], [-75.250317, 3.033526], [-75.250803, 3.03383], [-75.251628, 3.033183], [-75.252708, 3.033212], [-75.252801, 3.03283], [-75.254086, 3.03391], [-75.255142, 3.034337], [-75.255052, 3.036677], [-75.254681, 3.036746], [-75.254646, 3.037197], [-75.254079, 3.037235], [-75.255268, 3.038744], [-75.25412, 3.038393], [-75.253285, 3.037036], [-75.252603, 3.03735], [-75.253393, 3.038937], [-75.252235, 3.038853], [-75.252241, 3.039671], [-75.250096, 3.039582]]], [[[-75.250149, 3.032088], [-75.250339, 3.031458], [-75.250876, 3.031633], [-75.250487, 3.032196], [-75.250149, 3.032088]]]]}, "properties": {"zu_cnmbre": "FORTALECILLAS", "zu_narea": 460127.597088, "zu_nano": 2025}},{"type": "Feature", "geometry": {"type": "Polygon", "coordinates": [[[-75.063743, 2.942039], [-75.062845, 2.941128], [-75.060659, 2.936832], [-75.060106, 2.936792], [-75.060077, 2.936443], [-75.060861, 2.936512], [-75.061534, 2.937345], [-75.062643, 2.936891], [-75.063426, 2.937405], [-75.063641, 2.937034], [-75.064242, 2.938355], [-75.064932, 2.938646], [-75.065453, 2.938367], [-75.066287, 2.939166], [-75.066277, 2.940336], [-75.065356, 2.942055], [-75.063743, 2.942039]]]}, "properties": {"zu_cnmbre": "PALACIOS", "zu_narea": 206687.076758, "zu_nano": 2025}},{"type": "Feature", "geometry": {"type": "Polygon", "coordinates": [[[-75.54138, 2.19816], [-75.540264, 2.197832], [-75.541312, 2.195323], [-75.540613, 2.195285], [-75.540679, 2.194815], [-75.540278, 2.19448], [-75.54118, 2.193768], [-75.54286, 2.194551], [-75.543021, 2.194759], [-75.542404, 2.195404], [-75.543349, 2.195848], [-75.5422, 2.196237], [-75.54138, 2.19816]]]}, "properties": {"zu_cnmbre": "SANTA MARTA", "zu_narea": 82407.7609036, "zu_nano": 2025}},{"type": "Feature", "geometry": {"type": "Polygon", "coordinates": [[[-74.978707, 2.931227], [-74.978676, 2.930695], [-74.980335, 2.929403], [-74.980371, 2.930081], [-74.979333, 2.930584], [-74.979677, 2.931559], [-74.978707, 2.931227]]]}, "properties": {"zu_cnmbre": "CEDRALITO", "zu_narea": 17519.6568984, "zu_nano": 2025}},{"type": "Feature", "geometry": {"type": "Polygon", "coordinates": [[[-75.486975, 3.08557], [-75.486343, 3.085356], [-75.485785, 3.084491], [-75.485119, 3.084174], [-75.485165, 3.083278], [-75.484546, 3.083133], [-75.483703, 3.082095], [-75.48356, 3.081471], [-75.484067, 3.080714], [-75.484937, 3.080405], [-75.485432, 3.08146], [-75.485792, 3.081581], [-75.486081, 3.084592], [-75.486461, 3.085047], [-75.487056, 3.084946], [-75.487735, 3.085339], [-75.486975, 3.08557]]]}, "properties": {"zu_cnmbre": "SAN LUIS", "zu_narea": 79920.6857253, "zu_nano": 2025}},{"type": "Feature", "geometry": {"type": "MultiPolygon", "coordinates": [[[[-75.556804, 3.125516], [-75.557575, 3.125312], [-75.558118, 3.123845], [-75.559234, 3.125291], [-75.559681, 3.125391], [-75.557558, 3.125379], [-75.556995, 3.12574], [-75.556804, 3.125516]]], [[[-75.557838, 3.122865], [-75.557937, 3.123503], [-75.557784, 3.123521], [-75.557741, 3.123238], [-75.557838, 3.122865]]]]}, "properties": {"zu_cnmbre": "AIPECITO", "zu_narea": 22799.5676864, "zu_nano": 2025}},{"type": "Feature", "geometry": {"type": "Polygon", "coordinates": [[[-75.60041, 3.091479], [-75.60005, 3.091742], [-75.599913, 3.091464], [-75.600433, 3.090726], [-75.600426, 3.090509], [-75.600075, 3.090607], [-75.600121, 3.090219], [-75.602424, 3.089621], [-75.602772, 3.090664], [-75.602435, 3.090942], [-75.602755, 3.091553], [-75.601987, 3.091818], [-75.601862, 3.091404], [-75.601306, 3.091458], [-75.600648, 3.091841], [-75.60041, 3.091479]]]}, "properties": {"zu_cnmbre": "PRADERA", "zu_narea": 52563.4901163, "zu_nano": 2025}},{"type": "Feature", "geometry": {"type": "Polygon", "coordinates": [[[-75.527874, 3.106659], [-75.525964, 3.105547], [-75.524092, 3.106297], [-75.523771, 3.105379], [-75.525062, 3.105521], [-75.525386, 3.104904], [-75.528106, 3.106374], [-75.52862, 3.106358], [-75.52791, 3.107262], [-75.527874, 3.106659]]]}, "properties": {"zu_cnmbre": "LA JULIA", "zu_narea": 31218.8044922, "zu_nano": 2025}},{"type": "Feature", "geometry": {"type": "Polygon", "coordinates": [[[-75.494934, 3.271296], [-75.493172, 3.270773], [-75.492274, 3.270869], [-75.492271, 3.271229], [-75.491518, 3.27074], [-75.490447, 3.270843], [-75.490183, 3.270579], [-75.490611, 3.268634], [-75.491272, 3.267879], [-75.491107, 3.267113], [-75.49034, 3.2666], [-75.491694, 3.26643], [-75.492042, 3.265825], [-75.492891, 3.265705], [-75.492282, 3.266567], [-75.492888, 3.268173], [-75.494233, 3.26872], [-75.494107, 3.26896], [-75.494918, 3.270335], [-75.494665, 3.270629], [-75.494934, 3.271296]]]}, "properties": {"zu_cnmbre": "PRAGA", "zu_narea": 175806.927243, "zu_nano": 2025}},{"type": "Feature", "geometry": {"type": "Polygon", "coordinates": [[[-75.09926, 2.931083], [-75.099384, 2.930726], [-75.098983, 2.931059], [-75.098682, 2.930187], [-75.098992, 2.929819], [-75.099, 2.928703], [-75.097815, 2.927535], [-75.098953, 2.927274], [-75.0992, 2.926632], [-75.100026, 2.926441], [-75.099406, 2.925785], [-75.100101, 2.925616], [-75.099547, 2.925282], [-75.099761, 2.924792], [-75.100529, 2.924629], [-75.100668, 2.924435], [-75.100327, 2.924181], [-75.100544, 2.923829], [-75.10138, 2.923909], [-75.102346, 2.925014], [-75.102962, 2.925269], [-75.103262, 2.92588], [-75.104239, 2.926058], [-75.104147, 2.926673], [-75.103097, 2.925962], [-75.102758, 2.925356], [-75.101765, 2.92542], [-75.101247, 2.926594], [-75.101837, 2.927572], [-75.101599, 2.927849], [-75.101951, 2.928482], [-75.101539, 2.928716], [-75.102024, 2.92938], [-75.10162, 2.929625], [-75.101255, 2.930784], [-75.100229, 2.93041], [-75.100206, 2.93092], [-75.099646, 2.93137], [-75.09926, 2.931083]]]}, "properties": {"zu_cnmbre": "SAN ANTONIO DE ANACONIA", "zu_narea": 218136.381924, "zu_nano": 2025}},{"type": "Feature", "geometry": {"type": "Polygon", "coordinates": [[[-75.197385, 2.872336], [-75.196809, 2.871839], [-75.19633, 2.872231], [-75.195874, 2.871631], [-75.194297, 2.868088], [-75.194507, 2.867031], [-75.193617, 2.867107], [-75.193265, 2.866784], [-75.19356, 2.86557], [-75.192856, 2.864828], [-75.192765, 2.86262], [-75.19218, 2.861796], [-75.192913, 2.861101], [-75.193241, 2.860245], [-75.193765, 2.860092], [-75.194123, 2.859256], [-75.192903, 2.858668], [-75.193199, 2.858179], [-75.194558, 2.858803], [-75.195058, 2.85795], [-75.19842, 2.858032], [-75.198524, 2.859103], [-75.19914, 2.858998], [-75.199141, 2.859348], [-75.200602, 2.859642], [-75.200376, 2.859963], [-75.200556, 2.860247], [-75.200102, 2.8606], [-75.199912, 2.86192], [-75.201316, 2.862575], [-75.202831, 2.860636], [-75.203488, 2.861421], [-75.205682, 2.862587], [-75.206478, 2.863661], [-75.207119, 2.86275], [-75.208404, 2.862632], [-75.208625, 2.861901], [-75.209142, 2.862164], [-75.209508, 2.86189], [-75.210942, 2.86283], [-75.212303, 2.862445], [-75.212651, 2.862954], [-75.213298, 2.862911], [-75.214088, 2.863882], [-75.215044, 2.863701], [-75.21709, 2.864644], [-75.218618, 2.864708], [-75.220065, 2.863315], [-75.220451, 2.863237], [-75.220873, 2.86378], [-75.220465, 2.865506], [-75.220004, 2.865471], [-75.219605, 2.867226], [-75.217741, 2.867252], [-75.216704, 2.867952], [-75.216824, 2.869905], [-75.216015, 2.871511], [-75.215182, 2.872249], [-75.212601, 2.871458], [-75.210929, 2.871874], [-75.208499, 2.870431], [-75.206784, 2.871065], [-75.204777, 2.870922], [-75.203612, 2.869407], [-75.202378, 2.869016], [-75.201597, 2.869682], [-75.200741, 2.869263], [-75.199361, 2.869139], [-75.198504, 2.868464], [-75.197817, 2.868502], [-75.199392, 2.870788], [-75.197385, 2.872336]]]}, "properties": {"zu_cnmbre": "EL TRIUNFO", "zu_narea": 2810883.27235, "zu_nano": 2025}},{"type": "Feature", "geometry": {"type": "Polygon", "coordinates": [[[-75.269788, 2.988029], [-75.268925, 2.987935], [-75.26897, 2.987506], [-75.270427, 2.987807], [-75.270641, 2.986833], [-75.271062, 2.986937], [-75.271193, 2.987635], [-75.271708, 2.987472], [-75.274472, 2.984898], [-75.274454, 2.983392], [-75.275373, 2.983389], [-75.275959, 2.985311], [-75.278413, 2.984591], [-75.280331, 2.983249], [-75.280533, 2.983649], [-75.280635, 2.984268], [-75.279732, 2.984567], [-75.279607, 2.984251], [-75.277505, 2.985222], [-75.278062, 2.986849], [-75.276912, 2.988139], [-75.274449, 2.988338], [-75.274098, 2.987136], [-75.271186, 2.98895], [-75.269788, 2.988029]]]}, "properties": {"zu_cnmbre": "EL VENADO", "zu_narea": 260124.303081, "zu_nano": 2025}},{"type": "Feature", "geometry": {"type": "Polygon", "coordinates": [[[-75.261543, 3.060398], [-75.261083, 3.059508], [-75.262935, 3.058537], [-75.261727, 3.056574], [-75.262046, 3.056213], [-75.265561, 3.056855], [-75.266405, 3.055864], [-75.266673, 3.055983], [-75.266477, 3.056601], [-75.267003, 3.05678], [-75.267241, 3.056322], [-75.267815, 3.056687], [-75.267582, 3.057133], [-75.268776, 3.057269], [-75.270979, 3.059748], [-75.270673, 3.060099], [-75.270101, 3.059537], [-75.268418, 3.058948], [-75.268232, 3.05814], [-75.267536, 3.058646], [-75.267336, 3.059223], [-75.266103, 3.058441], [-75.264711, 3.058522], [-75.264622, 3.059597], [-75.263736, 3.059329], [-75.263087, 3.0597], [-75.262873, 3.059311], [-75.261909, 3.059772], [-75.261543, 3.060398]]]}, "properties": {"zu_cnmbre": "SAN JORGE", "zu_narea": 213266.40916, "zu_nano": 2025}},{"type": "Feature", "geometry": {"type": "Polygon", "coordinates": [[[-75.883388, 1.810953], [-75.881811, 1.809949], [-75.881681, 1.810178], [-75.880689, 1.809961], [-75.882125, 1.80607], [-75.882555, 1.806132], [-75.884338, 1.804216], [-75.886044, 1.805464], [-75.885812, 1.805007], [-75.886154, 1.804441], [-75.886602, 1.804706], [-75.888026, 1.800663], [-75.886392, 1.800335], [-75.886599, 1.799942], [-75.88852, 1.800247], [-75.888785, 1.799002], [-75.889846, 1.799463], [-75.8902, 1.799147], [-75.890625, 1.799488], [-75.891178, 1.799371], [-75.891701, 1.800414], [-75.892897, 1.801438], [-75.893626, 1.801538], [-75.89491, 1.801028], [-75.895511, 1.801306], [-75.895624, 1.801795], [-75.896669, 1.801254], [-75.896997, 1.801581], [-75.89709, 1.803807], [-75.89543, 1.803336], [-75.894567, 1.804344], [-75.893122, 1.805051], [-75.893726, 1.805962], [-75.892644, 1.806707], [-75.892169, 1.807873], [-75.891146, 1.807848], [-75.89054, 1.80902], [-75.889001, 1.808149], [-75.888167, 1.80907], [-75.887724, 1.808634], [-75.886908, 1.809723], [-75.886646, 1.809172], [-75.886519, 1.809607], [-75.88565, 1.810255], [-75.883388, 1.810953]]]}, "properties": {"zu_cnmbre": "ACEVEDO", "zu_narea": 1107518.21567, "zu_nano": 2025}},{"type": "Feature", "geometry": {"type": "MultiPolygon", "coordinates": [[[[-76.022223, 1.714716], [-76.024476, 1.712963], [-76.024993, 1.712126], [-76.024303, 1.710158], [-76.023351, 1.71009], [-76.023608, 1.709706], [-76.024228, 1.709449], [-76.024793, 1.709887], [-76.024999, 1.710553], [-76.025818, 1.710429], [-76.026799, 1.709933], [-76.026524, 1.709675], [-76.026826, 1.70908], [-76.02749, 1.709081], [-76.027698, 1.709693], [-76.026704, 1.711498], [-76.027027, 1.712363], [-76.027922, 1.713088], [-76.026943, 1.712718], [-76.026162, 1.713681], [-76.02581, 1.713532], [-76.024674, 1.714122], [-76.023845, 1.714112], [-76.023259, 1.715283], [-76.022223, 1.714716]]], [[[-76.027929, 1.710845], [-76.027831, 1.711233], [-76.027439, 1.710642], [-76.028316, 1.710726], [-76.027929, 1.710845]]]]}, "properties": {"zu_cnmbre": "SAN ADOLFO", "zu_narea": 146532.893306, "zu_nano": 2025}},{"type": "Feature", "geometry": {"type": "Polygon", "coordinates": [[[-75.772941, 2.270828], [-75.771768, 2.271064], [-75.770502, 2.269994], [-75.769908, 2.263518], [-75.770444, 2.261842], [-75.769953, 2.262054], [-75.768923, 2.260047], [-75.768736, 2.258977], [-75.768004, 2.258554], [-75.7679, 2.258112], [-75.765652, 2.258594], [-75.76488, 2.256713], [-75.764957, 2.2561], [-75.767023, 2.255678], [-75.768187, 2.254005], [-75.767835, 2.252902], [-75.767565, 2.252919], [-75.767675, 2.252408], [-75.76683, 2.252298], [-75.766981, 2.251835], [-75.766348, 2.251646], [-75.765568, 2.250862], [-75.765688, 2.250409], [-75.766226, 2.250104], [-75.76863, 2.250507], [-75.768603, 2.250307], [-75.769588, 2.250283], [-75.770515, 2.250894], [-75.771143, 2.251914], [-75.77348, 2.252022], [-75.774429, 2.252627], [-75.776028, 2.252944], [-75.775984, 2.256619], [-75.77699, 2.257317], [-75.776679, 2.258018], [-75.775881, 2.257703], [-75.777029, 2.26754], [-75.774952, 2.268811], [-75.773581, 2.270562], [-75.773465, 2.271133], [-75.772941, 2.270828]]]}, "properties": {"zu_cnmbre": "AGRADO", "zu_narea": 1769696.59425, "zu_nano": 2025}},{"type": "Feature", "geometry": {"type": "Polygon", "coordinates": [[[-75.672296, 2.184141], [-75.671061, 2.182214], [-75.672381, 2.181487], [-75.673913, 2.183609], [-75.672296, 2.184141]]]}, "properties": {"zu_cnmbre": "LA CAÑADA", "zu_narea": 45882.7691489, "zu_nano": 2025}},{"type": "Feature", "geometry": {"type": "Polygon", "coordinates": [[[-75.732523, 2.228989], [-75.734003, 2.228725], [-75.734118, 2.229875], [-75.732763, 2.230283], [-75.732523, 2.228989]]]}, "properties": {"zu_cnmbre": "SAN JOSÉ DE BELÉN", "zu_narea": 21801.1587611, "zu_nano": 2025}},{"type": "Feature", "geometry": {"type": "Polygon", "coordinates": [[[-75.521291, 3.313588], [-75.52161, 3.312371], [-75.520757, 3.312082], [-75.522475, 3.31195], [-75.522789, 3.311036], [-75.52212, 3.309334], [-75.522318, 3.309552], [-75.522494, 3.309333], [-75.523304, 3.311524], [-75.522063, 3.313476], [-75.521291, 3.313588]]]}, "properties": {"zu_cnmbre": "LA CEJA - MESITAS", "zu_narea": 36599.1661484, "zu_nano": 2025}},{"type": "Feature", "geometry": {"type": "Polygon", "coordinates": [[[-75.787233, 2.068296], [-75.786581, 2.067422], [-75.785761, 2.067414], [-75.783985, 2.066429], [-75.783514, 2.065274], [-75.784259, 2.064579], [-75.783699, 2.064532], [-75.783894, 2.063751], [-75.784278, 2.063766], [-75.784505, 2.063375], [-75.785178, 2.063415], [-75.785908, 2.062822], [-75.785318, 2.062227], [-75.786575, 2.061751], [-75.78637, 2.061425], [-75.787329, 2.060564], [-75.788112, 2.06095], [-75.789906, 2.058786], [-75.790206, 2.059497], [-75.791045, 2.058269], [-75.792758, 2.059353], [-75.793409, 2.061992], [-75.792864, 2.062422], [-75.792563, 2.062185], [-75.791914, 2.062523], [-75.791527, 2.063613], [-75.791268, 2.063568], [-75.791059, 2.064745], [-75.789961, 2.065656], [-75.789462, 2.066746], [-75.790016, 2.066962], [-75.789231, 2.068466], [-75.7883, 2.068265], [-75.787826, 2.070477], [-75.78642, 2.070158], [-75.787233, 2.068296]]]}, "properties": {"zu_cnmbre": "ALTAMIRA", "zu_narea": 674370.684488, "zu_nano": 2025}},{"type": "Feature", "geometry": {"type": "Polygon", "coordinates": [[[-75.711946, 2.160276], [-75.71184, 2.158678], [-75.715624, 2.158546], [-75.715669, 2.160158], [-75.711946, 2.160276]]]}, "properties": {"zu_cnmbre": "LLANO DE LA VIRGEN", "zu_narea": 74082.2564106, "zu_nano": 2025}},{"type": "Feature", "geometry": {"type": "Polygon", "coordinates": [[[-75.212851, 2.608452], [-75.21192, 2.607451], [-75.215218, 2.604664], [-75.216049, 2.604875], [-75.21632, 2.605464], [-75.21683, 2.605179], [-75.217299, 2.605807], [-75.217047, 2.606095], [-75.217304, 2.607011], [-75.217056, 2.607154], [-75.216808, 2.606801], [-75.214967, 2.608333], [-75.214327, 2.608244], [-75.213938, 2.60769], [-75.212851, 2.608452]]]}, "properties": {"zu_cnmbre": "EL PARAÍSO NUEVO", "zu_narea": 142243.807479, "zu_nano": 2025}},{"type": "Feature", "geometry": {"type": "Polygon", "coordinates": [[[-75.775082, 2.028312], [-75.776997, 2.025226], [-75.777487, 2.023268], [-75.778081, 2.0231], [-75.778518, 2.020865], [-75.778749, 2.02093], [-75.778975, 2.021161], [-75.778635, 2.022703], [-75.778981, 2.022858], [-75.778829, 2.023237], [-75.780396, 2.024274], [-75.77898, 2.024396], [-75.778631, 2.024883], [-75.77803, 2.024924], [-75.777902, 2.026766], [-75.777339, 2.028161], [-75.776736, 2.027868], [-75.775659, 2.028677], [-75.775082, 2.028312]]]}, "properties": {"zu_cnmbre": "PUENTE", "zu_narea": 126545.713199, "zu_nano": 2025}},{"type": "Feature", "geometry": {"type": "Polygon", "coordinates": [[[-75.351035, 2.624413], [-75.348408, 2.623056], [-75.348113, 2.623708], [-75.347994, 2.623134], [-75.347355, 2.622975], [-75.347176, 2.622455], [-75.346221, 2.62169], [-75.346201, 2.620081], [-75.345904, 2.619541], [-75.346538, 2.61654], [-75.348979, 2.612056], [-75.349932, 2.612644], [-75.351532, 2.612093], [-75.353397, 2.612242], [-75.353081, 2.61348], [-75.352647, 2.613587], [-75.352486, 2.614842], [-75.353555, 2.615847], [-75.353341, 2.616899], [-75.352443, 2.617851], [-75.353073, 2.619779], [-75.352996, 2.620409], [-75.351913, 2.621623], [-75.35166, 2.623345], [-75.351035, 2.624413]]]}, "properties": {"zu_cnmbre": "RÍO NEIVA", "zu_narea": 807330.182192, "zu_nano": 2025}},{"type": "Feature", "geometry": {"type": "Polygon", "coordinates": [[[-75.208514, 2.614911], [-75.207918, 2.613964], [-75.208168, 2.612002], [-75.210297, 2.609237], [-75.210918, 2.609356], [-75.210061, 2.610253], [-75.21019, 2.610807], [-75.21064, 2.611007], [-75.208478, 2.614093], [-75.208835, 2.614507], [-75.208514, 2.614911]]]}, "properties": {"zu_cnmbre": "EL PARAÍSO VIEJO", "zu_narea": 69172.5747816, "zu_nano": 2025}},{"type": "Feature", "geometry": {"type": "Polygon", "coordinates": [[[-75.396643, 2.445632], [-75.396294, 2.444688], [-75.395783, 2.445468], [-75.39529, 2.444681], [-75.395918, 2.443048], [-75.396577, 2.442539], [-75.397064, 2.442736], [-75.397623, 2.442423], [-75.398059, 2.443418], [-75.397662, 2.443913], [-75.397619, 2.444693], [-75.397014, 2.44487], [-75.396876, 2.445531], [-75.396643, 2.445632]]]}, "properties": {"zu_cnmbre": "LA ARCADIA", "zu_narea": 61337.9812629, "zu_nano": 2025}},{"type": "Feature", "geometry": {"type": "Polygon", "coordinates": [[[-75.405808, 2.421327], [-75.404908, 2.420617], [-75.405101, 2.42041], [-75.404746, 2.419197], [-75.405544, 2.418817], [-75.406255, 2.418972], [-75.406361, 2.419278], [-75.405599, 2.420268], [-75.406327, 2.420926], [-75.405808, 2.421327]]]}, "properties": {"zu_cnmbre": "EL TORO", "zu_narea": 27889.1542005, "zu_nano": 2025}},{"type": "Feature", "geometry": {"type": "Polygon", "coordinates": [[[-75.050478, 3.157131], [-75.0498, 3.157094], [-75.049729, 3.154467], [-75.048802, 3.153152], [-75.047833, 3.153052], [-75.047443, 3.15239], [-75.049208, 3.151498], [-75.051204, 3.151769], [-75.051203, 3.151214], [-75.054043, 3.150451], [-75.054269, 3.150965], [-75.054482, 3.150373], [-75.055516, 3.149874], [-75.055983, 3.14884], [-75.057283, 3.148741], [-75.057879, 3.147861], [-75.060975, 3.145849], [-75.061427, 3.145145], [-75.0629, 3.144649], [-75.063064, 3.145674], [-75.061886, 3.146196], [-75.061041, 3.145951], [-75.060052, 3.146998], [-75.060505, 3.147578], [-75.059734, 3.148862], [-75.059079, 3.148388], [-75.05836, 3.148726], [-75.058939, 3.148925], [-75.059352, 3.150271], [-75.060624, 3.150804], [-75.060651, 3.15156], [-75.05922, 3.151896], [-75.059441, 3.151198], [-75.058485, 3.150866], [-75.058024, 3.152902], [-75.058315, 3.152929], [-75.058288, 3.153485], [-75.058663, 3.153715], [-75.056334, 3.155227], [-75.057285, 3.156816], [-75.055474, 3.156477], [-75.0556, 3.15621], [-75.054059, 3.155035], [-75.053524, 3.156088], [-75.052168, 3.155734], [-75.051991, 3.156115], [-75.051733, 3.155682], [-75.051516, 3.156038], [-75.051596, 3.15547], [-75.050845, 3.1551], [-75.051053, 3.156928], [-75.050448, 3.15686], [-75.050478, 3.157131]]]}, "properties": {"zu_cnmbre": "BARAYA", "zu_narea": 747064.533147, "zu_nano": 2025}},{"type": "Feature", "geometry": {"type": "Polygon", "coordinates": [[[-75.342601, 2.652536], [-75.341663, 2.651719], [-75.340551, 2.652221], [-75.339775, 2.651969], [-75.339887, 2.651579], [-75.338819, 2.651183], [-75.339785, 2.650219], [-75.338066, 2.647979], [-75.33753, 2.647701], [-75.3353, 2.644501], [-75.335485, 2.643976], [-75.335063, 2.64339], [-75.335159, 2.643003], [-75.334499, 2.642221], [-75.335002, 2.641898], [-75.334638, 2.640732], [-75.335068, 2.640633], [-75.335427, 2.641436], [-75.336032, 2.64153], [-75.336504, 2.642137], [-75.338017, 2.642834], [-75.338775, 2.641724], [-75.338223, 2.641384], [-75.338691, 2.640564], [-75.342251, 2.641627], [-75.342186, 2.641872], [-75.342725, 2.641996], [-75.342237, 2.643554], [-75.344566, 2.644469], [-75.345357, 2.645483], [-75.346001, 2.645222], [-75.346245, 2.64578], [-75.346835, 2.645824], [-75.346629, 2.646489], [-75.345862, 2.645895], [-75.345582, 2.646067], [-75.344743, 2.647536], [-75.345194, 2.647505], [-75.344848, 2.648303], [-75.344248, 2.648852], [-75.343288, 2.648741], [-75.34225, 2.647835], [-75.341257, 2.648532], [-75.341101, 2.649101], [-75.341621, 2.64978], [-75.340603, 2.65094], [-75.341182, 2.651452], [-75.342201, 2.65114], [-75.342964, 2.652276], [-75.342601, 2.652536]]]}, "properties": {"zu_cnmbre": "LA VEGA", "zu_narea": 797734.856865, "zu_nano": 2025}},{"type": "Feature", "geometry": {"type": "Polygon", "coordinates": [[[-75.337791, 2.607601], [-75.336564, 2.607093], [-75.336058, 2.607485], [-75.335173, 2.607222], [-75.335239, 2.606156], [-75.332678, 2.601891], [-75.3332, 2.602224], [-75.334175, 2.602242], [-75.33475, 2.601753], [-75.335464, 2.601967], [-75.336147, 2.601721], [-75.338416, 2.603657], [-75.338518, 2.60439], [-75.339379, 2.604906], [-75.339262, 2.605772], [-75.337791, 2.607601]]]}, "properties": {"zu_cnmbre": "OTAS", "zu_narea": 275035.998047, "zu_nano": 2025}},{"type": "Feature", "geometry": {"type": "Polygon", "coordinates": [[[-75.298776, 2.721294], [-75.299751, 2.720293], [-75.298521, 2.719463], [-75.298946, 2.718781], [-75.300329, 2.719469], [-75.300612, 2.71915], [-75.30096, 2.719338], [-75.301474, 2.718397], [-75.302279, 2.718709], [-75.302637, 2.718203], [-75.303321, 2.718828], [-75.302674, 2.71959], [-75.302482, 2.719449], [-75.301893, 2.719918], [-75.302956, 2.720659], [-75.302128, 2.721262], [-75.301811, 2.720665], [-75.301071, 2.721339], [-75.300088, 2.721293], [-75.300369, 2.721959], [-75.299854, 2.722694], [-75.298845, 2.723132], [-75.298229, 2.722692], [-75.298776, 2.721294]]]}, "properties": {"zu_cnmbre": "BAJO PIRAVANTE", "zu_narea": 133371.812793, "zu_nano": 2025}},{"type": "Feature", "geometry": {"type": "Polygon", "coordinates": [[[-75.414001, 2.6015], [-75.412078, 2.602605], [-75.411435, 2.601417], [-75.411767, 2.600931], [-75.411156, 2.600207], [-75.412753, 2.599263], [-75.412928, 2.598535], [-75.41401, 2.598575], [-75.414477, 2.596772], [-75.415644, 2.595837], [-75.416833, 2.596529], [-75.417493, 2.59563], [-75.417839, 2.595991], [-75.418889, 2.595134], [-75.419594, 2.595719], [-75.421214, 2.598135], [-75.421036, 2.5987], [-75.421333, 2.59977], [-75.420982, 2.60008], [-75.42113, 2.600879], [-75.419679, 2.602774], [-75.417157, 2.603347], [-75.417423, 2.604394], [-75.414837, 2.605805], [-75.4153, 2.604175], [-75.414001, 2.6015]]]}, "properties": {"zu_cnmbre": "LOS ROSALES", "zu_narea": 699038.709644, "zu_nano": 2025}},{"type": "Feature", "geometry": {"type": "Polygon", "coordinates": [[[-74.803763, 3.382976], [-74.802336, 3.381591], [-74.803891, 3.380567], [-74.803626, 3.379725], [-74.801852, 3.378718], [-74.801275, 3.37869], [-74.800906, 3.379029], [-74.800045, 3.377724], [-74.799912, 3.376889], [-74.79875, 3.375874], [-74.798296, 3.374047], [-74.797541, 3.372743], [-74.797784, 3.371965], [-74.799931, 3.371671], [-74.799393, 3.371121], [-74.80059, 3.371342], [-74.802543, 3.370899], [-74.803021, 3.371362], [-74.803889, 3.374139], [-74.805911, 3.376363], [-74.806329, 3.377106], [-74.80641, 3.378446], [-74.807884, 3.379993], [-74.807743, 3.381773], [-74.807252, 3.381887], [-74.80705, 3.382469], [-74.803763, 3.382976]]]}, "properties": {"zu_cnmbre": "COLOMBIA", "zu_narea": 757614.829924, "zu_nano": 2025}},{"type": "Feature", "geometry": {"type": "Polygon", "coordinates": [[[-74.701453, 3.592796], [-74.700605, 3.59167], [-74.701602, 3.590735], [-74.701408, 3.58985], [-74.701042, 3.589777], [-74.70153, 3.58873], [-74.701753, 3.588531], [-74.70203, 3.588977], [-74.702313, 3.588822], [-74.703221, 3.587631], [-74.702926, 3.586971], [-74.704131, 3.585904], [-74.704812, 3.585874], [-74.705022, 3.584772], [-74.706101, 3.583712], [-74.705823, 3.583459], [-74.706137, 3.58306], [-74.706409, 3.583299], [-74.706899, 3.582606], [-74.707848, 3.583748], [-74.707677, 3.584602], [-74.708438, 3.585534], [-74.707946, 3.58669], [-74.708582, 3.587077], [-74.708157, 3.58756], [-74.709209, 3.588581], [-74.708419, 3.588596], [-74.707594, 3.589308], [-74.707588, 3.590036], [-74.704973, 3.590447], [-74.704864, 3.592298], [-74.703234, 3.592066], [-74.702828, 3.591441], [-74.701953, 3.591555], [-74.70194, 3.592392], [-74.701453, 3.592796]]]}, "properties": {"zu_cnmbre": "SANTANA", "zu_narea": 481218.093792, "zu_nano": 2025}},{"type": "Feature", "geometry": {"type": "Polygon", "coordinates": [[[-74.71598, 3.530215], [-74.715966, 3.529042], [-74.715626, 3.528811], [-74.716223, 3.527804], [-74.718479, 3.528889], [-74.719288, 3.530043], [-74.718574, 3.530143], [-74.718582, 3.530954], [-74.718069, 3.531995], [-74.717358, 3.530824], [-74.71598, 3.530215]]]}, "properties": {"zu_cnmbre": "SAN MARCOS", "zu_narea": 91304.5773092, "zu_nano": 2025}},{"type": "Feature", "geometry": {"type": "Polygon", "coordinates": [[[-75.938965, 2.016355], [-75.938151, 2.01546], [-75.937265, 2.013217], [-75.936081, 2.013934], [-75.933126, 2.014387], [-75.932217, 2.01253], [-75.930608, 2.012197], [-75.930366, 2.012042], [-75.930579, 2.01164], [-75.929945, 2.011561], [-75.930012, 2.010635], [-75.93328, 2.010371], [-75.933953, 2.010798], [-75.934185, 2.010352], [-75.937591, 2.011184], [-75.938986, 2.01036], [-75.939291, 2.011018], [-75.939833, 2.011101], [-75.940741, 2.011925], [-75.940619, 2.012325], [-75.941582, 2.012387], [-75.941985, 2.011041], [-75.945264, 2.012105], [-75.945247, 2.012399], [-75.945702, 2.0124], [-75.9465, 2.013059], [-75.946206, 2.013326], [-75.946173, 2.014296], [-75.945243, 2.014245], [-75.944762, 2.013795], [-75.943999, 2.013874], [-75.944197, 2.014762], [-75.942642, 2.014583], [-75.94258, 2.015114], [-75.941895, 2.015053], [-75.942223, 2.01554], [-75.941518, 2.015236], [-75.941535, 2.015564], [-75.940893, 2.015402], [-75.940248, 2.015758], [-75.940234, 2.016165], [-75.939267, 2.016045], [-75.938965, 2.016355]]]}, "properties": {"zu_cnmbre": "ELÍAS", "zu_narea": 629686.649246, "zu_nano": 2025}},{"type": "Feature", "geometry": {"type": "Polygon", "coordinates": [[[-75.904075, 2.019862], [-75.903309, 2.019885], [-75.903355, 2.019094], [-75.903107, 2.018876], [-75.90372, 2.018162], [-75.904145, 2.018347], [-75.905135, 2.017142], [-75.905865, 2.017228], [-75.906434, 2.015447], [-75.906019, 2.014982], [-75.906059, 2.014167], [-75.906835, 2.01381], [-75.907771, 2.014798], [-75.908125, 2.014693], [-75.909765, 2.015809], [-75.909104, 2.016867], [-75.909598, 2.017462], [-75.908709, 2.01828], [-75.908785, 2.018899], [-75.908214, 2.018766], [-75.908059, 2.018336], [-75.907705, 2.018622], [-75.907993, 2.018887], [-75.907833, 2.019182], [-75.906741, 2.018536], [-75.906281, 2.019129], [-75.906178, 2.018699], [-75.904404, 2.020617], [-75.904075, 2.019862]]]}, "properties": {"zu_cnmbre": "EL VISO", "zu_narea": 233931.645439, "zu_nano": 2025}},{"type": "Feature", "geometry": {"type": "Polygon", "coordinates": [[[-76.011576, 1.987095], [-76.011654, 1.98643], [-76.013399, 1.986337], [-76.012997, 1.985936], [-76.013198, 1.984953], [-76.012743, 1.984861], [-76.012434, 1.984335], [-76.012595, 1.983833], [-76.01348, 1.984726], [-76.013602, 1.985028], [-76.013186, 1.985583], [-76.01394, 1.985754], [-76.014007, 1.98665], [-76.01262, 1.98744], [-76.012802, 1.987958], [-76.011513, 1.988997], [-76.010996, 1.987772], [-76.011576, 1.987095]]]}, "properties": {"zu_cnmbre": "ORITOGUAZ", "zu_narea": 63995.9021482, "zu_nano": 2025}},{"type": "Feature", "geometry": {"type": "MultiPolygon", "coordinates": [[[[-75.520626, 2.251666], [-75.520283, 2.250827], [-75.521147, 2.250577], [-75.521548, 2.251427], [-75.520626, 2.251666]]], [[[-75.526814, 2.254283], [-75.527096, 2.253241], [-75.526233, 2.252943], [-75.526407, 2.252275], [-75.525513, 2.252219], [-75.525369, 2.252709], [-75.524614, 2.252848], [-75.523601, 2.252245], [-75.523522, 2.251135], [-75.522122, 2.251504], [-75.523306, 2.250791], [-75.522786, 2.250032], [-75.523326, 2.249822], [-75.523527, 2.250397], [-75.52443, 2.250135], [-75.526475, 2.2509], [-75.526594, 2.250505], [-75.526161, 2.250331], [-75.526099, 2.249848], [-75.527303, 2.249826], [-75.527789, 2.248904], [-75.52835, 2.249526], [-75.528998, 2.249474], [-75.528422, 2.250251], [-75.53006, 2.25028], [-75.529643, 2.25177], [-75.52986, 2.251852], [-75.529038, 2.253824], [-75.527339, 2.253323], [-75.526814, 2.254283]]]]}, "properties": {"zu_cnmbre": "ZULUAGA", "zu_narea": 247233.272319, "zu_nano": 2025}},{"type": "Feature", "geometry": {"type": "Polygon", "coordinates": [[[-75.536754, 2.229295], [-75.535697, 2.228829], [-75.535785, 2.228051], [-75.536101, 2.228064], [-75.536401, 2.227514], [-75.535182, 2.227301], [-75.5343, 2.226027], [-75.533845, 2.226411], [-75.533777, 2.226962], [-75.533259, 2.226801], [-75.533265, 2.226388], [-75.533881, 2.226043], [-75.533505, 2.22524], [-75.532123, 2.224929], [-75.531937, 2.225768], [-75.530791, 2.225933], [-75.530753, 2.225683], [-75.53133, 2.225441], [-75.531388, 2.223794], [-75.531033, 2.223342], [-75.532788, 2.223627], [-75.53295, 2.223972], [-75.532684, 2.224132], [-75.533155, 2.224341], [-75.533433, 2.224124], [-75.533374, 2.224523], [-75.53444, 2.225007], [-75.535144, 2.22618], [-75.536049, 2.226825], [-75.537381, 2.226895], [-75.53674, 2.227436], [-75.536754, 2.229295]]]}, "properties": {"zu_cnmbre": "SAN GERARDO", "zu_narea": 106716.327572, "zu_nano": 2025}},{"type": "Feature", "geometry": {"type": "Polygon", "coordinates": [[[-75.607991, 2.125157], [-75.60743, 2.124774], [-75.607379, 2.122896], [-75.606619, 2.12235], [-75.604734, 2.122046], [-75.604225, 2.121646], [-75.604398, 2.120922], [-75.603837, 2.120454], [-75.60534, 2.121313], [-75.60583, 2.120778], [-75.605484, 2.119453], [-75.604816, 2.118801], [-75.605194, 2.118458], [-75.604702, 2.118039], [-75.605714, 2.116597], [-75.605118, 2.115623], [-75.605436, 2.115524], [-75.605978, 2.115836], [-75.606529, 2.117523], [-75.606559, 2.118747], [-75.607635, 2.120534], [-75.607239, 2.12108], [-75.608305, 2.122921], [-75.607954, 2.12326], [-75.607991, 2.125157]]]}, "properties": {"zu_cnmbre": "EL PARAÍSO", "zu_narea": 158962.277025, "zu_nano": 2025}},{"type": "Feature", "geometry": {"type": "Polygon", "coordinates": [[[-75.628216, 2.107423], [-75.627942, 2.10661], [-75.625724, 2.105745], [-75.625774, 2.105234], [-75.6269, 2.105579], [-75.627323, 2.106189], [-75.628153, 2.106202], [-75.627532, 2.105912], [-75.627464, 2.105084], [-75.628602, 2.104958], [-75.628985, 2.104147], [-75.629628, 2.105352], [-75.628938, 2.105576], [-75.628715, 2.106527], [-75.628127, 2.106936], [-75.628216, 2.107423]]]}, "properties": {"zu_cnmbre": "CAGUANCITO", "zu_narea": 45582.8009911, "zu_nano": 2025}},{"type": "Feature", "geometry": {"type": "Polygon", "coordinates": [[[-75.623711, 2.253748], [-75.622573, 2.252793], [-75.622265, 2.253535], [-75.62125, 2.253722], [-75.621254, 2.251847], [-75.620422, 2.251116], [-75.620766, 2.250646], [-75.62034, 2.24988], [-75.621023, 2.249685], [-75.621405, 2.250919], [-75.624975, 2.252789], [-75.624421, 2.253618], [-75.624577, 2.253853], [-75.623711, 2.253748]]]}, "properties": {"zu_cnmbre": "JAGUALITO", "zu_narea": 88071.1853385, "zu_nano": 2025}},{"type": "Feature", "geometry": {"type": "MultiPolygon", "coordinates": [[[[-75.577695, 2.178524], [-75.577592, 2.177752], [-75.578787, 2.176693], [-75.578778, 2.176035], [-75.579728, 2.176204], [-75.579508, 2.177477], [-75.578699, 2.178464], [-75.579267, 2.179375], [-75.578833, 2.179839], [-75.577695, 2.178524]]], [[[-75.579862, 2.174], [-75.580903, 2.172718], [-75.581118, 2.173644], [-75.581557, 2.173923], [-75.5814, 2.174315], [-75.581023, 2.173689], [-75.580626, 2.17363], [-75.580072, 2.174395], [-75.579862, 2.174]]]]}, "properties": {"zu_cnmbre": "LA CABAÑA", "zu_narea": 62646.3403008, "zu_nano": 2025}},{"type": "Feature", "geometry": {"type": "Polygon", "coordinates": [[[-75.640855, 2.059541], [-75.639392, 2.057737], [-75.63925, 2.057289], [-75.639611, 2.056862], [-75.639976, 2.056813], [-75.640367, 2.057537], [-75.642121, 2.059021], [-75.643111, 2.062459], [-75.643384, 2.064324], [-75.643111, 2.06477], [-75.642069, 2.064742], [-75.641577, 2.064089], [-75.641946, 2.062802], [-75.641632, 2.061326], [-75.640855, 2.059541]]]}, "properties": {"zu_cnmbre": "SAN LUIS", "zu_narea": 133292.88496, "zu_nano": 2025}},{"type": "Feature", "geometry": {"type": "Polygon", "coordinates": [[[-75.474068, 2.477656], [-75.47676, 2.476473], [-75.478824, 2.476083], [-75.479983, 2.476587], [-75.479676, 2.476678], [-75.479703, 2.477015], [-75.474223, 2.478209], [-75.474068, 2.477656]]]}, "properties": {"zu_cnmbre": "EL MESÓN", "zu_narea": 68860.5408405, "zu_nano": 2025}},{"type": "Feature", "geometry": {"type": "Polygon", "coordinates": [[[-75.465828, 2.430033], [-75.465139, 2.429518], [-75.465295, 2.428827], [-75.465979, 2.429238], [-75.466027, 2.429712], [-75.465807, 2.429655], [-75.466051, 2.429841], [-75.465828, 2.430033]]]}, "properties": {"zu_cnmbre": "VUELTAS ARRIBA", "zu_narea": 6944.44299305, "zu_nano": 2025}},{"type": "Feature", "geometry": {"type": "Polygon", "coordinates": [[[-75.833778, 2.316401], [-75.835203, 2.315269], [-75.835107, 2.314956], [-75.834262, 2.314788], [-75.833707, 2.314236], [-75.833684, 2.31359], [-75.833214, 2.313583], [-75.833484, 2.312581], [-75.834058, 2.312341], [-75.833918, 2.311389], [-75.834279, 2.31261], [-75.834611, 2.312597], [-75.834716, 2.312925], [-75.835127, 2.312784], [-75.835436, 2.313229], [-75.835862, 2.315449], [-75.835148, 2.315544], [-75.834096, 2.316507], [-75.833778, 2.316401]]]}, "properties": {"zu_cnmbre": "EL SOCORRO", "zu_narea": 62809.7050663, "zu_nano": 2025}},{"type": "Feature", "geometry": {"type": "Polygon", "coordinates": [[[-75.542122, 2.391771], [-75.538394, 2.390495], [-75.537119, 2.391373], [-75.536885, 2.387125], [-75.536142, 2.385999], [-75.536091, 2.385094], [-75.537637, 2.384642], [-75.53883, 2.385021], [-75.540547, 2.385047], [-75.542248, 2.384435], [-75.543687, 2.384592], [-75.544329, 2.384311], [-75.545836, 2.384859], [-75.546045, 2.384146], [-75.545872, 2.381959], [-75.547486, 2.377666], [-75.548833, 2.378529], [-75.549713, 2.378652], [-75.550071, 2.378201], [-75.549615, 2.377831], [-75.551502, 2.377086], [-75.550769, 2.372928], [-75.55288, 2.37364], [-75.552716, 2.3721], [-75.554137, 2.37185], [-75.553052, 2.373699], [-75.556173, 2.375206], [-75.556608, 2.377521], [-75.55497, 2.378448], [-75.556125, 2.382479], [-75.554067, 2.383362], [-75.554481, 2.383877], [-75.554129, 2.384867], [-75.5531, 2.386177], [-75.552789, 2.387923], [-75.551718, 2.388185], [-75.550128, 2.389852], [-75.548487, 2.390583], [-75.546988, 2.390495], [-75.545442, 2.391077], [-75.544182, 2.390783], [-75.542122, 2.391771]]]}, "properties": {"zu_cnmbre": "GIGANTE", "zu_narea": 2161024.43336, "zu_nano": 2025}},{"type": "Feature", "geometry": {"type": "MultiPolygon", "coordinates": [[[[-75.487068, 2.379643], [-75.485378, 2.379092], [-75.485267, 2.378511], [-75.484897, 2.378491], [-75.48457, 2.377768], [-75.485631, 2.37764], [-75.485643, 2.378385], [-75.485997, 2.378813], [-75.487439, 2.378871], [-75.487068, 2.379643]]], [[[-75.483229, 2.376578], [-75.482919, 2.375993], [-75.483842, 2.376314], [-75.483825, 2.376623], [-75.483229, 2.376578]]], [[[-75.487603, 2.377537], [-75.487937, 2.378119], [-75.487303, 2.378559], [-75.486973, 2.378047], [-75.487603, 2.377537]]]]}, "properties": {"zu_cnmbre": "LA GRAN VÍA", "zu_narea": 37151.3658304, "zu_nano": 2025}},{"type": "Feature", "geometry": {"type": "Polygon", "coordinates": [[[-75.489588, 2.468705], [-75.489538, 2.468296], [-75.489089, 2.468279], [-75.489046, 2.46866], [-75.486623, 2.467046], [-75.486427, 2.467427], [-75.485503, 2.466198], [-75.484268, 2.465889], [-75.48372, 2.465309], [-75.483417, 2.465162], [-75.482956, 2.465494], [-75.482473, 2.465266], [-75.482381, 2.464809], [-75.481079, 2.464543], [-75.481331, 2.464083], [-75.48015, 2.462342], [-75.481296, 2.463841], [-75.481634, 2.463552], [-75.482535, 2.463882], [-75.483407, 2.464592], [-75.483281, 2.464866], [-75.4839, 2.465072], [-75.48536, 2.464749], [-75.486659, 2.465443], [-75.487974, 2.465152], [-75.487974, 2.464802], [-75.489025, 2.46477], [-75.490069, 2.466754], [-75.489949, 2.467593], [-75.490552, 2.467684], [-75.490475, 2.468098], [-75.489818, 2.467998], [-75.489588, 2.468705]]]}, "properties": {"zu_cnmbre": "POTRERILLOS", "zu_narea": 196137.968182, "zu_nano": 2025}},{"type": "Feature", "geometry": {"type": "Polygon", "coordinates": [[[-75.608938, 2.323849], [-75.608894, 2.321599], [-75.609528, 2.321485], [-75.610763, 2.320522], [-75.611077, 2.320757], [-75.610761, 2.321429], [-75.611193, 2.321553], [-75.611125, 2.322073], [-75.610325, 2.323549], [-75.614075, 2.323086], [-75.613972, 2.323601], [-75.612871, 2.3238], [-75.608938, 2.323849]]]}, "properties": {"zu_cnmbre": "RIOLORO", "zu_narea": 77744.8994434, "zu_nano": 2025}},{"type": "Feature", "geometry": {"type": "Polygon", "coordinates": [[[-75.50704, 2.299539], [-75.506737, 2.299458], [-75.506738, 2.29909], [-75.504911, 2.298589], [-75.506264, 2.298662], [-75.508581, 2.297311], [-75.508717, 2.297904], [-75.510457, 2.29816], [-75.51044, 2.298543], [-75.509502, 2.298845], [-75.508772, 2.29861], [-75.507567, 2.298917], [-75.50767, 2.300272], [-75.507005, 2.300329], [-75.50704, 2.299539]]]}, "properties": {"zu_cnmbre": "SILVANIA", "zu_narea": 58561.1277127, "zu_nano": 2025}},{"type": "Feature", "geometry": {"type": "Polygon", "coordinates": [[[-75.507908, 2.314163], [-75.505109, 2.313379], [-75.505064, 2.312877], [-75.506386, 2.312706], [-75.50649, 2.311984], [-75.507413, 2.312019], [-75.507269, 2.31317], [-75.50803, 2.313861], [-75.507908, 2.314163]]]}, "properties": {"zu_cnmbre": "EL JARDÍN", "zu_narea": 36024.3001496, "zu_nano": 2025}},{"type": "Feature", "geometry": {"type": "Polygon", "coordinates": [[[-75.486424, 2.375735], [-75.485258, 2.374536], [-75.485636, 2.374176], [-75.486737, 2.375424], [-75.486424, 2.375735]]]}, "properties": {"zu_cnmbre": "LA GRAN VÍA EL PORVENIR", "zu_narea": 10969.7876676, "zu_nano": 2025}},{"type": "Feature", "geometry": {"type": "Polygon", "coordinates": [[[-75.519213, 2.410981], [-75.518108, 2.41112], [-75.518058, 2.409188], [-75.515788, 2.409196], [-75.515382, 2.407794], [-75.515896, 2.407799], [-75.516038, 2.408333], [-75.518016, 2.407862], [-75.518242, 2.409077], [-75.519792, 2.409385], [-75.520062, 2.408857], [-75.521408, 2.408841], [-75.521636, 2.409292], [-75.522681, 2.409499], [-75.522648, 2.409726], [-75.5238, 2.409584], [-75.52444, 2.408996], [-75.524982, 2.409033], [-75.525089, 2.408664], [-75.525504, 2.408799], [-75.525897, 2.408214], [-75.526892, 2.408181], [-75.525577, 2.40889], [-75.522849, 2.411573], [-75.519213, 2.410981]]]}, "properties": {"zu_cnmbre": "EL RECREO", "zu_narea": 191228.260943, "zu_nano": 2025}},{"type": "Feature", "geometry": {"type": "Polygon", "coordinates": [[[-75.481582, 2.364857], [-75.481468, 2.364291], [-75.480778, 2.363721], [-75.481087, 2.363238], [-75.480938, 2.360811], [-75.481722, 2.35912], [-75.482047, 2.35913], [-75.481288, 2.360838], [-75.481394, 2.361894], [-75.481143, 2.361894], [-75.481617, 2.363234], [-75.482105, 2.363235], [-75.482562, 2.364167], [-75.481582, 2.364857]]]}, "properties": {"zu_cnmbre": "LA BODEGA", "zu_narea": 39417.0806913, "zu_nano": 2025}},{"type": "Feature", "geometry": {"type": "Polygon", "coordinates": [[[-75.706873, 2.049034], [-75.705377, 2.048742], [-75.704504, 2.048165], [-75.704139, 2.04746], [-75.703636, 2.047701], [-75.703226, 2.047007], [-75.703382, 2.046669], [-75.703616, 2.046986], [-75.7038, 2.046689], [-75.702949, 2.045199], [-75.703225, 2.044498], [-75.704255, 2.044691], [-75.705559, 2.044388], [-75.705444, 2.044966], [-75.705725, 2.04549], [-75.70625, 2.046078], [-75.707218, 2.046478], [-75.707192, 2.0459], [-75.707661, 2.045303], [-75.708192, 2.045744], [-75.70878, 2.046876], [-75.708552, 2.04704], [-75.708091, 2.04673], [-75.707804, 2.047098], [-75.708304, 2.047745], [-75.708111, 2.048338], [-75.708587, 2.048585], [-75.708098, 2.048479], [-75.707453, 2.048845], [-75.707368, 2.050249], [-75.706873, 2.049034]]]}, "properties": {"zu_cnmbre": "POTRERILLOS", "zu_narea": 198712.881739, "zu_nano": 2025}},{"type": "Feature", "geometry": {"type": "Polygon", "coordinates": [[[-75.752709, 2.029897], [-75.751948, 2.029224], [-75.752676, 2.02907], [-75.751972, 2.028258], [-75.751551, 2.026513], [-75.752571, 2.026022], [-75.752226, 2.025544], [-75.752612, 2.0246], [-75.752292, 2.023632], [-75.753163, 2.022422], [-75.752947, 2.024434], [-75.753996, 2.023427], [-75.754419, 2.022311], [-75.755231, 2.021679], [-75.755348, 2.021207], [-75.755762, 2.021375], [-75.755405, 2.021876], [-75.755288, 2.023189], [-75.755707, 2.023286], [-75.756565, 2.022819], [-75.757736, 2.02016], [-75.757356, 2.018717], [-75.759184, 2.01865], [-75.760091, 2.017051], [-75.760748, 2.017812], [-75.760867, 2.019197], [-75.759915, 2.019192], [-75.759098, 2.019852], [-75.759155, 2.021868], [-75.760386, 2.021641], [-75.760996, 2.022198], [-75.764647, 2.022065], [-75.765535, 2.022481], [-75.765979, 2.022251], [-75.76609, 2.022876], [-75.765776, 2.023085], [-75.760336, 2.024291], [-75.758913, 2.025976], [-75.75792, 2.02641], [-75.75677, 2.027521], [-75.75688, 2.027933], [-75.756143, 2.02851], [-75.756275, 2.028684], [-75.755406, 2.02916], [-75.754843, 2.028116], [-75.753518, 2.029812], [-75.752709, 2.029897]]]}, "properties": {"zu_cnmbre": "GUADALUPE", "zu_narea": 727668.503828, "zu_nano": 2025}},{"type": "Feature", "geometry": {"type": "Polygon", "coordinates": [[[-75.69394, 1.924309], [-75.691038, 1.923932], [-75.693537, 1.924014], [-75.694596, 1.923435], [-75.693573, 1.924062], [-75.694049, 1.924055], [-75.69394, 1.924309]]]}, "properties": {"zu_cnmbre": "RESINA", "zu_narea": 9508.27139858, "zu_nano": 2025}},{"type": "Feature", "geometry": {"type": "Polygon", "coordinates": [[[-75.674496, 2.051181], [-75.674258, 2.050601], [-75.672523, 2.050314], [-75.672218, 2.049672], [-75.672636, 2.04926], [-75.671921, 2.048724], [-75.671702, 2.047978], [-75.671953, 2.047759], [-75.6719, 2.047013], [-75.672225, 2.046876], [-75.67395, 2.048185], [-75.673629, 2.048579], [-75.673787, 2.049195], [-75.674404, 2.049792], [-75.675189, 2.049873], [-75.675121, 2.050832], [-75.674496, 2.051181]]]}, "properties": {"zu_cnmbre": "MIRAFLORES", "zu_narea": 81108.9535549, "zu_nano": 2025}},{"type": "Feature", "geometry": {"type": "Polygon", "coordinates": [[[-76.067934, 1.79303], [-76.06844, 1.792522], [-76.06873, 1.792775], [-76.069804, 1.792062], [-76.069377, 1.791569], [-76.069747, 1.791816], [-76.070214, 1.791435], [-76.069561, 1.790883], [-76.070265, 1.790407], [-76.070446, 1.791061], [-76.071015, 1.790644], [-76.071214, 1.789969], [-76.072572, 1.789475], [-76.072975, 1.788808], [-76.073197, 1.789223], [-76.073627, 1.789137], [-76.074002, 1.788585], [-76.074258, 1.789088], [-76.074833, 1.788757], [-76.075352, 1.789269], [-76.073965, 1.789889], [-76.075337, 1.789801], [-76.075178, 1.790186], [-76.07245, 1.790326], [-76.072872, 1.790782], [-76.071956, 1.791364], [-76.071703, 1.791044], [-76.07108, 1.791207], [-76.070997, 1.791792], [-76.069927, 1.792206], [-76.070272, 1.792598], [-76.068472, 1.793649], [-76.067934, 1.79303]]]}, "properties": {"zu_cnmbre": "PALMARITO", "zu_narea": 99861.4334806, "zu_nano": 2025}},{"type": "Feature", "geometry": {"type": "Polygon", "coordinates": [[[-75.731503, 2.035166], [-75.729631, 2.035139], [-75.730642, 2.034206], [-75.730049, 2.032965], [-75.731675, 2.033293], [-75.732685, 2.032398], [-75.73357, 2.032084], [-75.733886, 2.030486], [-75.734672, 2.028968], [-75.736469, 2.030137], [-75.737386, 2.028966], [-75.735986, 2.027899], [-75.736876, 2.027059], [-75.737705, 2.027254], [-75.737287, 2.028332], [-75.737717, 2.028691], [-75.738263, 2.028774], [-75.738094, 2.028073], [-75.738457, 2.027254], [-75.738777, 2.02804], [-75.739405, 2.028364], [-75.739679, 2.028974], [-75.740065, 2.028968], [-75.739897, 2.029947], [-75.738852, 2.030062], [-75.738609, 2.030494], [-75.738295, 2.030433], [-75.735477, 2.032391], [-75.734277, 2.032697], [-75.731503, 2.035166]]]}, "properties": {"zu_cnmbre": "LOS CAUCHOS", "zu_narea": 265833.304946, "zu_nano": 2025}},{"type": "Feature", "geometry": {"type": "Polygon", "coordinates": [[[-75.750447, 1.989098], [-75.74998, 1.98896], [-75.749591, 1.987554], [-75.748496, 1.987304], [-75.749148, 1.987078], [-75.749133, 1.986314], [-75.74863, 1.985521], [-75.748231, 1.985521], [-75.747879, 1.984968], [-75.748053, 1.984762], [-75.74706, 1.984396], [-75.746896, 1.984031], [-75.747205, 1.983837], [-75.747224, 1.982898], [-75.747616, 1.983302], [-75.748313, 1.983346], [-75.748636, 1.982845], [-75.749085, 1.982809], [-75.749763, 1.983248], [-75.750158, 1.984174], [-75.750442, 1.984048], [-75.751566, 1.984589], [-75.75078, 1.985208], [-75.749213, 1.985131], [-75.749832, 1.985999], [-75.7504, 1.985867], [-75.75081, 1.986792], [-75.75034, 1.987171], [-75.751412, 1.987711], [-75.751796, 1.987121], [-75.752244, 1.987568], [-75.752498, 1.986395], [-75.752918, 1.986368], [-75.752814, 1.987511], [-75.753304, 1.987724], [-75.753975, 1.987286], [-75.75433, 1.9875], [-75.754397, 1.98792], [-75.753203, 1.988186], [-75.751446, 1.989203], [-75.751038, 1.988761], [-75.751253, 1.989374], [-75.750882, 1.989782], [-75.750447, 1.989098]]]}, "properties": {"zu_cnmbre": "CACHIMBAL", "zu_narea": 201490.802695, "zu_nano": 2025}},{"type": "Feature", "geometry": {"type": "Polygon", "coordinates": [[[-75.678542, 2.058269], [-75.678576, 2.057034], [-75.677705, 2.055894], [-75.677283, 2.054522], [-75.678246, 2.054087], [-75.677899, 2.053375], [-75.678204, 2.052992], [-75.678833, 2.05321], [-75.678887, 2.052827], [-75.679811, 2.053536], [-75.679247, 2.054122], [-75.679226, 2.054585], [-75.679491, 2.056297], [-75.680037, 2.056938], [-75.680146, 2.05776], [-75.679911, 2.058194], [-75.679319, 2.058197], [-75.679044, 2.05875], [-75.678542, 2.058269]]]}, "properties": {"zu_cnmbre": "SAN JOSÉ", "zu_narea": 106134.495995, "zu_nano": 2025}},{"type": "Feature", "geometry": {"type": "Polygon", "coordinates": [[[-76.136634, 1.986386], [-76.13428, 1.986056], [-76.133569, 1.986432], [-76.132766, 1.986274], [-76.133314, 1.985645], [-76.133142, 1.985156], [-76.134591, 1.984893], [-76.134861, 1.984151], [-76.135476, 1.98377], [-76.135952, 1.985028], [-76.136734, 1.985079], [-76.136634, 1.986386]]]}, "properties": {"zu_cnmbre": "LOS ARRAYANES", "zu_narea": 69961.1258418, "zu_nano": 2025}},{"type": "Feature", "geometry": {"type": "MultiPolygon", "coordinates": [[[[-75.740066, 2.004435], [-75.738501, 2.004987], [-75.737866, 2.004844], [-75.737332, 2.00327], [-75.735745, 2.002457], [-75.735743, 2.001948], [-75.736168, 2.001719], [-75.737219, 2.002697], [-75.737829, 2.001737], [-75.738664, 2.002411], [-75.739612, 2.002621], [-75.739827, 2.002081], [-75.740284, 2.002189], [-75.740554, 2.000963], [-75.741201, 2.001325], [-75.741169, 2.000316], [-75.742012, 2.000123], [-75.74182, 2.001529], [-75.743111, 2.00151], [-75.743261, 2.002324], [-75.742892, 2.002346], [-75.742641, 2.002861], [-75.742648, 2.003947], [-75.741685, 2.006992], [-75.741535, 2.006341], [-75.740159, 2.005087], [-75.740066, 2.004435]]], [[[-75.743303, 1.999955], [-75.742463, 1.999904], [-75.741889, 1.99918], [-75.742525, 1.998266], [-75.743086, 1.998336], [-75.743335, 1.999969], [-75.743715, 2.000235], [-75.743315, 2.000209], [-75.743303, 1.999955]]]]}, "properties": {"zu_cnmbre": "SARTENEJAL", "zu_narea": 267171.752677, "zu_nano": 2025}},{"type": "Feature", "geometry": {"type": "Polygon", "coordinates": [[[-75.455165, 2.587018], [-75.453882, 2.586016], [-75.453606, 2.586297], [-75.452174, 2.586238], [-75.452018, 2.586488], [-75.449567, 2.584936], [-75.44881, 2.583373], [-75.446533, 2.58284], [-75.446392, 2.582281], [-75.446926, 2.581592], [-75.443665, 2.580033], [-75.443095, 2.580122], [-75.4404, 2.579202], [-75.440362, 2.578707], [-75.438226, 2.577482], [-75.43872, 2.577059], [-75.440069, 2.57417], [-75.445108, 2.578216], [-75.445627, 2.578081], [-75.44578, 2.578785], [-75.44722, 2.57897], [-75.446848, 2.577994], [-75.451203, 2.579862], [-75.451671, 2.579655], [-75.452925, 2.580036], [-75.45267, 2.58037], [-75.454621, 2.581872], [-75.45426, 2.582035], [-75.455185, 2.582166], [-75.454403, 2.583635], [-75.455006, 2.584882], [-75.454176, 2.585999], [-75.455459, 2.58658], [-75.455165, 2.587018]]]}, "properties": {"zu_cnmbre": "HOBO", "zu_narea": 863224.692857, "zu_nano": 2025}},{"type": "Feature", "geometry": {"type": "MultiPolygon", "coordinates": [[[[-76.169472, 2.009808], [-76.167707, 2.009021], [-76.166964, 2.009674], [-76.166001, 2.008807], [-76.166282, 2.008298], [-76.165458, 2.007594], [-76.165671, 2.007105], [-76.165244, 2.007015], [-76.164652, 2.004858], [-76.164037, 2.004629], [-76.16352, 2.00358], [-76.162411, 2.00262], [-76.163226, 2.002115], [-76.163987, 2.002237], [-76.164145, 2.001524], [-76.165309, 2.002495], [-76.165277, 2.002959], [-76.16486, 2.003121], [-76.165402, 2.003411], [-76.166668, 2.002326], [-76.166618, 2.001869], [-76.164878, 2.000431], [-76.165095, 1.999972], [-76.164648, 1.999891], [-76.164616, 1.999141], [-76.164082, 1.998997], [-76.164209, 1.998296], [-76.163785, 1.997699], [-76.163772, 1.996788], [-76.164676, 1.998258], [-76.1646, 1.998584], [-76.165098, 1.998646], [-76.16476, 1.99902], [-76.166074, 1.999979], [-76.166856, 2.001166], [-76.167197, 2.001094], [-76.167178, 2.002275], [-76.168161, 2.002207], [-76.167917, 2.002817], [-76.167487, 2.002617], [-76.167175, 2.00296], [-76.166907, 2.003834], [-76.165944, 2.004833], [-76.166071, 2.005437], [-76.166506, 2.005332], [-76.16679, 2.005921], [-76.167741, 2.006124], [-76.169669, 2.009505], [-76.169472, 2.009808]]], [[[-76.164389, 2.008729], [-76.164994, 2.008162], [-76.165345, 2.00842], [-76.165289, 2.008093], [-76.165686, 2.008587], [-76.165274, 2.009306], [-76.164631, 2.009081], [-76.164389, 2.008729]]]]}, "properties": {"zu_cnmbre": "EL SALTO DE BORDONES", "zu_narea": 320173.00256, "zu_nano": 2025}},{"type": "Feature", "geometry": {"type": "Polygon", "coordinates": [[[-75.631063, 2.65274], [-75.630095, 2.650843], [-75.629561, 2.650744], [-75.629926, 2.649282], [-75.629739, 2.647422], [-75.633059, 2.648099], [-75.633284, 2.647601], [-75.634465, 2.647863], [-75.634695, 2.646611], [-75.635141, 2.64609], [-75.634734, 2.645307], [-75.635163, 2.644772], [-75.635738, 2.644857], [-75.636045, 2.645882], [-75.635582, 2.645892], [-75.635519, 2.646163], [-75.63594, 2.646021], [-75.635951, 2.646347], [-75.636066, 2.646386], [-75.636517, 2.646075], [-75.637021, 2.646085], [-75.637116, 2.646375], [-75.637462, 2.645798], [-75.638315, 2.645503], [-75.638484, 2.646045], [-75.637351, 2.647134], [-75.637067, 2.648445], [-75.637388, 2.648825], [-75.638524, 2.649081], [-75.63961, 2.650914], [-75.639441, 2.651344], [-75.639174, 2.651218], [-75.63827, 2.65217], [-75.638049, 2.651813], [-75.636652, 2.652004], [-75.635961, 2.651006], [-75.634852, 2.651289], [-75.634425, 2.651955], [-75.634054, 2.651539], [-75.633717, 2.651726], [-75.633439, 2.651227], [-75.631063, 2.65274]]]}, "properties": {"zu_cnmbre": "ÍQUIRA", "zu_narea": 501993.108873, "zu_nano": 2025}},{"type": "Feature", "geometry": {"type": "Polygon", "coordinates": [[[-75.756481, 2.678879], [-75.754468, 2.678424], [-75.754345, 2.678928], [-75.753594, 2.678333], [-75.752475, 2.678404], [-75.7507, 2.677398], [-75.750744, 2.676939], [-75.75289, 2.678035], [-75.752939, 2.677509], [-75.753284, 2.678016], [-75.75419, 2.677759], [-75.754608, 2.678119], [-75.754976, 2.677949], [-75.755579, 2.678636], [-75.756555, 2.678653], [-75.757996, 2.678029], [-75.758515, 2.678057], [-75.758476, 2.678369], [-75.757762, 2.67827], [-75.756481, 2.678879]]]}, "properties": {"zu_cnmbre": "SAN MIGUEL", "zu_narea": 37555.9216654, "zu_nano": 2025}},{"type": "Feature", "geometry": {"type": "Polygon", "coordinates": [[[-76.272841, 1.93938], [-76.273842, 1.937505], [-76.274387, 1.93751], [-76.274828, 1.93668], [-76.275729, 1.937043], [-76.274998, 1.937946], [-76.275329, 1.937751], [-76.275511, 1.938481], [-76.274902, 1.938499], [-76.275074, 1.939288], [-76.272841, 1.93938]]]}, "properties": {"zu_cnmbre": "BAJO JUNÍN", "zu_narea": 47256.1336031, "zu_nano": 2025}},{"type": "Feature", "geometry": {"type": "Polygon", "coordinates": [[[-76.219551, 1.938187], [-76.218901, 1.938205], [-76.217036, 1.937211], [-76.217105, 1.937011], [-76.217962, 1.937419], [-76.218246, 1.93681], [-76.217409, 1.935398], [-76.216781, 1.935102], [-76.216604, 1.934325], [-76.216194, 1.934791], [-76.216017, 1.934524], [-76.215106, 1.934681], [-76.215363, 1.934928], [-76.215187, 1.935298], [-76.214894, 1.934756], [-76.213481, 1.934493], [-76.21412, 1.933408], [-76.213887, 1.932835], [-76.212216, 1.932822], [-76.212196, 1.930353], [-76.212784, 1.930037], [-76.212771, 1.928853], [-76.213473, 1.928398], [-76.21417, 1.927312], [-76.214901, 1.925251], [-76.215764, 1.925935], [-76.214854, 1.926162], [-76.214549, 1.926963], [-76.215043, 1.927015], [-76.215575, 1.927608], [-76.216684, 1.92742], [-76.216687, 1.925855], [-76.216974, 1.925316], [-76.216736, 1.925288], [-76.216795, 1.924895], [-76.215716, 1.924433], [-76.216679, 1.923255], [-76.217151, 1.923607], [-76.21839, 1.923552], [-76.218739, 1.923222], [-76.218704, 1.924166], [-76.219041, 1.924317], [-76.219234, 1.92388], [-76.221566, 1.925367], [-76.22174, 1.926847], [-76.222303, 1.926089], [-76.223268, 1.92554], [-76.224164, 1.925451], [-76.224781, 1.925775], [-76.224961, 1.926757], [-76.224656, 1.926781], [-76.223733, 1.928426], [-76.222786, 1.928139], [-76.22189, 1.928415], [-76.221891, 1.928695], [-76.219953, 1.928839], [-76.219333, 1.928618], [-76.219249, 1.928282], [-76.218821, 1.928461], [-76.219413, 1.929661], [-76.219058, 1.930279], [-76.220315, 1.93033], [-76.22045, 1.931474], [-76.220131, 1.93254], [-76.218588, 1.931876], [-76.217735, 1.933746], [-76.218324, 1.935697], [-76.220189, 1.938438], [-76.219782, 1.938728], [-76.219551, 1.938187]]]}, "properties": {"zu_cnmbre": "SAN JOSÉ DE ISNOS", "zu_narea": 950822.87993, "zu_nano": 2025}},{"type": "Feature", "geometry": {"type": "Polygon", "coordinates": [[[-76.157716, 1.960453], [-76.157288, 1.960217], [-76.15744, 1.957668], [-76.158398, 1.957259], [-76.159205, 1.957564], [-76.159306, 1.958495], [-76.158916, 1.958489], [-76.158427, 1.960105], [-76.157819, 1.960435], [-76.158059, 1.961326], [-76.157546, 1.962163], [-76.157065, 1.961959], [-76.157716, 1.960453]]]}, "properties": {"zu_cnmbre": "CIÉNAGA GRANDE", "zu_narea": 65393.4644024, "zu_nano": 2025}},{"type": "Feature", "geometry": {"type": "Polygon", "coordinates": [[[-75.978191, 2.204241], [-75.977758, 2.203499], [-75.977326, 2.203755], [-75.976099, 2.201428], [-75.976192, 2.200756], [-75.976652, 2.200299], [-75.976543, 2.199462], [-75.975571, 2.19924], [-75.975353, 2.198067], [-75.974904, 2.197881], [-75.974862, 2.196597], [-75.974457, 2.196622], [-75.974416, 2.196328], [-75.975425, 2.196077], [-75.975536, 2.195342], [-75.976591, 2.195614], [-75.978403, 2.194326], [-75.978968, 2.193633], [-75.979241, 2.192575], [-75.980803, 2.193906], [-75.981606, 2.193771], [-75.981565, 2.194191], [-75.981845, 2.194042], [-75.984323, 2.196306], [-75.984949, 2.197458], [-75.984667, 2.197964], [-75.982087, 2.195558], [-75.9831, 2.197983], [-75.983571, 2.198554], [-75.98537, 2.199275], [-75.985706, 2.200725], [-75.981427, 2.201245], [-75.981904, 2.20223], [-75.980385, 2.20242], [-75.979955, 2.203176], [-75.980005, 2.203862], [-75.978969, 2.203685], [-75.978191, 2.204241]]]}, "properties": {"zu_cnmbre": "LA ARGENTINA", "zu_narea": 846021.593644, "zu_nano": 2025}},{"type": "Feature", "geometry": {"type": "Polygon", "coordinates": [[[-75.968146, 2.283896], [-75.967787, 2.28259], [-75.967237, 2.282613], [-75.967521, 2.281993], [-75.96642, 2.281555], [-75.966102, 2.281105], [-75.96698, 2.279892], [-75.96653, 2.279539], [-75.966704, 2.278853], [-75.969038, 2.279778], [-75.968733, 2.280765], [-75.968321, 2.280985], [-75.968479, 2.281169], [-75.969857, 2.280723], [-75.969806, 2.282213], [-75.969028, 2.282459], [-75.969, 2.283465], [-75.968517, 2.283573], [-75.968323, 2.284073], [-75.967763, 2.284154], [-75.968146, 2.283896]]]}, "properties": {"zu_cnmbre": "VILLA LOSADA", "zu_narea": 118869.563695, "zu_nano": 2025}},{"type": "Feature", "geometry": {"type": "Polygon", "coordinates": [[[-75.977276, 2.051732], [-75.976085, 2.0496], [-75.97785, 2.049273], [-75.978547, 2.049861], [-75.978921, 2.048886], [-75.979702, 2.048788], [-75.980512, 2.047586], [-75.980722, 2.047794], [-75.980019, 2.048931], [-75.97949, 2.049071], [-75.979688, 2.049659], [-75.978381, 2.050871], [-75.977526, 2.050569], [-75.977276, 2.051732]]]}, "properties": {"zu_cnmbre": "PARAGUAY", "zu_narea": 57415.6461795, "zu_nano": 2025}},{"type": "Feature", "geometry": {"type": "MultiPolygon", "coordinates": [[[[-75.243469, 2.800164], [-75.241852, 2.799357], [-75.241762, 2.799666], [-75.241533, 2.799569], [-75.241537, 2.799135], [-75.239934, 2.796842], [-75.239422, 2.797016], [-75.239288, 2.796748], [-75.239601, 2.796627], [-75.239346, 2.79618], [-75.238079, 2.795094], [-75.237693, 2.794922], [-75.237244, 2.795238], [-75.236705, 2.794686], [-75.236214, 2.794975], [-75.236176, 2.794134], [-75.236714, 2.79366], [-75.236311, 2.793244], [-75.236884, 2.792773], [-75.236406, 2.791745], [-75.236812, 2.791439], [-75.236237, 2.790486], [-75.235115, 2.790523], [-75.234846, 2.790225], [-75.236392, 2.788748], [-75.237796, 2.789214], [-75.238491, 2.78988], [-75.238836, 2.789702], [-75.238984, 2.790152], [-75.237857, 2.791936], [-75.240592, 2.794006], [-75.240033, 2.794425], [-75.240497, 2.795174], [-75.240059, 2.795508], [-75.240707, 2.796407], [-75.240249, 2.796716], [-75.240655, 2.797293], [-75.241196, 2.796895], [-75.241728, 2.797649], [-75.24214, 2.79761], [-75.24264, 2.79838], [-75.242532, 2.798867], [-75.243469, 2.800164]]], [[[-75.235272, 2.788614], [-75.234882, 2.788283], [-75.23581, 2.787555], [-75.235972, 2.787721], [-75.235272, 2.788614]]]]}, "properties": {"zu_cnmbre": "EL GUADUAL", "zu_narea": 289003.242796, "zu_nano": 2025}},{"type": "Feature", "geometry": {"type": "Polygon", "coordinates": [[[-76.045158, 2.204029], [-76.045836, 2.203225], [-76.045759, 2.202222], [-76.04609, 2.202496], [-76.046657, 2.202202], [-76.046633, 2.201929], [-76.046212, 2.202102], [-76.043486, 2.201628], [-76.04526, 2.201741], [-76.045493, 2.200783], [-76.046271, 2.20095], [-76.047625, 2.200538], [-76.047542, 2.200205], [-76.049097, 2.199174], [-76.050861, 2.200159], [-76.050908, 2.200666], [-76.050416, 2.200806], [-76.050038, 2.201854], [-76.05108, 2.203228], [-76.050102, 2.203089], [-76.049596, 2.203365], [-76.049532, 2.202997], [-76.048768, 2.203125], [-76.047937, 2.202669], [-76.047373, 2.203102], [-76.045823, 2.203392], [-76.045158, 2.204029]]]}, "properties": {"zu_cnmbre": "BELÉN", "zu_narea": 183718.660194, "zu_nano": 2025}},{"type": "Feature", "geometry": {"type": "Polygon", "coordinates": [[[-75.807772, 2.550168], [-75.805324, 2.546135], [-75.805411, 2.545658], [-75.806065, 2.544435], [-75.806737, 2.544451], [-75.807234, 2.543972], [-75.806225, 2.543815], [-75.805018, 2.54256], [-75.805724, 2.542071], [-75.806205, 2.542592], [-75.805992, 2.541511], [-75.806748, 2.541577], [-75.80735, 2.540845], [-75.808702, 2.540456], [-75.809404, 2.541236], [-75.809367, 2.541928], [-75.810662, 2.541645], [-75.811116, 2.541946], [-75.812868, 2.545413], [-75.812057, 2.545913], [-75.811783, 2.546812], [-75.810875, 2.547142], [-75.810065, 2.54789], [-75.809731, 2.549388], [-75.809201, 2.550016], [-75.808538, 2.550385], [-75.807772, 2.550168]]]}, "properties": {"zu_cnmbre": "NÁTAGA", "zu_narea": 555696.871374, "zu_nano": 2025}},{"type": "Feature", "geometry": {"type": "MultiPolygon", "coordinates": [[[[-75.75967, 2.632147], [-75.758734, 2.630576], [-75.757646, 2.631504], [-75.756385, 2.630986], [-75.757263, 2.630008], [-75.758141, 2.630147], [-75.758592, 2.629913], [-75.758964, 2.630406], [-75.759374, 2.62978], [-75.759567, 2.630216], [-75.759912, 2.630213], [-75.759808, 2.630544], [-75.761082, 2.630614], [-75.760469, 2.631208], [-75.760855, 2.631403], [-75.760655, 2.631838], [-75.75967, 2.632147]]], [[[-75.760025, 2.627954], [-75.760274, 2.628068], [-75.759889, 2.628529], [-75.759684, 2.628335], [-75.760025, 2.627954]]]]}, "properties": {"zu_cnmbre": "PATIO BONITO", "zu_narea": 61829.9816716, "zu_nano": 2025}},{"type": "Feature", "geometry": {"type": "Polygon", "coordinates": [[[-75.752862, 2.676776], [-75.7532, 2.67484], [-75.754527, 2.673644], [-75.753498, 2.672335], [-75.753805, 2.672146], [-75.754717, 2.67292], [-75.755359, 2.67292], [-75.755586, 2.673784], [-75.756484, 2.674903], [-75.754921, 2.67408], [-75.754566, 2.674645], [-75.753794, 2.67484], [-75.753766, 2.675787], [-75.752862, 2.676776]]]}, "properties": {"zu_cnmbre": "LLANO BUCO", "zu_narea": 46340.5789081, "zu_nano": 2025}},{"type": "Feature", "geometry": {"type": "MultiPolygon", "coordinates": [[[[-75.758064, 2.653179], [-75.758903, 2.652118], [-75.759484, 2.652411], [-75.760457, 2.651972], [-75.76104, 2.652502], [-75.760485, 2.652698], [-75.759019, 2.652471], [-75.758064, 2.653179]]], [[[-75.753969, 2.65084], [-75.754179, 2.650354], [-75.754635, 2.650265], [-75.755011, 2.650705], [-75.753969, 2.65084]]], [[[-75.755603, 2.651634], [-75.7553, 2.65107], [-75.756347, 2.651122], [-75.757446, 2.651579], [-75.758257, 2.651232], [-75.758124, 2.651703], [-75.757413, 2.651666], [-75.75635, 2.651266], [-75.756296, 2.651719], [-75.755603, 2.651634]]]]}, "properties": {"zu_cnmbre": "YARUMAL", "zu_narea": 24193.3809048, "zu_nano": 2025}},{"type": "Feature", "geometry": {"type": "Polygon", "coordinates": [[[-76.003469, 2.015245], [-76.001934, 2.014633], [-76.003008, 2.01365], [-76.003224, 2.013749], [-76.003494, 2.01333], [-76.003249, 2.013075], [-76.004184, 2.012077], [-76.004411, 2.012274], [-76.004527, 2.011475], [-76.00398, 2.011428], [-76.005817, 2.010814], [-76.005938, 2.010018], [-76.007133, 2.010395], [-76.007523, 2.009321], [-76.007881, 2.009138], [-76.008659, 2.009432], [-76.008824, 2.010008], [-76.008248, 2.010721], [-76.007176, 2.011121], [-76.006871, 2.01154], [-76.005816, 2.011618], [-76.005945, 2.012192], [-76.005509, 2.012572], [-76.004793, 2.012619], [-76.003469, 2.015245]]]}, "properties": {"zu_cnmbre": "SAN CIRO", "zu_narea": 119462.943995, "zu_nano": 2025}},{"type": "Feature", "geometry": {"type": "Polygon", "coordinates": [[[-75.994514, 2.031176], [-75.993167, 2.030136], [-75.993176, 2.029248], [-75.991921, 2.02814], [-75.990815, 2.027763], [-75.989667, 2.028257], [-75.989724, 2.027578], [-75.991666, 2.026761], [-75.991465, 2.026087], [-75.992101, 2.025824], [-75.991859, 2.025223], [-75.993013, 2.024812], [-75.992359, 2.024332], [-75.993498, 2.023174], [-75.992365, 2.022223], [-75.993113, 2.021901], [-75.992391, 2.021374], [-75.993857, 2.021126], [-75.994311, 2.020658], [-75.994237, 2.020104], [-75.995578, 2.020174], [-75.995626, 2.020515], [-75.996161, 2.020618], [-75.996003, 2.021261], [-75.996388, 2.021505], [-75.996695, 2.022401], [-75.997639, 2.021637], [-75.998411, 2.021749], [-75.998781, 2.021222], [-75.999491, 2.021019], [-75.999793, 2.020448], [-76.000339, 2.020479], [-75.999357, 2.021708], [-76.00022, 2.023081], [-75.999248, 2.023209], [-75.999378, 2.023808], [-75.999083, 2.023994], [-75.999398, 2.025287], [-75.99771, 2.026091], [-75.997788, 2.026445], [-75.996337, 2.026732], [-75.996197, 2.027298], [-75.996531, 2.027567], [-75.995469, 2.028742], [-75.99556, 2.029384], [-75.995076, 2.029824], [-75.995022, 2.030261], [-75.99538, 2.030503], [-75.994514, 2.031176]]]}, "properties": {"zu_cnmbre": "OPORAPA", "zu_narea": 636888.240302, "zu_nano": 2025}},{"type": "Feature", "geometry": {"type": "Polygon", "coordinates": [[[-76.00752, 2.062207], [-76.0069, 2.062148], [-76.006438, 2.061673], [-76.00607, 2.062052], [-76.005795, 2.061857], [-76.006201, 2.060991], [-76.005221, 2.060484], [-76.005033, 2.060042], [-76.003404, 2.060724], [-76.003449, 2.060112], [-76.004377, 2.059383], [-76.003816, 2.058786], [-76.003816, 2.058359], [-76.00494, 2.058048], [-76.005481, 2.059102], [-76.005298, 2.059244], [-76.00813, 2.061699], [-76.00752, 2.062207]]]}, "properties": {"zu_cnmbre": "SAN ROQUE", "zu_narea": 77100.7539449, "zu_nano": 2025}},{"type": "Feature", "geometry": {"type": "Polygon", "coordinates": [[[-76.039581, 2.021864], [-76.038597, 2.021028], [-76.03859, 2.020409], [-76.038143, 2.020198], [-76.038399, 2.019727], [-76.036897, 2.019106], [-76.036825, 2.019917], [-76.036396, 2.019755], [-76.036313, 2.019082], [-76.035086, 2.019821], [-76.035755, 2.020675], [-76.036042, 2.020484], [-76.036239, 2.020695], [-76.035955, 2.021461], [-76.033584, 2.020342], [-76.033067, 2.021206], [-76.032565, 2.020503], [-76.03308, 2.020257], [-76.032984, 2.019824], [-76.03347, 2.019673], [-76.033491, 2.018352], [-76.03436, 2.018887], [-76.034519, 2.018481], [-76.036527, 2.0182], [-76.037363, 2.01845], [-76.037446, 2.018174], [-76.037894, 2.01832], [-76.038055, 2.017941], [-76.038733, 2.018086], [-76.038642, 2.01832], [-76.03983, 2.01756], [-76.039902, 2.019097], [-76.039687, 2.019421], [-76.03907, 2.019391], [-76.038993, 2.019826], [-76.039377, 2.019871], [-76.039299, 2.020616], [-76.039985, 2.020648], [-76.039687, 2.02115], [-76.039965, 2.021193], [-76.039941, 2.021509], [-76.039581, 2.021864]]]}, "properties": {"zu_cnmbre": "EL CARMEN", "zu_narea": 162674.613772, "zu_nano": 2025}},{"type": "Feature", "geometry": {"type": "Polygon", "coordinates": [[[-75.771175, 2.452324], [-75.77052, 2.452635], [-75.770077, 2.45164], [-75.76969, 2.451846], [-75.770193, 2.450464], [-75.770148, 2.448956], [-75.769141, 2.448264], [-75.768916, 2.448446], [-75.768367, 2.447728], [-75.768587, 2.447053], [-75.769649, 2.446701], [-75.770136, 2.446027], [-75.770815, 2.446215], [-75.770853, 2.447209], [-75.771986, 2.446171], [-75.77263, 2.44697], [-75.772634, 2.446325], [-75.773547, 2.44626], [-75.774171, 2.447091], [-75.775343, 2.446324], [-75.775855, 2.4467], [-75.775966, 2.447678], [-75.77787, 2.448499], [-75.777265, 2.448911], [-75.777514, 2.449373], [-75.776689, 2.450487], [-75.776918, 2.451103], [-75.776578, 2.451275], [-75.776941, 2.451869], [-75.776193, 2.452494], [-75.776433, 2.452956], [-75.775506, 2.452378], [-75.774998, 2.452648], [-75.773524, 2.451742], [-75.77328, 2.451938], [-75.77358, 2.452446], [-75.772467, 2.453289], [-75.773308, 2.454463], [-75.77249, 2.454983], [-75.771175, 2.452324]]]}, "properties": {"zu_cnmbre": "PAICOL", "zu_narea": 552479.901036, "zu_nano": 2025}},{"type": "Feature", "geometry": {"type": "Polygon", "coordinates": [[[-75.700747, 2.447675], [-75.700288, 2.448228], [-75.700754, 2.448713], [-75.69885, 2.450432], [-75.698498, 2.45016], [-75.698114, 2.449719], [-75.700046, 2.447771], [-75.700747, 2.447675]]]}, "properties": {"zu_cnmbre": "LA REFORMA", "zu_narea": 37939.635078, "zu_nano": 2025}},{"type": "Feature", "geometry": {"type": "Polygon", "coordinates": [[[-75.74966, 2.447496], [-75.748542, 2.447202], [-75.748479, 2.447464], [-75.74812, 2.447402], [-75.748222, 2.44702], [-75.747417, 2.446971], [-75.747034, 2.446636], [-75.747518, 2.446222], [-75.749477, 2.446813], [-75.749787, 2.446935], [-75.749718, 2.447265], [-75.750078, 2.447261], [-75.749837, 2.447836], [-75.74966, 2.447496]]]}, "properties": {"zu_cnmbre": "LAS LAJITAS", "zu_narea": 23965.6319586, "zu_nano": 2025}},{"type": "Feature", "geometry": {"type": "Polygon", "coordinates": [[[-75.327996, 2.83406], [-75.326286, 2.833096], [-75.326592, 2.830759], [-75.32563, 2.829774], [-75.324641, 2.830786], [-75.323669, 2.829679], [-75.324676, 2.823407], [-75.324949, 2.822878], [-75.325698, 2.822463], [-75.325715, 2.820443], [-75.327989, 2.821066], [-75.328885, 2.826639], [-75.327736, 2.82671], [-75.327155, 2.827942], [-75.329284, 2.829562], [-75.329842, 2.833224], [-75.32884, 2.832712], [-75.328477, 2.83329], [-75.327917, 2.832965], [-75.327819, 2.833463], [-75.328866, 2.833548], [-75.328809, 2.834995], [-75.327963, 2.835265], [-75.327996, 2.83406]]]}, "properties": {"zu_cnmbre": "EL JUNCAL", "zu_narea": 581191.090683, "zu_nano": 2025}},{"type": "Feature", "geometry": {"type": "MultiPolygon", "coordinates": [[[[-75.310024, 2.965662], [-75.308988, 2.965566], [-75.309237, 2.964993], [-75.308329, 2.964836], [-75.308512, 2.96375], [-75.308131, 2.963674], [-75.308462, 2.96165], [-75.30767, 2.961502], [-75.307549, 2.958089], [-75.306664, 2.958104], [-75.306648, 2.957725], [-75.307527, 2.957699], [-75.307615, 2.954624], [-75.309451, 2.955436], [-75.309591, 2.956482], [-75.309296, 2.956463], [-75.309101, 2.957214], [-75.310791, 2.957156], [-75.310771, 2.956653], [-75.311643, 2.956601], [-75.31193, 2.952033], [-75.313271, 2.952034], [-75.313223, 2.952982], [-75.312169, 2.952983], [-75.31206, 2.954382], [-75.312835, 2.954459], [-75.31279, 2.958192], [-75.31322, 2.958153], [-75.314336, 2.956029], [-75.315202, 2.956522], [-75.315395, 2.957032], [-75.314732, 2.958124], [-75.313327, 2.958146], [-75.313282, 2.959486], [-75.312545, 2.959393], [-75.312155, 2.962013], [-75.312706, 2.962529], [-75.311953, 2.963495], [-75.311292, 2.963107], [-75.310991, 2.965017], [-75.310265, 2.964808], [-75.310024, 2.965662]]], [[[-75.308542, 2.951892], [-75.309132, 2.948006], [-75.310737, 2.948527], [-75.311048, 2.949884], [-75.309911, 2.949902], [-75.309747, 2.94848], [-75.309327, 2.948471], [-75.309852, 2.95239], [-75.309307, 2.952513], [-75.308498, 2.954772], [-75.307468, 2.954313], [-75.308542, 2.951892]]]]}, "properties": {"zu_cnmbre": "AMBORCO", "zu_narea": 669339.625848, "zu_nano": 2025}},{"type": "Feature", "geometry": {"type": "Polygon", "coordinates": [[[-75.440838, 2.900907], [-75.439505, 2.898807], [-75.439248, 2.895308], [-75.439031, 2.895322], [-75.438969, 2.896192], [-75.438622, 2.896222], [-75.438413, 2.895332], [-75.437229, 2.895279], [-75.437139, 2.894881], [-75.436526, 2.894833], [-75.436123, 2.89433], [-75.436091, 2.894063], [-75.43677, 2.893975], [-75.436835, 2.892774], [-75.436097, 2.893734], [-75.435345, 2.892724], [-75.434311, 2.89318], [-75.432054, 2.892556], [-75.430697, 2.892858], [-75.430425, 2.891691], [-75.429166, 2.89196], [-75.428733, 2.891382], [-75.428445, 2.888776], [-75.426429, 2.888786], [-75.42616, 2.887666], [-75.427842, 2.887145], [-75.4282, 2.887519], [-75.428518, 2.887026], [-75.429179, 2.887004], [-75.429879, 2.88637], [-75.431017, 2.884496], [-75.432902, 2.883849], [-75.433936, 2.883942], [-75.433873, 2.883615], [-75.436092, 2.882456], [-75.436618, 2.882518], [-75.438129, 2.883873], [-75.438528, 2.885172], [-75.439418, 2.884552], [-75.439605, 2.886045], [-75.439162, 2.886186], [-75.440874, 2.887535], [-75.437765, 2.890301], [-75.438129, 2.890937], [-75.439098, 2.891085], [-75.440356, 2.890593], [-75.44134, 2.891294], [-75.442041, 2.89135], [-75.442025, 2.892051], [-75.441733, 2.892186], [-75.441211, 2.891973], [-75.440938, 2.891313], [-75.440597, 2.891453], [-75.440407, 2.892192], [-75.440977, 2.892776], [-75.441047, 2.893516], [-75.440575, 2.894014], [-75.43975, 2.893947], [-75.439897, 2.894486], [-75.440646, 2.894691], [-75.440071, 2.895253], [-75.441674, 2.895268], [-75.441752, 2.895873], [-75.442146, 2.895908], [-75.44249, 2.896855], [-75.442086, 2.898859], [-75.441866, 2.898762], [-75.441807, 2.896946], [-75.440799, 2.896992], [-75.440871, 2.899258], [-75.440379, 2.899293], [-75.440786, 2.899873], [-75.441137, 2.899825], [-75.441304, 2.900587], [-75.440838, 2.900907]]]}, "properties": {"zu_cnmbre": "PALERMO", "zu_narea": 1449045.29038, "zu_nano": 2025}},{"type": "Feature", "geometry": {"type": "MultiPolygon", "coordinates": [[[[-75.398368, 2.751129], [-75.398059, 2.75042], [-75.397186, 2.750935], [-75.396287, 2.750125], [-75.397154, 2.750448], [-75.397826, 2.749921], [-75.397038, 2.749012], [-75.396502, 2.749079], [-75.396319, 2.748826], [-75.396612, 2.748571], [-75.397826, 2.748072], [-75.398668, 2.749398], [-75.400088, 2.748588], [-75.401941, 2.748904], [-75.400848, 2.749529], [-75.400834, 2.750979], [-75.398368, 2.751129]]], [[[-75.39402, 2.751804], [-75.395295, 2.751561], [-75.395493, 2.751773], [-75.394513, 2.75254], [-75.39402, 2.751804]]]]}, "properties": {"zu_cnmbre": "BETANIA", "zu_narea": 120629.13782, "zu_nano": 2025}},{"type": "Feature", "geometry": {"type": "Polygon", "coordinates": [[[-75.547416, 2.879475], [-75.547005, 2.878708], [-75.546779, 2.879281], [-75.546267, 2.879402], [-75.54596, 2.878862], [-75.545754, 2.879167], [-75.545369, 2.879052], [-75.545613, 2.878032], [-75.546135, 2.877827], [-75.54635, 2.877181], [-75.547336, 2.87721], [-75.54828, 2.876795], [-75.550106, 2.877335], [-75.549836, 2.878623], [-75.550089, 2.87856], [-75.550337, 2.878575], [-75.550449, 2.878739], [-75.549288, 2.878822], [-75.54928, 2.879152], [-75.548602, 2.879471], [-75.54845, 2.879188], [-75.547675, 2.879125], [-75.547416, 2.879475]]]}, "properties": {"zu_cnmbre": "OSPINA PÉREZ", "zu_narea": 103902.098916, "zu_nano": 2025}},{"type": "Feature", "geometry": {"type": "Polygon", "coordinates": [[[-75.522903, 2.825601], [-75.521628, 2.824515], [-75.522019, 2.824751], [-75.523992, 2.824702], [-75.523876, 2.825675], [-75.522903, 2.825601]]]}, "properties": {"zu_cnmbre": "SAN JUAN", "zu_narea": 22350.5645643, "zu_nano": 2025}},{"type": "Feature", "geometry": {"type": "MultiPolygon", "coordinates": [[[[-76.134201, 1.726889], [-76.133154, 1.726605], [-76.133562, 1.725303], [-76.133338, 1.724995], [-76.131883, 1.724253], [-76.131092, 1.724517], [-76.130592, 1.724514], [-76.130611, 1.724167], [-76.13016, 1.724312], [-76.130237, 1.723312], [-76.129268, 1.723086], [-76.129712, 1.722345], [-76.129025, 1.722104], [-76.129179, 1.721522], [-76.131709, 1.721402], [-76.132163, 1.721781], [-76.132589, 1.721676], [-76.132752, 1.722338], [-76.133446, 1.721833], [-76.133881, 1.722511], [-76.135373, 1.721984], [-76.135676, 1.722575], [-76.135445, 1.723515], [-76.136143, 1.723703], [-76.137225, 1.722957], [-76.136761, 1.724353], [-76.136243, 1.724345], [-76.13687, 1.725172], [-76.136471, 1.72538], [-76.13685, 1.726482], [-76.136233, 1.726663], [-76.135923, 1.725707], [-76.134723, 1.725319], [-76.134201, 1.726889]]], [[[-76.128711, 1.723615], [-76.129109, 1.723809], [-76.128917, 1.724255], [-76.128652, 1.724017], [-76.128711, 1.723615]]]]}, "properties": {"zu_cnmbre": "PALESTINA", "zu_narea": 277997.788072, "zu_nano": 2025}},{"type": "Feature", "geometry": {"type": "Polygon", "coordinates": [[[-75.806466, 2.270898], [-75.802229, 2.27084], [-75.801794, 2.26938], [-75.801031, 2.269506], [-75.80086, 2.268951], [-75.801355, 2.268786], [-75.801359, 2.268492], [-75.800814, 2.267796], [-75.800997, 2.267278], [-75.800388, 2.267151], [-75.798544, 2.267745], [-75.79834, 2.26672], [-75.798671, 2.266606], [-75.798601, 2.26599], [-75.798031, 2.265036], [-75.797626, 2.264935], [-75.797176, 2.261827], [-75.798763, 2.262328], [-75.799435, 2.262833], [-75.799325, 2.263259], [-75.799977, 2.263116], [-75.800375, 2.263581], [-75.800492, 2.263189], [-75.80337, 2.264457], [-75.805664, 2.264219], [-75.805739, 2.263463], [-75.806972, 2.263428], [-75.808123, 2.264273], [-75.809969, 2.264607], [-75.810451, 2.265], [-75.812225, 2.263847], [-75.812879, 2.264581], [-75.813177, 2.266018], [-75.812482, 2.265785], [-75.810738, 2.265967], [-75.810916, 2.266563], [-75.810024, 2.266593], [-75.81035, 2.267804], [-75.808752, 2.267613], [-75.808855, 2.269222], [-75.807477, 2.269713], [-75.807432, 2.27149], [-75.806519, 2.271526], [-75.806466, 2.270898]]]}, "properties": {"zu_cnmbre": "PITAL", "zu_narea": 913076.2342, "zu_nano": 2025}},{"type": "Feature", "geometry": {"type": "MultiPolygon", "coordinates": [[[[-76.166998, 1.780881], [-76.166267, 1.78003], [-76.166921, 1.779637], [-76.167183, 1.780133], [-76.168583, 1.779383], [-76.168421, 1.778824], [-76.168773, 1.779468], [-76.169224, 1.779205], [-76.169745, 1.778232], [-76.170735, 1.777773], [-76.170606, 1.776745], [-76.171711, 1.776075], [-76.17205, 1.776185], [-76.171776, 1.775041], [-76.172179, 1.774776], [-76.172003, 1.774142], [-76.171705, 1.774418], [-76.170542, 1.773939], [-76.171184, 1.772762], [-76.170824, 1.772212], [-76.171053, 1.772044], [-76.170627, 1.771431], [-76.170295, 1.77187], [-76.170105, 1.771671], [-76.171158, 1.770479], [-76.171194, 1.769771], [-76.171434, 1.769732], [-76.171482, 1.770312], [-76.171095, 1.771287], [-76.171437, 1.771761], [-76.171977, 1.771478], [-76.171601, 1.772642], [-76.172462, 1.772841], [-76.172586, 1.772267], [-76.172164, 1.772019], [-76.172549, 1.771233], [-76.172875, 1.771509], [-76.173084, 1.771285], [-76.172853, 1.770823], [-76.173151, 1.770831], [-76.173318, 1.771338], [-76.172793, 1.772285], [-76.173495, 1.772278], [-76.173126, 1.772568], [-76.173711, 1.773077], [-76.173101, 1.773134], [-76.173187, 1.773707], [-76.174037, 1.774497], [-76.174325, 1.774377], [-76.174541, 1.774856], [-76.176029, 1.77444], [-76.175647, 1.774893], [-76.175824, 1.775297], [-76.177909, 1.774389], [-76.177636, 1.773488], [-76.178309, 1.773482], [-76.178605, 1.774133], [-76.180479, 1.773661], [-76.181271, 1.772475], [-76.1814, 1.772674], [-76.180736, 1.773335], [-76.180937, 1.773889], [-76.179811, 1.774135], [-76.180665, 1.774494], [-76.18015, 1.774786], [-76.180235, 1.775214], [-76.181871, 1.77551], [-76.182421, 1.775399], [-76.182134, 1.775134], [-76.182753, 1.774911], [-76.182983, 1.775716], [-76.183284, 1.775786], [-76.183282, 1.77628], [-76.182794, 1.776154], [-76.182675, 1.77683], [-76.181883, 1.777079], [-76.181729, 1.776779], [-76.182067, 1.775971], [-76.178929, 1.775863], [-76.178938, 1.775576], [-76.178479, 1.775581], [-76.179193, 1.777885], [-76.17837, 1.778361], [-76.177227, 1.777766], [-76.176642, 1.777823], [-76.176223, 1.777992], [-76.176453, 1.778494], [-76.172976, 1.779651], [-76.172533, 1.778457], [-76.171252, 1.779188], [-76.171451, 1.779986], [-76.171141, 1.780075], [-76.171182, 1.780598], [-76.170324, 1.779532], [-76.170192, 1.78014], [-76.169984, 1.779682], [-76.168649, 1.780282], [-76.168479, 1.780635], [-76.167225, 1.780592], [-76.166998, 1.780881]]], [[[-76.173812, 1.770964], [-76.174481, 1.770429], [-76.173858, 1.771067], [-76.173812, 1.770964]]]]}, "properties": {"zu_cnmbre": "BRUSELAS", "zu_narea": 625488.288047, "zu_nano": 2025}},{"type": "Feature", "geometry": {"type": "MultiPolygon", "coordinates": [[[[-76.029659, 1.953968], [-76.029458, 1.953499], [-76.028808, 1.953469], [-76.027828, 1.952209], [-76.026022, 1.950888], [-76.024615, 1.951158], [-76.023271, 1.950088], [-76.021611, 1.949538], [-76.021946, 1.949093], [-76.021146, 1.94886], [-76.021448, 1.947698], [-76.021979, 1.948038], [-76.022201, 1.947568], [-76.022724, 1.947564], [-76.025041, 1.949353], [-76.025796, 1.949311], [-76.026327, 1.948594], [-76.025783, 1.948114], [-76.025971, 1.947228], [-76.02465, 1.945633], [-76.025972, 1.945498], [-76.027772, 1.946694], [-76.027625, 1.947064], [-76.028489, 1.948181], [-76.029164, 1.948233], [-76.029619, 1.947903], [-76.030274, 1.949604], [-76.030706, 1.949974], [-76.030958, 1.94967], [-76.031212, 1.949843], [-76.031133, 1.950345], [-76.030356, 1.950933], [-76.030852, 1.951279], [-76.0299, 1.951686], [-76.029543, 1.952708], [-76.030935, 1.953742], [-76.029659, 1.953968]]], [[[-76.028331, 1.946576], [-76.028576, 1.946415], [-76.028917, 1.946824], [-76.028588, 1.946889], [-76.028331, 1.946576]]]]}, "properties": {"zu_cnmbre": "GUACACAYO", "zu_narea": 407347.365673, "zu_nano": 2025}},{"type": "Feature", "geometry": {"type": "Polygon", "coordinates": [[[-76.081873, 1.962261], [-76.081958, 1.961583], [-76.081575, 1.960629], [-76.080399, 1.958599], [-76.079747, 1.958772], [-76.079721, 1.95832], [-76.081604, 1.957622], [-76.082498, 1.956795], [-76.083048, 1.957446], [-76.083271, 1.958789], [-76.083645, 1.958835], [-76.083422, 1.959894], [-76.085012, 1.960064], [-76.085856, 1.960665], [-76.087385, 1.959585], [-76.087541, 1.959913], [-76.086751, 1.960744], [-76.087247, 1.96092], [-76.08687, 1.961421], [-76.087052, 1.961618], [-76.0875, 1.961381], [-76.088219, 1.961982], [-76.088002, 1.9626], [-76.086262, 1.962869], [-76.086345, 1.962129], [-76.085391, 1.961774], [-76.085141, 1.962126], [-76.085316, 1.963401], [-76.083835, 1.963909], [-76.082876, 1.963947], [-76.082351, 1.963627], [-76.082514, 1.962357], [-76.081873, 1.962261]]]}, "properties": {"zu_cnmbre": "LA LAGUNA", "zu_narea": 303088.733256, "zu_nano": 2025}},{"type": "Feature", "geometry": {"type": "Polygon", "coordinates": [[[-76.04646, 1.783071], [-76.044961, 1.782434], [-76.044495, 1.782656], [-76.045076, 1.782189], [-76.044898, 1.78179], [-76.045248, 1.781865], [-76.045347, 1.781554], [-76.045687, 1.781979], [-76.04625, 1.781769], [-76.046081, 1.781272], [-76.046617, 1.781325], [-76.047409, 1.780752], [-76.047477, 1.781099], [-76.046943, 1.781788], [-76.047942, 1.782057], [-76.047727, 1.782626], [-76.047083, 1.782516], [-76.04646, 1.783071]]]}, "properties": {"zu_cnmbre": "CHARGUAYACO", "zu_narea": 38288.7429162, "zu_nano": 2025}},{"type": "Feature", "geometry": {"type": "Polygon", "coordinates": [[[-75.232153, 2.822559], [-75.231232, 2.822075], [-75.229463, 2.820094], [-75.228637, 2.818517], [-75.227941, 2.818914], [-75.227871, 2.81857], [-75.228612, 2.817844], [-75.227298, 2.815756], [-75.227552, 2.815581], [-75.227369, 2.814402], [-75.226782, 2.813398], [-75.226103, 2.813864], [-75.225037, 2.812064], [-75.224994, 2.811789], [-75.225476, 2.811484], [-75.225741, 2.811951], [-75.22636, 2.811721], [-75.226012, 2.810917], [-75.2255, 2.810773], [-75.224902, 2.809727], [-75.224327, 2.8094], [-75.225027, 2.808929], [-75.22511, 2.80842], [-75.224304, 2.807172], [-75.224702, 2.807092], [-75.224545, 2.8066], [-75.223974, 2.8062], [-75.224136, 2.806024], [-75.223012, 2.80377], [-75.223659, 2.803226], [-75.223204, 2.802672], [-75.222977, 2.802885], [-75.221889, 2.801527], [-75.221584, 2.801556], [-75.22067, 2.799946], [-75.22139, 2.799009], [-75.221671, 2.799106], [-75.221457, 2.800062], [-75.22361, 2.802582], [-75.224895, 2.80198], [-75.227266, 2.804866], [-75.229037, 2.802664], [-75.230508, 2.804074], [-75.228367, 2.806634], [-75.230286, 2.808932], [-75.231244, 2.809128], [-75.232481, 2.808052], [-75.232916, 2.808105], [-75.232725, 2.808551], [-75.233148, 2.808861], [-75.233136, 2.809241], [-75.233975, 2.809057], [-75.23445, 2.809521], [-75.235039, 2.809491], [-75.235545, 2.810126], [-75.235003, 2.811422], [-75.235924, 2.811885], [-75.235414, 2.813355], [-75.234379, 2.813747], [-75.232972, 2.814932], [-75.232688, 2.815412], [-75.233367, 2.815853], [-75.233175, 2.816121], [-75.232492, 2.815819], [-75.231687, 2.816352], [-75.231654, 2.81708], [-75.232193, 2.817689], [-75.232348, 2.817529], [-75.232553, 2.818082], [-75.232898, 2.818248], [-75.233794, 2.817892], [-75.234273, 2.818434], [-75.233544, 2.819023], [-75.233208, 2.818644], [-75.232759, 2.818943], [-75.232181, 2.821037], [-75.232689, 2.82133], [-75.232465, 2.82171], [-75.232741, 2.822132], [-75.232153, 2.822559]]]}, "properties": {"zu_cnmbre": "LA ULLOA", "zu_narea": 1430249.3175, "zu_nano": 2025}},{"type": "Feature", "geometry": {"type": "Polygon", "coordinates": [[[-75.282584, 2.764162], [-75.281112, 2.761772], [-75.280604, 2.762302], [-75.279078, 2.761971], [-75.279206, 2.761434], [-75.278648, 2.761397], [-75.27869, 2.760937], [-75.280171, 2.761216], [-75.280296, 2.760895], [-75.279739, 2.760641], [-75.280739, 2.759852], [-75.282017, 2.759424], [-75.282484, 2.759749], [-75.282531, 2.759435], [-75.284877, 2.75898], [-75.285447, 2.758392], [-75.287359, 2.758371], [-75.287743, 2.757546], [-75.287066, 2.757605], [-75.288201, 2.755881], [-75.28861, 2.755702], [-75.288695, 2.756535], [-75.29144, 2.75499], [-75.291659, 2.755147], [-75.290713, 2.75576], [-75.290933, 2.756801], [-75.291748, 2.75656], [-75.291925, 2.757251], [-75.290666, 2.757393], [-75.290499, 2.758329], [-75.292596, 2.759106], [-75.293733, 2.758968], [-75.294227, 2.760647], [-75.295235, 2.760783], [-75.294593, 2.761606], [-75.296019, 2.761878], [-75.296041, 2.762379], [-75.29211, 2.762522], [-75.29157, 2.761054], [-75.289578, 2.761593], [-75.28906, 2.761097], [-75.288069, 2.761088], [-75.28818, 2.762031], [-75.286243, 2.761184], [-75.283681, 2.761735], [-75.282257, 2.761328], [-75.281911, 2.762403], [-75.283282, 2.762503], [-75.283724, 2.762994], [-75.282996, 2.763579], [-75.283212, 2.764611], [-75.282584, 2.764162]]]}, "properties": {"zu_cnmbre": "RIVERITA", "zu_narea": 654370.331582, "zu_nano": 2025}},{"type": "Feature", "geometry": {"type": "Polygon", "coordinates": [[[-75.299719, 2.823188], [-75.299156, 2.824242], [-75.298731, 2.824056], [-75.299025, 2.823532], [-75.297328, 2.822567], [-75.297028, 2.823157], [-75.296611, 2.822984], [-75.296202, 2.823362], [-75.294772, 2.822679], [-75.293804, 2.821774], [-75.294985, 2.816553], [-75.295792, 2.81696], [-75.295062, 2.8182], [-75.29599, 2.818704], [-75.295877, 2.819271], [-75.297659, 2.820033], [-75.29753, 2.820242], [-75.296507, 2.819733], [-75.29602, 2.821217], [-75.302099, 2.824161], [-75.302008, 2.824346], [-75.299719, 2.823188]]]}, "properties": {"zu_cnmbre": "RÍO FRÍO", "zu_narea": 183052.051985, "zu_nano": 2025}},{"type": "Feature", "geometry": {"type": "Polygon", "coordinates": [[[-75.635117, 2.910331], [-75.633353, 2.909453], [-75.633385, 2.908118], [-75.634297, 2.907218], [-75.634326, 2.908385], [-75.635467, 2.908949], [-75.635058, 2.909264], [-75.635117, 2.910331]]]}, "properties": {"zu_cnmbre": "SAN JOAQUÍN", "zu_narea": 36746.8901365, "zu_nano": 2025}},{"type": "Feature", "geometry": {"type": "Polygon", "coordinates": [[[-76.047859, 1.99856], [-76.047347, 1.998422], [-76.047745, 1.998088], [-76.047359, 1.997525], [-76.047006, 1.997572], [-76.047336, 1.997319], [-76.047073, 1.996714], [-76.046673, 1.996975], [-76.04619, 1.996759], [-76.046049, 1.997151], [-76.045012, 1.997282], [-76.044272, 1.998158], [-76.044071, 1.998035], [-76.045043, 1.997048], [-76.044888, 1.996697], [-76.046037, 1.996559], [-76.046195, 1.996121], [-76.04547, 1.995608], [-76.04553, 1.994627], [-76.044988, 1.994018], [-76.043852, 1.993687], [-76.042096, 1.996017], [-76.03843, 1.997367], [-76.037745, 1.997071], [-76.037707, 1.996733], [-76.036484, 1.997761], [-76.035422, 1.997236], [-76.03477, 1.997898], [-76.034506, 1.997236], [-76.036771, 1.99577], [-76.036359, 1.995143], [-76.039064, 1.994557], [-76.040866, 1.99357], [-76.040443, 1.992844], [-76.041201, 1.992545], [-76.040903, 1.992154], [-76.041544, 1.991735], [-76.042379, 1.991493], [-76.042506, 1.991756], [-76.043224, 1.991536], [-76.043484, 1.991919], [-76.044018, 1.991752], [-76.044238, 1.991264], [-76.045203, 1.990934], [-76.045105, 1.990636], [-76.046271, 1.989491], [-76.046659, 1.990507], [-76.047359, 1.990142], [-76.048016, 1.990254], [-76.048736, 1.989885], [-76.048662, 1.989575], [-76.049553, 1.989655], [-76.049985, 1.989254], [-76.049336, 1.988514], [-76.049613, 1.988169], [-76.048762, 1.987541], [-76.049974, 1.987411], [-76.052216, 1.989262], [-76.052173, 1.990297], [-76.053657, 1.989842], [-76.053724, 1.990025], [-76.053374, 1.990088], [-76.053188, 1.990665], [-76.052934, 1.990307], [-76.052024, 1.99067], [-76.052053, 1.990914], [-76.051554, 1.990771], [-76.050921, 1.991316], [-76.05096, 1.991818], [-76.050399, 1.991324], [-76.050393, 1.991644], [-76.049914, 1.991751], [-76.049883, 1.992115], [-76.049333, 1.992473], [-76.049362, 1.992961], [-76.048199, 1.992693], [-76.048298, 1.993157], [-76.047583, 1.993682], [-76.047477, 1.994971], [-76.046905, 1.99573], [-76.047345, 1.995652], [-76.047792, 1.996569], [-76.047387, 1.996754], [-76.047638, 1.997306], [-76.049535, 1.997713], [-76.049469, 1.998281], [-76.048086, 1.998092], [-76.048077, 1.999156], [-76.046263, 2.000081], [-76.045824, 1.999902], [-76.047859, 1.99856]]]}, "properties": {"zu_cnmbre": "SALADOBLANCO", "zu_narea": 748616.950831, "zu_nano": 2025}},{"type": "Feature", "geometry": {"type": "Polygon", "coordinates": [[[-76.131555, 1.999187], [-76.130426, 1.999378], [-76.130373, 1.998995], [-76.129948, 1.998968], [-76.130208, 1.998243], [-76.131134, 1.998236], [-76.131431, 1.997832], [-76.132916, 1.998113], [-76.133303, 1.998698], [-76.132851, 1.999054], [-76.133307, 2.000212], [-76.13303, 2.000957], [-76.132475, 1.999438], [-76.131555, 1.999187]]]}, "properties": {"zu_cnmbre": "LA CABAÑA", "zu_narea": 54583.7637629, "zu_nano": 2025}},{"type": "Feature", "geometry": {"type": "Polygon", "coordinates": [[[-76.249135, 1.851064], [-76.249461, 1.849194], [-76.249713, 1.849158], [-76.24938, 1.84801], [-76.249062, 1.848184], [-76.248921, 1.847762], [-76.249102, 1.847136], [-76.250313, 1.846499], [-76.250525, 1.845982], [-76.251236, 1.845763], [-76.251409, 1.846041], [-76.250864, 1.846671], [-76.251261, 1.846817], [-76.252002, 1.846143], [-76.252378, 1.84629], [-76.252711, 1.846584], [-76.252159, 1.847221], [-76.251457, 1.847022], [-76.250196, 1.847272], [-76.249726, 1.847706], [-76.249958, 1.849116], [-76.2503, 1.849181], [-76.250593, 1.850687], [-76.25094, 1.850857], [-76.250436, 1.850936], [-76.249883, 1.850543], [-76.249783, 1.8515], [-76.250083, 1.851957], [-76.24926, 1.852482], [-76.249145, 1.85217], [-76.249573, 1.851913], [-76.249472, 1.851143], [-76.249135, 1.851064]]]}, "properties": {"zu_cnmbre": "ALTO DEL OBISPO", "zu_narea": 77871.7305786, "zu_nano": 2025}},{"type": "Feature", "geometry": {"type": "Polygon", "coordinates": [[[-76.29795, 1.94093], [-76.297475, 1.940588], [-76.297352, 1.939057], [-76.298335, 1.938822], [-76.298387, 1.938403], [-76.29902, 1.94007], [-76.299417, 1.939997], [-76.299013, 1.940496], [-76.299208, 1.94088], [-76.298924, 1.940904], [-76.299281, 1.941405], [-76.298004, 1.941737], [-76.29795, 1.94093]]]}, "properties": {"zu_cnmbre": "OBANDO", "zu_narea": 46926.6719443, "zu_nano": 2025}},{"type": "Feature", "geometry": {"type": "Polygon", "coordinates": [[[-76.292606, 1.959605], [-76.292298, 1.959558], [-76.292572, 1.95929], [-76.292249, 1.95908], [-76.292601, 1.958223], [-76.291506, 1.956899], [-76.29206, 1.956609], [-76.292939, 1.957585], [-76.293616, 1.956198], [-76.293251, 1.955355], [-76.293535, 1.955026], [-76.294107, 1.956846], [-76.294471, 1.956949], [-76.294709, 1.957553], [-76.293857, 1.958418], [-76.293994, 1.958884], [-76.293, 1.959485], [-76.292707, 1.959204], [-76.292606, 1.959605]]]}, "properties": {"zu_cnmbre": "EL PALMAR", "zu_narea": 65807.2269717, "zu_nano": 2025}},{"type": "Feature", "geometry": {"type": "Polygon", "coordinates": [[[-76.354807, 1.91549], [-76.354752, 1.914739], [-76.355503, 1.913489], [-76.355311, 1.912177], [-76.356001, 1.912265], [-76.358192, 1.914556], [-76.357944, 1.914889], [-76.356655, 1.914869], [-76.355655, 1.915421], [-76.354807, 1.91549]]]}, "properties": {"zu_cnmbre": "PRADERA", "zu_narea": 76142.1882816, "zu_nano": 2025}},{"type": "Feature", "geometry": {"type": "Polygon", "coordinates": [[[-75.800357, 1.925763], [-75.799849, 1.926224], [-75.798959, 1.925772], [-75.80081, 1.923055], [-75.801821, 1.922109], [-75.801839, 1.921389], [-75.803275, 1.921756], [-75.804608, 1.922969], [-75.80398, 1.923702], [-75.803599, 1.923493], [-75.801238, 1.926319], [-75.800357, 1.925763]]]}, "properties": {"zu_cnmbre": "SAN JOSE", "zu_narea": 149033.866782, "zu_nano": 2025}},{"type": "Feature", "geometry": {"type": "Polygon", "coordinates": [[[-76.302794, 1.821695], [-76.30513, 1.820454], [-76.305444, 1.82071], [-76.305175, 1.821203], [-76.304591, 1.821221], [-76.304786, 1.821638], [-76.303092, 1.82282], [-76.302794, 1.821695]]]}, "properties": {"zu_cnmbre": "EL ROSARIO", "zu_narea": 28197.591346, "zu_nano": 2025}},{"type": "Feature", "geometry": {"type": "Polygon", "coordinates": [[[-75.582178, 2.942651], [-75.581681, 2.941914], [-75.581998, 2.941482], [-75.584062, 2.940837], [-75.585033, 2.939257], [-75.58457, 2.938139], [-75.585105, 2.937583], [-75.585031, 2.937249], [-75.585683, 2.937443], [-75.58651, 2.936698], [-75.585927, 2.935267], [-75.586687, 2.935138], [-75.586968, 2.935406], [-75.587399, 2.93507], [-75.587951, 2.93577], [-75.588683, 2.934487], [-75.592327, 2.933119], [-75.592488, 2.93185], [-75.592871, 2.932031], [-75.594082, 2.9311], [-75.594265, 2.931273], [-75.592999, 2.932172], [-75.593187, 2.93312], [-75.592832, 2.933753], [-75.590394, 2.934495], [-75.590318, 2.93498], [-75.589599, 2.935427], [-75.588985, 2.934926], [-75.588456, 2.935727], [-75.589117, 2.937041], [-75.588193, 2.937957], [-75.588484, 2.938563], [-75.588341, 2.939249], [-75.587541, 2.940488], [-75.586731, 2.939736], [-75.585226, 2.942004], [-75.58677, 2.94192], [-75.587494, 2.941241], [-75.587958, 2.941256], [-75.588127, 2.941974], [-75.588632, 2.942085], [-75.588569, 2.942403], [-75.587991, 2.942268], [-75.587728, 2.9432], [-75.585716, 2.943971], [-75.585412, 2.943696], [-75.584703, 2.94414], [-75.583862, 2.944038], [-75.583206, 2.944597], [-75.582895, 2.944173], [-75.583924, 2.943202], [-75.584019, 2.94258], [-75.583337, 2.943503], [-75.580932, 2.945182], [-75.580161, 2.944865], [-75.580585, 2.94393], [-75.582178, 2.942651]]]}, "properties": {"zu_cnmbre": "SANTA MARÍA", "zu_narea": 469699.932332, "zu_nano": 2025}},{"type": "Feature", "geometry": {"type": "Polygon", "coordinates": [[[-75.795404, 1.980656], [-75.796232, 1.979837], [-75.796036, 1.979691], [-75.796333, 1.979137], [-75.795022, 1.978768], [-75.794038, 1.979231], [-75.792801, 1.980591], [-75.792198, 1.980478], [-75.792186, 1.978912], [-75.791683, 1.978301], [-75.791557, 1.977502], [-75.79055, 1.977372], [-75.790747, 1.974646], [-75.791054, 1.973507], [-75.792322, 1.972436], [-75.794285, 1.972325], [-75.795646, 1.973209], [-75.796057, 1.972183], [-75.79563, 1.971053], [-75.797104, 1.970389], [-75.798105, 1.974813], [-75.799962, 1.975147], [-75.800943, 1.976436], [-75.800512, 1.976116], [-75.800326, 1.976571], [-75.799379, 1.976573], [-75.799816, 1.977431], [-75.7997, 1.978872], [-75.799063, 1.97866], [-75.798391, 1.979826], [-75.79683, 1.980006], [-75.796559, 1.980611], [-75.795522, 1.980884], [-75.795404, 1.980656]]]}, "properties": {"zu_cnmbre": "SUAZA", "zu_narea": 725516.868711, "zu_nano": 2025}},{"type": "Feature", "geometry": {"type": "Polygon", "coordinates": [[[-75.803572, 1.911811], [-75.80312, 1.911556], [-75.80321, 1.910762], [-75.802744, 1.90968], [-75.799036, 1.908734], [-75.799405, 1.907681], [-75.798913, 1.907289], [-75.799376, 1.906782], [-75.800157, 1.906803], [-75.800526, 1.905736], [-75.801196, 1.905998], [-75.802372, 1.903082], [-75.801655, 1.902468], [-75.802123, 1.901736], [-75.802487, 1.901801], [-75.802373, 1.901169], [-75.806208, 1.901767], [-75.806997, 1.900478], [-75.807646, 1.902642], [-75.807041, 1.906234], [-75.80748, 1.906422], [-75.807314, 1.907174], [-75.807748, 1.907341], [-75.807415, 1.908141], [-75.809338, 1.908997], [-75.809395, 1.909639], [-75.808809, 1.910275], [-75.806679, 1.911376], [-75.8057, 1.911246], [-75.803572, 1.911811]]]}, "properties": {"zu_cnmbre": "GUAYABAL", "zu_narea": 801699.578795, "zu_nano": 2025}},{"type": "Feature", "geometry": {"type": "Polygon", "coordinates": [[[-75.826375, 1.876792], [-75.824373, 1.876116], [-75.825614, 1.872708], [-75.827188, 1.873749], [-75.825994, 1.875315], [-75.826382, 1.875475], [-75.82614, 1.875973], [-75.826375, 1.876792]]]}, "properties": {"zu_cnmbre": "CRUCE ACEVEDO", "zu_narea": 61517.9891597, "zu_nano": 2025}},{"type": "Feature", "geometry": {"type": "Polygon", "coordinates": [[[-75.825368, 2.117568], [-75.824792, 2.117175], [-75.82454, 2.116113], [-75.823882, 2.115937], [-75.823145, 2.114793], [-75.822466, 2.114419], [-75.822696, 2.114143], [-75.822104, 2.113467], [-75.82238, 2.112933], [-75.819564, 2.111019], [-75.816776, 2.110074], [-75.81684, 2.108591], [-75.81734, 2.108817], [-75.817735, 2.107958], [-75.819436, 2.108858], [-75.819522, 2.108389], [-75.82066, 2.108653], [-75.822668, 2.108386], [-75.822695, 2.108122], [-75.8256, 2.107326], [-75.825819, 2.107977], [-75.828125, 2.107673], [-75.829161, 2.108574], [-75.829541, 2.109033], [-75.827876, 2.110396], [-75.82801, 2.110697], [-75.827058, 2.111311], [-75.827058, 2.11167], [-75.826217, 2.111904], [-75.826694, 2.112484], [-75.828697, 2.11355], [-75.827394, 2.114918], [-75.827604, 2.11558], [-75.827209, 2.11619], [-75.826754, 2.116318], [-75.826223, 2.115677], [-75.826003, 2.116442], [-75.826249, 2.116835], [-75.825697, 2.116782], [-75.825368, 2.117568]]]}, "properties": {"zu_cnmbre": "TARQUI", "zu_narea": 755316.012941, "zu_nano": 2025}},{"type": "Feature", "geometry": {"type": "Polygon", "coordinates": [[[-75.907479, 2.074033], [-75.905694, 2.072944], [-75.905621, 2.073168], [-75.904838, 2.072917], [-75.904462, 2.073932], [-75.903679, 2.073501], [-75.903886, 2.07267], [-75.903204, 2.07243], [-75.902797, 2.073161], [-75.901481, 2.072388], [-75.902394, 2.070705], [-75.903687, 2.06984], [-75.905425, 2.07143], [-75.906445, 2.071816], [-75.906286, 2.072208], [-75.908079, 2.073802], [-75.907479, 2.074033]]]}, "properties": {"zu_cnmbre": "EL VERGEL", "zu_narea": 146804.758991, "zu_nano": 2025}},{"type": "Feature", "geometry": {"type": "Polygon", "coordinates": [[[-75.080718, 3.020457], [-75.079862, 3.0196], [-75.079239, 3.020009], [-75.07885, 3.019167], [-75.079339, 3.018901], [-75.078835, 3.017842], [-75.077008, 3.016958], [-75.075056, 3.016615], [-75.075934, 3.015316], [-75.076662, 3.01543], [-75.077037, 3.01488], [-75.075977, 3.01441], [-75.073717, 3.014154], [-75.073811, 3.013385], [-75.074784, 3.012964], [-75.075646, 3.013195], [-75.075675, 3.012124], [-75.077543, 3.011764], [-75.078428, 3.012306], [-75.078807, 3.011828], [-75.079367, 3.011778], [-75.07966, 3.012163], [-75.078486, 3.013492], [-75.078789, 3.013724], [-75.07872, 3.014159], [-75.079364, 3.014356], [-75.078921, 3.016376], [-75.079478, 3.016915], [-75.07921, 3.017075], [-75.080577, 3.017657], [-75.081084, 3.018478], [-75.080552, 3.018903], [-75.081066, 3.020041], [-75.080718, 3.020457]]]}, "properties": {"zu_cnmbre": "SIERRA DE LA CAÑADA", "zu_narea": 290289.681445, "zu_nano": 2025}},{"type": "Feature", "geometry": {"type": "Polygon", "coordinates": [[[-75.9443, 2.077248], [-75.943776, 2.075389], [-75.942795, 2.075265], [-75.943457, 2.074808], [-75.943013, 2.072168], [-75.943352, 2.071407], [-75.943997, 2.071119], [-75.944322, 2.070272], [-75.944509, 2.073491], [-75.944855, 2.074012], [-75.945259, 2.073762], [-75.945635, 2.07435], [-75.945156, 2.074677], [-75.945517, 2.075041], [-75.946436, 2.075041], [-75.946428, 2.075595], [-75.945405, 2.075993], [-75.945238, 2.075459], [-75.944898, 2.07558], [-75.945156, 2.076574], [-75.944844, 2.076503], [-75.9443, 2.077248]]]}, "properties": {"zu_cnmbre": "QUITURO", "zu_narea": 117805.355129, "zu_nano": 2025}},{"type": "Feature", "geometry": {"type": "Polygon", "coordinates": [[[-75.727359, 2.492193], [-75.7259, 2.49101], [-75.728028, 2.488986], [-75.728024, 2.48841], [-75.726607, 2.487071], [-75.72452, 2.486935], [-75.723837, 2.486261], [-75.722438, 2.48672], [-75.722298, 2.486494], [-75.724165, 2.484861], [-75.727772, 2.479659], [-75.728635, 2.480502], [-75.728861, 2.480255], [-75.72979, 2.481812], [-75.730548, 2.481531], [-75.730669, 2.482647], [-75.730292, 2.48299], [-75.730887, 2.483378], [-75.731656, 2.482539], [-75.731445, 2.482013], [-75.731994, 2.481868], [-75.734524, 2.483753], [-75.73552, 2.484867], [-75.735389, 2.485036], [-75.736, 2.4854], [-75.73553, 2.48605], [-75.734442, 2.485548], [-75.733399, 2.485871], [-75.733252, 2.486674], [-75.735689, 2.487362], [-75.736082, 2.488622], [-75.737616, 2.490272], [-75.73701, 2.491655], [-75.73661, 2.491891], [-75.736063, 2.491396], [-75.734429, 2.490948], [-75.733829, 2.490078], [-75.733417, 2.490324], [-75.733036, 2.489869], [-75.733235, 2.489416], [-75.732567, 2.489049], [-75.73131, 2.489805], [-75.731039, 2.490499], [-75.732443, 2.491193], [-75.732315, 2.491489], [-75.731451, 2.491593], [-75.730948, 2.492007], [-75.730516, 2.491316], [-75.729112, 2.490509], [-75.728815, 2.48943], [-75.728318, 2.489827], [-75.728234, 2.490293], [-75.728548, 2.490662], [-75.72812, 2.491391], [-75.727663, 2.491226], [-75.727359, 2.492193]]]}, "properties": {"zu_cnmbre": "TESALIA", "zu_narea": 1087946.07636, "zu_nano": 2025}},{"type": "Feature", "geometry": {"type": "Polygon", "coordinates": [[[-75.699593, 2.614103], [-75.698209, 2.612361], [-75.698167, 2.611197], [-75.69725, 2.609761], [-75.697665, 2.609018], [-75.69707, 2.608703], [-75.697144, 2.608269], [-75.696653, 2.607848], [-75.696392, 2.606616], [-75.694808, 2.605816], [-75.69499, 2.605027], [-75.695745, 2.605969], [-75.696336, 2.60515], [-75.696772, 2.605353], [-75.696678, 2.605954], [-75.697069, 2.606182], [-75.698365, 2.605744], [-75.698114, 2.606059], [-75.699311, 2.607472], [-75.70086, 2.606454], [-75.701461, 2.607077], [-75.700045, 2.6081], [-75.700811, 2.608594], [-75.700346, 2.608962], [-75.699828, 2.608757], [-75.699687, 2.609368], [-75.700017, 2.61007], [-75.698951, 2.611285], [-75.698597, 2.612417], [-75.698747, 2.612696], [-75.699033, 2.611888], [-75.699229, 2.611975], [-75.698868, 2.612709], [-75.699593, 2.614103]]]}, "properties": {"zu_cnmbre": "PACARNÍ", "zu_narea": 205168.967413, "zu_nano": 2025}},{"type": "Feature", "geometry": {"type": "Polygon", "coordinates": [[[-75.138953, 3.073438], [-75.135374, 3.070489], [-75.13424, 3.067929], [-75.132735, 3.067164], [-75.133505, 3.066589], [-75.13369, 3.06571], [-75.135014, 3.06501], [-75.135685, 3.065228], [-75.136349, 3.064763], [-75.136483, 3.064959], [-75.137787, 3.063968], [-75.137665, 3.063391], [-75.136924, 3.062588], [-75.138817, 3.062138], [-75.138932, 3.06336], [-75.140602, 3.062481], [-75.140792, 3.062697], [-75.141371, 3.061392], [-75.142128, 3.064544], [-75.143555, 3.066934], [-75.142163, 3.069426], [-75.14302, 3.069891], [-75.141514, 3.071159], [-75.141364, 3.072193], [-75.14026, 3.071625], [-75.139611, 3.072094], [-75.138953, 3.073438]]]}, "properties": {"zu_cnmbre": "TELLO", "zu_narea": 854174.632272, "zu_nano": 2025}},{"type": "Feature", "geometry": {"type": "Polygon", "coordinates": [[[-75.071, 3.00027], [-75.07195, 2.998288], [-75.072454, 2.998401], [-75.072297, 2.99788], [-75.073113, 2.9966], [-75.073916, 2.996932], [-75.074277, 2.997828], [-75.074957, 2.997755], [-75.074984, 2.997264], [-75.075689, 2.997266], [-75.075946, 2.996899], [-75.076608, 2.997682], [-75.077664, 2.998124], [-75.077307, 2.998349], [-75.077537, 2.998728], [-75.077259, 2.998872], [-75.076389, 2.998551], [-75.076907, 2.999463], [-75.07639, 2.999695], [-75.073641, 2.998621], [-75.07278, 2.998613], [-75.072303, 2.998831], [-75.072682, 2.999409], [-75.072015, 2.9998], [-75.072261, 3.000302], [-75.072026, 3.000805], [-75.070985, 3.001135], [-75.071, 3.00027]]]}, "properties": {"zu_cnmbre": "SIERRA DEL GRAMAL", "zu_narea": 133018.214198, "zu_nano": 2025}},{"type": "Feature", "geometry": {"type": "MultiPolygon", "coordinates": [[[[-75.014662, 3.049375], [-75.01475, 3.049094], [-75.013176, 3.048756], [-75.015196, 3.048492], [-75.015039, 3.047704], [-75.016195, 3.046704], [-75.016135, 3.046326], [-75.018122, 3.046536], [-75.019259, 3.046325], [-75.019319, 3.04665], [-75.017552, 3.047238], [-75.017411, 3.048128], [-75.016526, 3.04909], [-75.015905, 3.049399], [-75.014662, 3.049375]]], [[[-75.01237, 3.049273], [-75.012892, 3.04918], [-75.013688, 3.049733], [-75.012614, 3.050696], [-75.011539, 3.050355], [-75.01237, 3.049273]]]]}, "properties": {"zu_cnmbre": "SAN ANDRÉS TELLO", "zu_narea": 115573.777404, "zu_nano": 2025}},{"type": "Feature", "geometry": {"type": "Polygon", "coordinates": [[[-75.932532, 1.981568], [-75.932827, 1.981189], [-75.932306, 1.981094], [-75.932388, 1.980616], [-75.931097, 1.981194], [-75.930837, 1.980592], [-75.93148, 1.980071], [-75.931524, 1.978672], [-75.930362, 1.978503], [-75.929823, 1.978891], [-75.929674, 1.978604], [-75.929211, 1.978825], [-75.928922, 1.978265], [-75.929343, 1.978101], [-75.92895, 1.97723], [-75.9276, 1.977607], [-75.92668, 1.97644], [-75.926935, 1.976354], [-75.926932, 1.975644], [-75.928485, 1.975228], [-75.930089, 1.974028], [-75.929651, 1.974044], [-75.92939, 1.973346], [-75.928512, 1.973322], [-75.927851, 1.972842], [-75.928714, 1.972052], [-75.928799, 1.971083], [-75.928129, 1.970975], [-75.928291, 1.970672], [-75.929066, 1.971021], [-75.92953, 1.970704], [-75.929824, 1.970229], [-75.929827, 1.968171], [-75.931031, 1.966871], [-75.932752, 1.966633], [-75.93304, 1.965485], [-75.932887, 1.966884], [-75.9337, 1.968932], [-75.93368, 1.970221], [-75.934498, 1.971131], [-75.934726, 1.97238], [-75.936474, 1.975983], [-75.93642, 1.976827], [-75.936795, 1.977099], [-75.936875, 1.977932], [-75.93623, 1.977967], [-75.936569, 1.979562], [-75.935035, 1.979234], [-75.93534, 1.980766], [-75.93331, 1.980299], [-75.933436, 1.981673], [-75.932532, 1.981568]]]}, "properties": {"zu_cnmbre": "TIMANÁ", "zu_narea": 994626.262236, "zu_nano": 2025}},{"type": "Feature", "geometry": {"type": "MultiPolygon", "coordinates": [[[[-75.900866, 1.957095], [-75.900488, 1.956514], [-75.899874, 1.956754], [-75.899718, 1.9566], [-75.900194, 1.956322], [-75.899558, 1.956149], [-75.899817, 1.955849], [-75.899086, 1.955321], [-75.89929, 1.955078], [-75.898445, 1.954862], [-75.897731, 1.953807], [-75.898411, 1.954172], [-75.898884, 1.953923], [-75.898611, 1.953737], [-75.8991, 1.953539], [-75.899157, 1.952679], [-75.900035, 1.953146], [-75.899535, 1.953085], [-75.899471, 1.95345], [-75.90001, 1.954273], [-75.900326, 1.953767], [-75.901075, 1.954308], [-75.902036, 1.953934], [-75.902534, 1.954284], [-75.901764, 1.954829], [-75.901518, 1.954609], [-75.90066, 1.956033], [-75.901226, 1.956153], [-75.900845, 1.956377], [-75.901463, 1.956942], [-75.900974, 1.956769], [-75.900866, 1.957095]]], [[[-75.897317, 1.953115], [-75.896909, 1.95317], [-75.896841, 1.95284], [-75.896627, 1.953063], [-75.896686, 1.952524], [-75.896312, 1.952501], [-75.896258, 1.952358], [-75.896691, 1.952403], [-75.896968, 1.952654], [-75.897343, 1.951626], [-75.897648, 1.952087], [-75.897244, 1.95284], [-75.897905, 1.953591], [-75.897317, 1.953115]]]]}, "properties": {"zu_cnmbre": "MONTAÑITA", "zu_narea": 95267.0632162, "zu_nano": 2025}},{"type": "Feature", "geometry": {"type": "Polygon", "coordinates": [[[-75.886718, 1.980368], [-75.889081, 1.979139], [-75.889116, 1.97829], [-75.889872, 1.977547], [-75.892023, 1.977669], [-75.89185, 1.979414], [-75.887935, 1.982735], [-75.886718, 1.980368]]]}, "properties": {"zu_cnmbre": "COSANZA", "zu_narea": 168590.72738, "zu_nano": 2025}},{"type": "Feature", "geometry": {"type": "Polygon", "coordinates": [[[-75.564699, 2.747439], [-75.564539, 2.745214], [-75.565804, 2.742955], [-75.564679, 2.741668], [-75.56497, 2.741218], [-75.564755, 2.740024], [-75.563845, 2.739984], [-75.564138, 2.737681], [-75.563899, 2.736957], [-75.56426, 2.735412], [-75.565333, 2.734262], [-75.566034, 2.734337], [-75.565736, 2.736779], [-75.566685, 2.737028], [-75.567152, 2.736382], [-75.567366, 2.736595], [-75.568081, 2.736326], [-75.568783, 2.734788], [-75.568568, 2.73367], [-75.569717, 2.73319], [-75.569765, 2.733998], [-75.570222, 2.734588], [-75.56993, 2.73541], [-75.570707, 2.735968], [-75.570608, 2.736776], [-75.570119, 2.737199], [-75.570932, 2.737748], [-75.57076, 2.740063], [-75.569343, 2.740413], [-75.56947, 2.741421], [-75.56862, 2.74178], [-75.568857, 2.74301], [-75.568048, 2.744263], [-75.568323, 2.74469], [-75.569222, 2.744448], [-75.569512, 2.745246], [-75.570482, 2.745517], [-75.568527, 2.745635], [-75.567759, 2.745976], [-75.566703, 2.74758], [-75.565967, 2.747427], [-75.56578, 2.748384], [-75.566155, 2.748917], [-75.56521, 2.751068], [-75.564593, 2.75079], [-75.564134, 2.748795], [-75.564699, 2.747439]]]}, "properties": {"zu_cnmbre": "TERUEL", "zu_narea": 780675.631217, "zu_nano": 2025}},{"type": "Feature", "geometry": {"type": "Polygon", "coordinates": [[[-75.842956, 2.005732], [-75.842362, 2.00503], [-75.843112, 2.004576], [-75.843939, 2.002731], [-75.843748, 2.002027], [-75.842836, 2.001497], [-75.843489, 2.000555], [-75.844721, 2.000332], [-75.844589, 2.001131], [-75.846102, 2.000685], [-75.846335, 2.001071], [-75.847853, 2.000483], [-75.848537, 2.000889], [-75.847133, 2.001573], [-75.847345, 2.002448], [-75.846493, 2.002115], [-75.845365, 2.002528], [-75.845613, 2.003037], [-75.844968, 2.003406], [-75.84484, 2.003196], [-75.843889, 2.003832], [-75.843935, 2.004336], [-75.843421, 2.004397], [-75.843801, 2.004582], [-75.843971, 2.005703], [-75.842956, 2.005732]]]}, "properties": {"zu_cnmbre": "ALTO NARANJAL", "zu_narea": 133677.383921, "zu_nano": 2025}},{"type": "Feature", "geometry": {"type": "Polygon", "coordinates": [[[-75.964944, 1.905859], [-75.963915, 1.9053], [-75.964115, 1.904263], [-75.965104, 1.904572], [-75.965362, 1.904228], [-75.967097, 1.904094], [-75.967316, 1.904742], [-75.967774, 1.904787], [-75.969202, 1.904383], [-75.969952, 1.904295], [-75.971007, 1.904242], [-75.971272, 1.903595], [-75.971985, 1.903355], [-75.971841, 1.904276], [-75.972131, 1.904046], [-75.972466, 1.904596], [-75.972289, 1.904774], [-75.972904, 1.905303], [-75.972273, 1.905661], [-75.971813, 1.904981], [-75.971423, 1.904933], [-75.971889, 1.904388], [-75.971657, 1.903922], [-75.971184, 1.90462], [-75.969973, 1.904684], [-75.96995, 1.904326], [-75.969579, 1.904352], [-75.969616, 1.904715], [-75.96749, 1.905307], [-75.966602, 1.90535], [-75.966494, 1.90486], [-75.966018, 1.904965], [-75.966195, 1.905607], [-75.965895, 1.905781], [-75.964944, 1.905859]]]}, "properties": {"zu_cnmbre": "PANTANOS", "zu_narea": 83677.6196731, "zu_nano": 2025}},{"type": "Feature", "geometry": {"type": "Polygon", "coordinates": [[[-75.969828, 1.886492], [-75.968706, 1.886471], [-75.968419, 1.886198], [-75.969554, 1.885945], [-75.96949, 1.884896], [-75.969936, 1.88488], [-75.9698, 1.882506], [-75.969005, 1.882629], [-75.969033, 1.881526], [-75.96867, 1.880883], [-75.966503, 1.879773], [-75.966629, 1.879379], [-75.968315, 1.879249], [-75.969882, 1.88088], [-75.970468, 1.882661], [-75.970514, 1.885329], [-75.97106, 1.886957], [-75.970242, 1.887059], [-75.969828, 1.886492]]]}, "properties": {"zu_cnmbre": "SANTA BÁRBARA", "zu_narea": 111729.059292, "zu_nano": 2025}},{"type": "Feature", "geometry": {"type": "Polygon", "coordinates": [[[-75.17075, 3.390524], [-75.170731, 3.389759], [-75.168923, 3.388315], [-75.168583, 3.386923], [-75.167509, 3.386875], [-75.167438, 3.386499], [-75.167932, 3.386428], [-75.168181, 3.385672], [-75.16873, 3.385635], [-75.168712, 3.386192], [-75.169448, 3.385349], [-75.170397, 3.385535], [-75.170492, 3.384621], [-75.171735, 3.385383], [-75.172791, 3.39019], [-75.17075, 3.390524]]]}, "properties": {"zu_cnmbre": "POTOSÍ", "zu_narea": 195617.078306, "zu_nano": 2025}},{"type": "Feature", "geometry": {"type": "Polygon", "coordinates": [[[-75.217275, 3.189916], [-75.216172, 3.189266], [-75.216908, 3.188216], [-75.216136, 3.18799], [-75.215852, 3.188361], [-75.21553, 3.188211], [-75.215697, 3.187814], [-75.215357, 3.187209], [-75.21658, 3.187251], [-75.216666, 3.186449], [-75.215223, 3.186256], [-75.214601, 3.185619], [-75.214007, 3.185889], [-75.214261, 3.184428], [-75.215217, 3.185098], [-75.215675, 3.183405], [-75.216251, 3.184076], [-75.216691, 3.183879], [-75.21632, 3.183599], [-75.216777, 3.183184], [-75.217007, 3.183522], [-75.220347, 3.183235], [-75.219294, 3.185213], [-75.219628, 3.185508], [-75.21855, 3.187203], [-75.218228, 3.187176], [-75.217814, 3.187731], [-75.218149, 3.188091], [-75.217275, 3.189916]]]}, "properties": {"zu_cnmbre": "POLONIA", "zu_narea": 243910.855144, "zu_nano": 2025}},{"type": "Feature", "geometry": {"type": "Polygon", "coordinates": [[[-75.172361, 3.353919], [-75.170075, 3.354587], [-75.169885, 3.353457], [-75.168698, 3.352896], [-75.169234, 3.352214], [-75.168537, 3.352124], [-75.168696, 3.350785], [-75.169379, 3.351009], [-75.169611, 3.350511], [-75.168943, 3.350169], [-75.169273, 3.349344], [-75.16848, 3.349631], [-75.168335, 3.34909], [-75.169108, 3.34874], [-75.171489, 3.349334], [-75.172022, 3.34891], [-75.17232, 3.348088], [-75.173123, 3.347854], [-75.174518, 3.348494], [-75.174248, 3.349462], [-75.174713, 3.349482], [-75.175176, 3.349021], [-75.176524, 3.350008], [-75.174128, 3.355527], [-75.172361, 3.353919]]]}, "properties": {"zu_cnmbre": "LA VICTORIA", "zu_narea": 453910.583133, "zu_nano": 2025}},{"type": "Feature", "geometry": {"type": "Polygon", "coordinates": [[[-77.245707, 1.907479], [-77.246318, 1.903768], [-77.247714, 1.904201], [-77.248538, 1.903386], [-77.248776, 1.903465], [-77.247721, 1.905635], [-77.248338, 1.906307], [-77.247493, 1.906732], [-77.247339, 1.907556], [-77.246899, 1.907375], [-77.246494, 1.907643], [-77.24648, 1.90929], [-77.245919, 1.90937], [-77.245707, 1.907479]]]}, "properties": {"zu_cnmbre": "PUERTO NUEVO", "zu_narea": 104117.444444, "zu_nano": 2025}},{"type": "Feature", "geometry": {"type": "MultiPolygon", "coordinates": [[[[-76.298057, 3.288361], [-76.297184, 3.288547], [-76.296736, 3.287983], [-76.2964, 3.288177], [-76.296624, 3.288896], [-76.296189, 3.289087], [-76.296122, 3.288326], [-76.295773, 3.288515], [-76.295497, 3.287886], [-76.295763, 3.287777], [-76.295489, 3.286643], [-76.29584, 3.28654], [-76.295978, 3.285983], [-76.297289, 3.286662], [-76.297655, 3.286348], [-76.298246, 3.286581], [-76.298639, 3.285572], [-76.299019, 3.285691], [-76.299238, 3.286349], [-76.29983, 3.286323], [-76.300175, 3.285633], [-76.300613, 3.28579], [-76.300772, 3.286269], [-76.300951, 3.285384], [-76.301594, 3.285121], [-76.302618, 3.285356], [-76.302889, 3.286589], [-76.303774, 3.286022], [-76.304022, 3.285267], [-76.304512, 3.286208], [-76.304971, 3.28562], [-76.305569, 3.286102], [-76.306674, 3.286109], [-76.306847, 3.285845], [-76.306951, 3.286379], [-76.307469, 3.286619], [-76.306323, 3.286517], [-76.306362, 3.28682], [-76.3054, 3.286811], [-76.305393, 3.287151], [-76.30432, 3.28686], [-76.304461, 3.287443], [-76.304062, 3.287554], [-76.303944, 3.287039], [-76.303417, 3.287116], [-76.303498, 3.287911], [-76.30294, 3.287929], [-76.302993, 3.287256], [-76.302397, 3.287755], [-76.301654, 3.287553], [-76.301671, 3.288459], [-76.301383, 3.28851], [-76.301382, 3.288263], [-76.300691, 3.288201], [-76.30099, 3.287673], [-76.300497, 3.287527], [-76.29957, 3.287906], [-76.299427, 3.288877], [-76.298747, 3.288906], [-76.298809, 3.289211], [-76.298235, 3.289361], [-76.298057, 3.288361]]], [[[-76.292138, 3.289393], [-76.289687, 3.288791], [-76.289237, 3.289118], [-76.289146, 3.288518], [-76.292308, 3.288862], [-76.292138, 3.289393]]]]}, "properties": {"zu_cnmbre": "CHOCOCITO", "zu_narea": 271706.748588, "zu_nano": 2025}},{"type": "Feature", "geometry": {"type": "Polygon", "coordinates": [[[-76.319718, 3.285121], [-76.319188, 3.282359], [-76.31901, 3.28328], [-76.317835, 3.282961], [-76.317756, 3.283773], [-76.316684, 3.28411], [-76.316713, 3.284714], [-76.315607, 3.285119], [-76.315489, 3.283608], [-76.317456, 3.282885], [-76.318029, 3.28175], [-76.320297, 3.281865], [-76.321064, 3.281084], [-76.322309, 3.281129], [-76.322247, 3.282233], [-76.320422, 3.282179], [-76.320362, 3.283635], [-76.320769, 3.285209], [-76.319718, 3.285121]]]}, "properties": {"zu_cnmbre": "EL INGENIO", "zu_narea": 117299.111855, "zu_nano": 2025}},{"type": "Feature", "geometry": {"type": "Polygon", "coordinates": [[[-76.500989, 3.200128], [-76.501155, 3.199151], [-76.502402, 3.198466], [-76.502927, 3.198738], [-76.502863, 3.199365], [-76.503954, 3.199641], [-76.5034, 3.198478], [-76.503863, 3.197922], [-76.504538, 3.198065], [-76.504829, 3.198803], [-76.505714, 3.198685], [-76.506987, 3.199452], [-76.508255, 3.198701], [-76.508882, 3.199552], [-76.509458, 3.199653], [-76.509484, 3.200341], [-76.510296, 3.200863], [-76.51001, 3.201405], [-76.510414, 3.201977], [-76.510571, 3.202141], [-76.510987, 3.201739], [-76.511472, 3.202334], [-76.510984, 3.202736], [-76.510203, 3.202666], [-76.509584, 3.201115], [-76.509173, 3.201659], [-76.50854, 3.201492], [-76.508201, 3.201247], [-76.508342, 3.20076], [-76.50669, 3.200901], [-76.506212, 3.200698], [-76.50641, 3.200117], [-76.505103, 3.199784], [-76.501511, 3.200962], [-76.500893, 3.201993], [-76.496496, 3.205576], [-76.496274, 3.205269], [-76.497183, 3.204346], [-76.499034, 3.20083], [-76.500989, 3.200128]]]}, "properties": {"zu_cnmbre": "PASO DE LA BOLSA", "zu_narea": 303052.005196, "zu_nano": 2025}},{"type": "Feature", "geometry": {"type": "Polygon", "coordinates": [[[-76.628306, 3.129545], [-76.627139, 3.129023], [-76.627199, 3.128693], [-76.626342, 3.12766], [-76.625148, 3.126812], [-76.624138, 3.126731], [-76.623149, 3.12758], [-76.622791, 3.128456], [-76.622106, 3.123484], [-76.621619, 3.123254], [-76.622355, 3.120407], [-76.620613, 3.118747], [-76.620758, 3.118535], [-76.623553, 3.119908], [-76.624062, 3.117322], [-76.625122, 3.117249], [-76.625091, 3.118951], [-76.625972, 3.122164], [-76.62611, 3.124024], [-76.627188, 3.125738], [-76.626172, 3.12698], [-76.628306, 3.129545]]]}, "properties": {"zu_cnmbre": "TIMBA", "zu_narea": 441113.533178, "zu_nano": 2025}},{"type": "Feature", "geometry": {"type": "Polygon", "coordinates": [[[-76.405659, 0.968701], [-76.405221, 0.968694], [-76.405504, 0.96632], [-76.404838, 0.966745], [-76.404148, 0.965603], [-76.403654, 0.965704], [-76.403511, 0.964046], [-76.402382, 0.964088], [-76.40231, 0.963192], [-76.40245, 0.962581], [-76.402887, 0.962553], [-76.402867, 0.962043], [-76.40407, 0.960696], [-76.404935, 0.961784], [-76.40509, 0.963108], [-76.406733, 0.962949], [-76.406512, 0.960989], [-76.403152, 0.958717], [-76.402787, 0.959127], [-76.40258, 0.958784], [-76.402265, 0.959274], [-76.401231, 0.959376], [-76.401793, 0.958832], [-76.401091, 0.957894], [-76.401166, 0.957369], [-76.401607, 0.95687], [-76.403093, 0.9577], [-76.407401, 0.960869], [-76.407654, 0.960742], [-76.407445, 0.960597], [-76.408896, 0.9599], [-76.40866, 0.959397], [-76.409199, 0.959124], [-76.409453, 0.959645], [-76.410271, 0.959294], [-76.410104, 0.9587], [-76.410428, 0.958497], [-76.410801, 0.958334], [-76.411065, 0.958858], [-76.412486, 0.958294], [-76.411827, 0.957506], [-76.412323, 0.957285], [-76.412521, 0.957611], [-76.413623, 0.95713], [-76.413905, 0.957706], [-76.414259, 0.95753], [-76.414564, 0.958401], [-76.414135, 0.958973], [-76.414798, 0.960985], [-76.414683, 0.96138], [-76.412307, 0.960691], [-76.409567, 0.962264], [-76.409296, 0.963079], [-76.409591, 0.964376], [-76.409345, 0.968167], [-76.408701, 0.968212], [-76.406257, 0.96981], [-76.405659, 0.968701]]]}, "properties": {"zu_cnmbre": "PUERTO GUZMÁN", "zu_narea": 797717.524779, "zu_nano": 2025}},{"type": "Feature", "geometry": {"type": "MultiPolygon", "coordinates": [[[[-76.50319, 3.014636], [-76.503303, 3.014236], [-76.502222, 3.013774], [-76.501575, 3.014078], [-76.501748, 3.01283], [-76.503425, 3.012839], [-76.503774, 3.013246], [-76.503694, 3.013654], [-76.504433, 3.0139], [-76.503736, 3.014619], [-76.50319, 3.014636]]], [[[-76.50301, 3.011271], [-76.50379, 3.010803], [-76.504723, 3.011103], [-76.50444, 3.012438], [-76.50301, 3.011271]]]]}, "properties": {"zu_cnmbre": "TERRITORIO NASA KIWE TEKH KSXAW", "zu_narea": 56845.3801603, "zu_nano": 2025}},{"type": "Feature", "geometry": {"type": "Polygon", "coordinates": [[[-76.464461, 3.009103], [-76.464011, 3.008855], [-76.463762, 3.007588], [-76.463428, 3.007609], [-76.463709, 3.005969], [-76.464404, 3.006362], [-76.467353, 3.005111], [-76.468558, 3.005406], [-76.470206, 3.00528], [-76.469108, 3.006944], [-76.467421, 3.007069], [-76.466091, 3.007919], [-76.465613, 3.009062], [-76.464759, 3.008889], [-76.464461, 3.009103]]]}, "properties": {"zu_cnmbre": "TERRITORIO NASA KIWE LA MARÍA", "zu_narea": 167365.856108, "zu_nano": 2025}},{"type": "Feature", "geometry": {"type": "Polygon", "coordinates": [[[-75.264175, 2.785359], [-75.262099, 2.785067], [-75.260239, 2.785321], [-75.259993, 2.784616], [-75.259512, 2.784799], [-75.259113, 2.784493], [-75.257431, 2.782361], [-75.256922, 2.782074], [-75.256754, 2.782314], [-75.255952, 2.781655], [-75.254642, 2.782389], [-75.253396, 2.78131], [-75.252727, 2.781334], [-75.252195, 2.78076], [-75.251424, 2.780835], [-75.250944, 2.780111], [-75.249334, 2.779124], [-75.248808, 2.778299], [-75.248014, 2.777808], [-75.248047, 2.777335], [-75.248575, 2.777251], [-75.247674, 2.775503], [-75.248512, 2.773554], [-75.24736, 2.77285], [-75.247465, 2.772641], [-75.248712, 2.773342], [-75.249235, 2.772906], [-75.250011, 2.772805], [-75.250099, 2.772238], [-75.251771, 2.770974], [-75.252823, 2.77139], [-75.253251, 2.771051], [-75.253411, 2.771435], [-75.254506, 2.770989], [-75.255294, 2.771235], [-75.255533, 2.770581], [-75.255993, 2.770661], [-75.256144, 2.77037], [-75.257869, 2.770441], [-75.257288, 2.770867], [-75.257926, 2.771144], [-75.257844, 2.771594], [-75.258613, 2.771468], [-75.258925, 2.771881], [-75.259772, 2.77201], [-75.261435, 2.771516], [-75.261361, 2.769796], [-75.261591, 2.769804], [-75.262254, 2.769861], [-75.262084, 2.771211], [-75.262583, 2.772492], [-75.263838, 2.77247], [-75.264718, 2.773671], [-75.265698, 2.773969], [-75.266339, 2.774045], [-75.266841, 2.773582], [-75.26729, 2.773922], [-75.267678, 2.77528], [-75.266735, 2.775747], [-75.267119, 2.776362], [-75.266941, 2.77728], [-75.267454, 2.778484], [-75.267784, 2.77852], [-75.26814, 2.778239], [-75.267792, 2.777245], [-75.268127, 2.777252], [-75.26869, 2.778974], [-75.268191, 2.779427], [-75.267715, 2.779096], [-75.268222, 2.780408], [-75.268818, 2.780376], [-75.26882, 2.781013], [-75.26908, 2.781361], [-75.269458, 2.781312], [-75.269454, 2.781841], [-75.268789, 2.78267], [-75.26804, 2.782131], [-75.26786, 2.782798], [-75.267392, 2.782848], [-75.267818, 2.783141], [-75.26761, 2.783801], [-75.266697, 2.783151], [-75.266107, 2.784538], [-75.264729, 2.784714], [-75.264175, 2.785359]]]}, "properties": {"zu_cnmbre": "RIVERA", "zu_narea": 2637880.92256, "zu_nano": 2025}},{"type": "Feature", "geometry": {"type": "Polygon", "coordinates": [[[-76.503737, 2.987171], [-76.503021, 2.986359], [-76.502647, 2.986654], [-76.502014, 2.986545], [-76.501682, 2.98613], [-76.503772, 2.985627], [-76.503772, 2.985228], [-76.505163, 2.984999], [-76.504905, 2.984007], [-76.50549, 2.98364], [-76.505864, 2.984636], [-76.506367, 2.984648], [-76.506503, 2.985249], [-76.507952, 2.984753], [-76.508172, 2.985095], [-76.508967, 2.984577], [-76.51002, 2.985409], [-76.509438, 2.985974], [-76.508162, 2.985537], [-76.507501, 2.98607], [-76.505791, 2.986095], [-76.505737, 2.986503], [-76.504208, 2.986598], [-76.503737, 2.987171]]]}, "properties": {"zu_cnmbre": "LLANO DE ALEGRÍAS", "zu_narea": 118589.175322, "zu_nano": 2025}},{"type": "Feature", "geometry": {"type": "Polygon", "coordinates": [[[-76.500677, 3.030177], [-76.500394, 3.029916], [-76.500132, 3.030094], [-76.499639, 3.029236], [-76.498587, 3.029453], [-76.498387, 3.029166], [-76.498834, 3.028846], [-76.498082, 3.028357], [-76.498346, 3.027987], [-76.497468, 3.026396], [-76.497746, 3.026131], [-76.497376, 3.025542], [-76.498143, 3.025154], [-76.498671, 3.026217], [-76.500358, 3.025643], [-76.499986, 3.026598], [-76.499108, 3.027266], [-76.499575, 3.027813], [-76.500261, 3.027366], [-76.500514, 3.02864], [-76.500279, 3.028735], [-76.500597, 3.029254], [-76.50071, 3.02867], [-76.501105, 3.028601], [-76.500909, 3.027029], [-76.500569, 3.026876], [-76.500879, 3.025479], [-76.500618, 3.025218], [-76.501342, 3.024348], [-76.501301, 3.022443], [-76.502048, 3.022596], [-76.501996, 3.022176], [-76.502373, 3.022033], [-76.504742, 3.022188], [-76.506092, 3.021837], [-76.506464, 3.023394], [-76.506099, 3.023647], [-76.505331, 3.025643], [-76.505918, 3.026591], [-76.505989, 3.027385], [-76.505477, 3.027444], [-76.505753, 3.028565], [-76.5032, 3.029011], [-76.50185, 3.030158], [-76.500677, 3.030177]]]}, "properties": {"zu_cnmbre": "SAN JOSÉ", "zu_narea": 533727.127402, "zu_nano": 2025}},{"type": "Feature", "geometry": {"type": "Polygon", "coordinates": [[[-76.087856, 1.071792], [-76.087522, 1.071403], [-76.088246, 1.070875], [-76.087998, 1.070415], [-76.088703, 1.069882], [-76.087415, 1.068643], [-76.087853, 1.068558], [-76.088145, 1.068014], [-76.088936, 1.068695], [-76.089244, 1.068415], [-76.091038, 1.070439], [-76.090642, 1.070838], [-76.090906, 1.071541], [-76.090436, 1.071538], [-76.090046, 1.071007], [-76.089269, 1.070744], [-76.088728, 1.071653], [-76.087856, 1.071792]]]}, "properties": {"zu_cnmbre": "NOVIA PUERTO VALDIVIA", "zu_narea": 81164.9122495, "zu_nano": 2025}},{"type": "Feature", "geometry": {"type": "MultiPolygon", "coordinates": [[[[-76.425556, 3.071967], [-76.426113, 3.071175], [-76.425701, 3.070902], [-76.426091, 3.070255], [-76.427298, 3.069244], [-76.42766, 3.069478], [-76.427456, 3.069785], [-76.428176, 3.070252], [-76.428584, 3.069685], [-76.428911, 3.069955], [-76.428257, 3.070877], [-76.429, 3.07128], [-76.429385, 3.070706], [-76.429713, 3.070855], [-76.428762, 3.072199], [-76.427424, 3.071351], [-76.426866, 3.072058], [-76.427272, 3.072312], [-76.426222, 3.073227], [-76.425395, 3.072636], [-76.425858, 3.072156], [-76.425556, 3.071967]]], [[[-76.436585, 3.077366], [-76.435444, 3.075722], [-76.435092, 3.075879], [-76.434067, 3.075536], [-76.434162, 3.075296], [-76.432149, 3.074478], [-76.431532, 3.074595], [-76.42974, 3.073328], [-76.429608, 3.073658], [-76.429037, 3.073018], [-76.429288, 3.072574], [-76.435139, 3.075258], [-76.435374, 3.074775], [-76.436926, 3.0758], [-76.436377, 3.076373], [-76.436968, 3.077049], [-76.436585, 3.077366]]]]}, "properties": {"zu_cnmbre": "LA QUEBRADA", "zu_narea": 157728.536322, "zu_nano": 2025}},{"type": "Feature", "geometry": {"type": "Polygon", "coordinates": [[[-76.324496, 2.716137], [-76.323494, 2.715355], [-76.323867, 2.714064], [-76.323716, 2.713187], [-76.323024, 2.712647], [-76.32333, 2.712024], [-76.3239, 2.712052], [-76.324335, 2.71139], [-76.325596, 2.711945], [-76.326222, 2.711194], [-76.327061, 2.710973], [-76.326517, 2.711942], [-76.326142, 2.712025], [-76.326258, 2.712302], [-76.325705, 2.712092], [-76.326647, 2.712694], [-76.325683, 2.712702], [-76.325478, 2.71312], [-76.326243, 2.713461], [-76.325848, 2.714572], [-76.325135, 2.714539], [-76.324496, 2.716137]]]}, "properties": {"zu_cnmbre": "PITAYO", "zu_narea": 112898.956821, "zu_nano": 2025}},{"type": "Feature", "geometry": {"type": "Polygon", "coordinates": [[[-76.515211, 2.979043], [-76.516145, 2.977921], [-76.515928, 2.977104], [-76.516735, 2.975874], [-76.516497, 2.97546], [-76.514614, 2.974979], [-76.513728, 2.975201], [-76.513679, 2.975496], [-76.512797, 2.975166], [-76.511154, 2.975164], [-76.510609, 2.975266], [-76.510599, 2.975794], [-76.509579, 2.975998], [-76.509175, 2.975698], [-76.509327, 2.975036], [-76.510264, 2.97499], [-76.510097, 2.97386], [-76.510812, 2.973666], [-76.511352, 2.974361], [-76.512255, 2.974363], [-76.51253, 2.973689], [-76.512959, 2.973473], [-76.513269, 2.974272], [-76.514265, 2.974092], [-76.514883, 2.972964], [-76.514406, 2.972759], [-76.514356, 2.972215], [-76.5154, 2.972148], [-76.515633, 2.972816], [-76.515849, 2.972209], [-76.516931, 2.972156], [-76.517959, 2.972752], [-76.518426, 2.972486], [-76.518561, 2.972679], [-76.518096, 2.972932], [-76.518714, 2.973391], [-76.519522, 2.973341], [-76.519024, 2.972644], [-76.519401, 2.972408], [-76.520724, 2.973673], [-76.521478, 2.973269], [-76.521652, 2.972815], [-76.522441, 2.973184], [-76.522565, 2.972944], [-76.523377, 2.973001], [-76.523941, 2.973484], [-76.524162, 2.973973], [-76.523608, 2.974258], [-76.523244, 2.974084], [-76.52281, 2.975345], [-76.522229, 2.975772], [-76.522529, 2.976108], [-76.521795, 2.976372], [-76.520851, 2.975102], [-76.520002, 2.975654], [-76.519688, 2.97644], [-76.521689, 2.977702], [-76.52141, 2.978123], [-76.520341, 2.977193], [-76.518737, 2.977403], [-76.518749, 2.977994], [-76.517996, 2.97808], [-76.517873, 2.977829], [-76.516832, 2.978431], [-76.516204, 2.978308], [-76.514853, 2.979956], [-76.51387, 2.980334], [-76.513766, 2.980027], [-76.515211, 2.979043]]]}, "properties": {"zu_cnmbre": "QUINAMAYO", "zu_narea": 513206.574563, "zu_nano": 2025}},{"type": "Feature", "geometry": {"type": "Polygon", "coordinates": [[[-77.114928, 2.17288], [-77.113757, 2.172296], [-77.113759, 2.171915], [-77.115751, 2.171636], [-77.115981, 2.171283], [-77.115542, 2.170595], [-77.115798, 2.170878], [-77.116287, 2.170614], [-77.116578, 2.171068], [-77.116952, 2.170897], [-77.117231, 2.17133], [-77.118079, 2.170696], [-77.117566, 2.171958], [-77.117652, 2.172448], [-77.114928, 2.17288]]]}, "properties": {"zu_cnmbre": "SANTA CRUZ", "zu_narea": 60654.6678025, "zu_nano": 2025}},{"type": "Feature", "geometry": {"type": "Polygon", "coordinates": [[[-77.361732, 3.147287], [-77.359004, 3.147003], [-77.358827, 3.146105], [-77.358125, 3.145869], [-77.358277, 3.145343], [-77.361586, 3.145595], [-77.361732, 3.147287]]]}, "properties": {"zu_cnmbre": "SANTA MARÍA", "zu_narea": 62213.3296055, "zu_nano": 2025}},{"type": "Feature", "geometry": {"type": "MultiPolygon", "coordinates": [[[[-76.498734, 2.891895], [-76.498863, 2.891403], [-76.499428, 2.891347], [-76.499551, 2.89053], [-76.500333, 2.890848], [-76.501033, 2.890621], [-76.50187, 2.890799], [-76.502174, 2.89009], [-76.502694, 2.890144], [-76.502153, 2.89102], [-76.502793, 2.891209], [-76.502679, 2.891417], [-76.49972, 2.891448], [-76.498734, 2.891895]]], [[[-76.502959, 2.891312], [-76.503376, 2.891323], [-76.503382, 2.891999], [-76.503982, 2.892531], [-76.503616, 2.892733], [-76.503145, 2.892317], [-76.502959, 2.891312]]]]}, "properties": {"zu_cnmbre": "EL TURCO", "zu_narea": 42890.1935833, "zu_nano": 2025}},{"type": "Feature", "geometry": {"type": "Polygon", "coordinates": [[[-76.395392, 2.908258], [-76.396851, 2.906049], [-76.396795, 2.905558], [-76.396127, 2.905698], [-76.397076, 2.903794], [-76.398925, 2.901398], [-76.39964, 2.901873], [-76.401517, 2.899233], [-76.402095, 2.899953], [-76.402553, 2.899793], [-76.402947, 2.900235], [-76.400854, 2.903499], [-76.400064, 2.90298], [-76.398361, 2.905064], [-76.397271, 2.907358], [-76.396839, 2.907092], [-76.395726, 2.908512], [-76.395392, 2.908258]]]}, "properties": {"zu_cnmbre": "PARAMILLO 2", "zu_narea": 208096.425067, "zu_nano": 2025}},{"type": "Feature", "geometry": {"type": "Polygon", "coordinates": [[[-76.547358, 2.909617], [-76.546353, 2.907472], [-76.545276, 2.906574], [-76.54594, 2.905703], [-76.546439, 2.905776], [-76.546403, 2.906614], [-76.546799, 2.907528], [-76.547044, 2.907409], [-76.547416, 2.908035], [-76.547731, 2.90785], [-76.548265, 2.908822], [-76.547487, 2.908892], [-76.547618, 2.909553], [-76.547358, 2.909617]]]}, "properties": {"zu_cnmbre": "BELLAVISTA", "zu_narea": 36502.7129398, "zu_nano": 2025}},{"type": "Feature", "geometry": {"type": "Polygon", "coordinates": [[[-76.559102, 2.912927], [-76.55935, 2.912136], [-76.557777, 2.911013], [-76.556834, 2.910866], [-76.556912, 2.910318], [-76.557738, 2.91063], [-76.558371, 2.910061], [-76.558595, 2.910526], [-76.558299, 2.911023], [-76.559888, 2.912031], [-76.560246, 2.912625], [-76.559317, 2.913392], [-76.559102, 2.912927]]]}, "properties": {"zu_cnmbre": "LA CHAPA", "zu_narea": 30496.8978331, "zu_nano": 2025}},{"type": "Feature", "geometry": {"type": "Polygon", "coordinates": [[[-76.398162, 2.929798], [-76.397574, 2.929318], [-76.398276, 2.928964], [-76.398654, 2.927985], [-76.399378, 2.927383], [-76.400421, 2.927506], [-76.400968, 2.92716], [-76.40139, 2.928135], [-76.402539, 2.927993], [-76.402652, 2.92763], [-76.403026, 2.927632], [-76.403032, 2.92869], [-76.401697, 2.929283], [-76.401175, 2.929189], [-76.400918, 2.928621], [-76.399386, 2.928401], [-76.398162, 2.929798]]]}, "properties": {"zu_cnmbre": "PARAMILLO 1", "zu_narea": 67658.0758969, "zu_nano": 2025}},{"type": "Feature", "geometry": {"type": "Polygon", "coordinates": [[[-76.45778, 3.083854], [-76.457529, 3.082857], [-76.458148, 3.082201], [-76.456581, 3.081486], [-76.456394, 3.081786], [-76.456201, 3.081275], [-76.454959, 3.081697], [-76.454713, 3.081567], [-76.455206, 3.080871], [-76.454235, 3.080311], [-76.454342, 3.080078], [-76.452719, 3.079368], [-76.45241, 3.080351], [-76.452645, 3.081592], [-76.45209, 3.082325], [-76.45154, 3.082055], [-76.452044, 3.081563], [-76.452212, 3.080145], [-76.45195, 3.080065], [-76.451904, 3.0794], [-76.450706, 3.078988], [-76.451313, 3.077555], [-76.452325, 3.077945], [-76.452691, 3.077215], [-76.453067, 3.0774], [-76.452951, 3.077726], [-76.453847, 3.078061], [-76.45346, 3.078576], [-76.45507, 3.079269], [-76.455354, 3.078898], [-76.456159, 3.079082], [-76.457669, 3.079656], [-76.458622, 3.080451], [-76.459527, 3.078808], [-76.459818, 3.078923], [-76.459487, 3.079653], [-76.461089, 3.080429], [-76.460322, 3.082088], [-76.46092, 3.082368], [-76.460461, 3.083615], [-76.459735, 3.083307], [-76.459301, 3.084291], [-76.45778, 3.083854]]]}, "properties": {"zu_cnmbre": "SAN RAFAEL", "zu_narea": 316579.401695, "zu_nano": 2025}},{"type": "Feature", "geometry": {"type": "Polygon", "coordinates": [[[-76.381444, 2.721008], [-76.381633, 2.719493], [-76.381975, 2.719099], [-76.381645, 2.719137], [-76.381687, 2.718887], [-76.380989, 2.718467], [-76.381603, 2.717924], [-76.381218, 2.716783], [-76.381698, 2.717223], [-76.382521, 2.717194], [-76.384633, 2.718174], [-76.384552, 2.71851], [-76.383756, 2.718218], [-76.383298, 2.718844], [-76.382618, 2.71895], [-76.382855, 2.720254], [-76.381444, 2.721008]]]}, "properties": {"zu_cnmbre": "QUICHAYÁ", "zu_narea": 69475.2103566, "zu_nano": 2025}},{"type": "Feature", "geometry": {"type": "Polygon", "coordinates": [[[-77.119477, 2.256283], [-77.119259, 2.255963], [-77.118949, 2.256158], [-77.118744, 2.255801], [-77.118561, 2.25611], [-77.117871, 2.255766], [-77.118523, 2.255001], [-77.118389, 2.254291], [-77.118662, 2.253786], [-77.119703, 2.254618], [-77.11994, 2.254291], [-77.119924, 2.252146], [-77.1203, 2.252998], [-77.120113, 2.25431], [-77.120398, 2.254447], [-77.119989, 2.254864], [-77.121035, 2.255757], [-77.12146, 2.2556], [-77.121744, 2.256441], [-77.120791, 2.256257], [-77.119563, 2.257216], [-77.119093, 2.25703], [-77.119477, 2.256283]]]}, "properties": {"zu_cnmbre": "LA MESA", "zu_narea": 72245.3649061, "zu_nano": 2025}},{"type": "Feature", "geometry": {"type": "Polygon", "coordinates": [[[-76.55875, 3.062938], [-76.559625, 3.061859], [-76.560075, 3.062163], [-76.560566, 3.061635], [-76.560058, 3.061174], [-76.560963, 3.05998], [-76.561576, 3.060535], [-76.562111, 3.059567], [-76.562343, 3.058945], [-76.561046, 3.05839], [-76.562611, 3.056168], [-76.56223, 3.055726], [-76.562498, 3.054724], [-76.563113, 3.055195], [-76.563493, 3.05463], [-76.56378, 3.054746], [-76.563908, 3.054293], [-76.564423, 3.054439], [-76.565248, 3.05271], [-76.565149, 3.053636], [-76.565601, 3.053827], [-76.564406, 3.055255], [-76.565155, 3.055705], [-76.564132, 3.056704], [-76.563399, 3.05653], [-76.562633, 3.058515], [-76.563524, 3.059122], [-76.56391, 3.058591], [-76.564285, 3.058792], [-76.564377, 3.059153], [-76.56386, 3.059728], [-76.563381, 3.059549], [-76.563653, 3.060411], [-76.563329, 3.060721], [-76.562498, 3.060553], [-76.561806, 3.061705], [-76.561373, 3.061376], [-76.559824, 3.062871], [-76.560151, 3.063085], [-76.559872, 3.063526], [-76.55875, 3.062938]]]}, "properties": {"zu_cnmbre": "LOMITAS ARRIBA", "zu_narea": 193274.230581, "zu_nano": 2025}},{"type": "Feature", "geometry": {"type": "Polygon", "coordinates": [[[-76.546439, 2.905776], [-76.546952, 2.903262], [-76.546187, 2.903207], [-76.546485, 2.902985], [-76.546418, 2.902354], [-76.545415, 2.902873], [-76.545706, 2.902187], [-76.544946, 2.90134], [-76.545199, 2.901111], [-76.545779, 2.901722], [-76.546171, 2.901413], [-76.545612, 2.900549], [-76.545979, 2.900399], [-76.545441, 2.899508], [-76.545793, 2.899347], [-76.546438, 2.897532], [-76.547034, 2.897825], [-76.546953, 2.898438], [-76.546497, 2.898479], [-76.546613, 2.899515], [-76.547114, 2.899623], [-76.547261, 2.900634], [-76.547753, 2.900388], [-76.54808, 2.90082], [-76.548122, 2.901212], [-76.547811, 2.901301], [-76.548275, 2.901679], [-76.54793, 2.902204], [-76.548595, 2.902615], [-76.548605, 2.903556], [-76.54993, 2.90437], [-76.549751, 2.904635], [-76.549633, 2.904247], [-76.548933, 2.903964], [-76.548559, 2.904856], [-76.547999, 2.90448], [-76.547546, 2.904679], [-76.546937, 2.905138], [-76.546773, 2.905834], [-76.546439, 2.905776]]]}, "properties": {"zu_cnmbre": "EL LLANITO", "zu_narea": 155528.255864, "zu_nano": 2025}},{"type": "Feature", "geometry": {"type": "Polygon", "coordinates": [[[-76.460856, 2.95189], [-76.461313, 2.951668], [-76.461335, 2.951269], [-76.461937, 2.951109], [-76.461781, 2.950685], [-76.462517, 2.949404], [-76.463921, 2.949084], [-76.464311, 2.948304], [-76.464725, 2.948977], [-76.46437, 2.950087], [-76.464928, 2.950731], [-76.464576, 2.951055], [-76.463682, 2.950328], [-76.463289, 2.950484], [-76.463318, 2.951344], [-76.464318, 2.951992], [-76.462705, 2.951697], [-76.462138, 2.952567], [-76.462382, 2.953275], [-76.461684, 2.952162], [-76.460856, 2.95189]]]}, "properties": {"zu_cnmbre": "VILACHÍ", "zu_narea": 86329.9950542, "zu_nano": 2025}},{"type": "Feature", "geometry": {"type": "Polygon", "coordinates": [[[-76.556634, 3.08604], [-76.555977, 3.086091], [-76.555969, 3.085223], [-76.555218, 3.083972], [-76.554763, 3.084421], [-76.554511, 3.084284], [-76.555448, 3.08354], [-76.55563, 3.082432], [-76.555351, 3.082219], [-76.556729, 3.079783], [-76.557576, 3.079056], [-76.557029, 3.07809], [-76.556591, 3.078027], [-76.556354, 3.077001], [-76.555867, 3.076789], [-76.55624, 3.076031], [-76.555337, 3.075563], [-76.555691, 3.074654], [-76.556455, 3.075089], [-76.556437, 3.074407], [-76.557537, 3.075048], [-76.557254, 3.076226], [-76.556665, 3.07638], [-76.556766, 3.076938], [-76.557848, 3.077124], [-76.557626, 3.077875], [-76.558075, 3.078068], [-76.557926, 3.078345], [-76.558883, 3.079449], [-76.55768, 3.079729], [-76.55747, 3.080919], [-76.556226, 3.083071], [-76.55724, 3.083304], [-76.556811, 3.084506], [-76.557357, 3.084766], [-76.557381, 3.085497], [-76.556916, 3.08564], [-76.556926, 3.086271], [-76.558416, 3.086671], [-76.558296, 3.087384], [-76.5567, 3.087064], [-76.556634, 3.08604]]]}, "properties": {"zu_cnmbre": "LOMITAS ABAJO", "zu_narea": 204184.584197, "zu_nano": 2025}},{"type": "Feature", "geometry": {"type": "Polygon", "coordinates": [[[-76.445429, 2.742782], [-76.444561, 2.74222], [-76.444144, 2.740726], [-76.443228, 2.739811], [-76.44277, 2.737894], [-76.441388, 2.737276], [-76.441085, 2.737512], [-76.440692, 2.737498], [-76.440583, 2.738105], [-76.439903, 2.738113], [-76.440076, 2.73737], [-76.441012, 2.737403], [-76.441325, 2.737088], [-76.440195, 2.736428], [-76.438678, 2.736487], [-76.438046, 2.736176], [-76.43786, 2.735559], [-76.43932, 2.736185], [-76.440194, 2.73588], [-76.441248, 2.736918], [-76.443327, 2.737672], [-76.443903, 2.737586], [-76.444168, 2.737007], [-76.444358, 2.737093], [-76.444004, 2.73802], [-76.444964, 2.738359], [-76.445048, 2.738109], [-76.446086, 2.738399], [-76.446266, 2.737975], [-76.446644, 2.737987], [-76.447408, 2.738887], [-76.447844, 2.739055], [-76.44802, 2.738779], [-76.448877, 2.739169], [-76.448775, 2.739369], [-76.449865, 2.739651], [-76.449915, 2.739869], [-76.449303, 2.739927], [-76.45111, 2.741303], [-76.447961, 2.74023], [-76.447836, 2.74044], [-76.446619, 2.739813], [-76.446173, 2.740388], [-76.446974, 2.740464], [-76.447236, 2.741069], [-76.446837, 2.741301], [-76.446026, 2.74049], [-76.445682, 2.741125], [-76.445846, 2.742498], [-76.445429, 2.742782]]]}, "properties": {"zu_cnmbre": "PUEBLO NUEVO", "zu_narea": 244239.178352, "zu_nano": 2025}},{"type": "Feature", "geometry": {"type": "Polygon", "coordinates": [[[-77.583391, 2.819398], [-77.583422, 2.818563], [-77.58585, 2.818874], [-77.586291, 2.819346], [-77.586899, 2.819245], [-77.586639, 2.818426], [-77.587425, 2.819], [-77.5871, 2.819146], [-77.586779, 2.820447], [-77.586362, 2.820584], [-77.585713, 2.819679], [-77.583391, 2.819398]]]}, "properties": {"zu_cnmbre": "CAMARONES", "zu_narea": 43590.5355135, "zu_nano": 2025}},{"type": "Feature", "geometry": {"type": "Polygon", "coordinates": [[[-76.421435, 3.083891], [-76.418427, 3.079817], [-76.418773, 3.079243], [-76.421056, 3.082025], [-76.421717, 3.083499], [-76.421951, 3.083646], [-76.422031, 3.083186], [-76.422376, 3.083344], [-76.4218, 3.084235], [-76.42179, 3.084798], [-76.422251, 3.085213], [-76.421605, 3.085099], [-76.421435, 3.083891]]]}, "properties": {"zu_cnmbre": "EL CRUCERO", "zu_narea": 50567.7168568, "zu_nano": 2025}},{"type": "Feature", "geometry": {"type": "Polygon", "coordinates": [[[-76.481643, 2.950398], [-76.481434, 2.950546], [-76.480281, 2.949521], [-76.479375, 2.949864], [-76.478121, 2.949092], [-76.477101, 2.949308], [-76.476385, 2.9484], [-76.476661, 2.94806], [-76.477135, 2.949043], [-76.478143, 2.948907], [-76.479268, 2.949362], [-76.479863, 2.948882], [-76.479287, 2.948382], [-76.479404, 2.947899], [-76.477699, 2.946446], [-76.47798, 2.94621], [-76.479073, 2.946859], [-76.481071, 2.949434], [-76.481936, 2.949966], [-76.482405, 2.949762], [-76.482717, 2.950781], [-76.483444, 2.951452], [-76.483654, 2.952758], [-76.483396, 2.952967], [-76.481643, 2.950398]]]}, "properties": {"zu_cnmbre": "CABECERA DOMINGUILLO", "zu_narea": 87549.9140678, "zu_nano": 2025}},{"type": "Feature", "geometry": {"type": "Polygon", "coordinates": [[[-77.1318, 2.150556], [-77.132098, 2.149449], [-77.132384, 2.149258], [-77.132728, 2.149507], [-77.133572, 2.148707], [-77.134196, 2.148576], [-77.133936, 2.148058], [-77.133376, 2.148211], [-77.133198, 2.147851], [-77.133486, 2.147544], [-77.133832, 2.147447], [-77.133889, 2.147874], [-77.134216, 2.147723], [-77.134668, 2.148803], [-77.135311, 2.149189], [-77.134983, 2.150056], [-77.134354, 2.149991], [-77.133727, 2.150529], [-77.132947, 2.150337], [-77.131975, 2.15093], [-77.132106, 2.151867], [-77.1318, 2.150556]]]}, "properties": {"zu_cnmbre": "PAN DE AZÚCAR", "zu_narea": 66477.8554836, "zu_nano": 2025}},{"type": "Feature", "geometry": {"type": "Polygon", "coordinates": [[[-76.511966, 3.030486], [-76.512993, 3.029771], [-76.513179, 3.028692], [-76.513937, 3.029231], [-76.514911, 3.028931], [-76.51539, 3.028419], [-76.515631, 3.028767], [-76.516412, 3.028772], [-76.517384, 3.027686], [-76.517247, 3.026886], [-76.516532, 3.025936], [-76.515459, 3.025723], [-76.515538, 3.026006], [-76.51518, 3.026062], [-76.515059, 3.025711], [-76.514448, 3.025708], [-76.51408, 3.026125], [-76.513958, 3.025286], [-76.514578, 3.025395], [-76.515154, 3.025061], [-76.515122, 3.024744], [-76.515958, 3.024435], [-76.516435, 3.02524], [-76.518786, 3.024906], [-76.5193, 3.025869], [-76.519632, 3.025736], [-76.519989, 3.024759], [-76.521379, 3.025362], [-76.521233, 3.024743], [-76.521789, 3.025005], [-76.522198, 3.024076], [-76.522825, 3.023778], [-76.523113, 3.024119], [-76.522645, 3.024375], [-76.522777, 3.024734], [-76.522409, 3.02527], [-76.521611, 3.025575], [-76.522453, 3.026057], [-76.522442, 3.026367], [-76.52201, 3.026387], [-76.521955, 3.02702], [-76.521553, 3.027321], [-76.522315, 3.027626], [-76.521975, 3.02785], [-76.522483, 3.028275], [-76.523128, 3.028424], [-76.523047, 3.029163], [-76.521462, 3.029139], [-76.520871, 3.028427], [-76.520261, 3.028486], [-76.520237, 3.027542], [-76.519906, 3.027221], [-76.518849, 3.028207], [-76.519098, 3.028456], [-76.518728, 3.028888], [-76.517984, 3.028352], [-76.517411, 3.028825], [-76.517668, 3.029465], [-76.517362, 3.029719], [-76.514684, 3.029484], [-76.513469, 3.030394], [-76.513145, 3.030027], [-76.511966, 3.030486]]]}, "properties": {"zu_cnmbre": "SAN ANTONIO", "zu_narea": 314028.292801, "zu_nano": 2025}},{"type": "Feature", "geometry": {"type": "MultiPolygon", "coordinates": [[[[-76.444442, 3.105407], [-76.443207, 3.104897], [-76.443527, 3.10432], [-76.445249, 3.105074], [-76.444442, 3.105407]]], [[[-76.449784, 3.110843], [-76.446191, 3.108898], [-76.446152, 3.109508], [-76.444708, 3.110099], [-76.443528, 3.109924], [-76.441321, 3.108912], [-76.441457, 3.108625], [-76.439672, 3.107941], [-76.439451, 3.108468], [-76.438571, 3.107836], [-76.436908, 3.107636], [-76.436035, 3.10712], [-76.435688, 3.107768], [-76.434449, 3.10662], [-76.434751, 3.106321], [-76.433698, 3.105454], [-76.433539, 3.105691], [-76.433137, 3.10544], [-76.432556, 3.106021], [-76.433224, 3.104659], [-76.432535, 3.104401], [-76.433016, 3.103848], [-76.432699, 3.103781], [-76.432719, 3.103287], [-76.431887, 3.10322], [-76.431887, 3.103474], [-76.431424, 3.103474], [-76.431421, 3.104131], [-76.431067, 3.104051], [-76.430838, 3.101764], [-76.428925, 3.097103], [-76.427652, 3.094989], [-76.426162, 3.094104], [-76.426566, 3.093437], [-76.426728, 3.093792], [-76.427329, 3.093705], [-76.429001, 3.094607], [-76.429325, 3.094292], [-76.429884, 3.094887], [-76.429336, 3.096245], [-76.429667, 3.096805], [-76.429944, 3.096559], [-76.430112, 3.096784], [-76.430385, 3.097248], [-76.430192, 3.097582], [-76.430636, 3.097973], [-76.430426, 3.09821], [-76.430861, 3.098444], [-76.430391, 3.098793], [-76.430621, 3.09907], [-76.430433, 3.099254], [-76.430722, 3.099759], [-76.431441, 3.099678], [-76.431848, 3.100097], [-76.432359, 3.099892], [-76.431031, 3.101293], [-76.431285, 3.101584], [-76.432753, 3.101685], [-76.433041, 3.101426], [-76.433272, 3.101664], [-76.433641, 3.101315], [-76.433999, 3.101624], [-76.433922, 3.102046], [-76.43443, 3.102119], [-76.435267, 3.100232], [-76.435792, 3.100775], [-76.435912, 3.100517], [-76.436937, 3.101012], [-76.437361, 3.100462], [-76.437893, 3.100489], [-76.438728, 3.100727], [-76.438528, 3.101544], [-76.439147, 3.101514], [-76.441131, 3.10255], [-76.440457, 3.104129], [-76.439755, 3.103894], [-76.439877, 3.103416], [-76.439135, 3.103257], [-76.43878, 3.104134], [-76.437039, 3.102782], [-76.437502, 3.10337], [-76.437196, 3.103752], [-76.436756, 3.103373], [-76.436449, 3.104046], [-76.436121, 3.103702], [-76.436438, 3.102569], [-76.435596, 3.102451], [-76.435304, 3.102907], [-76.435777, 3.103773], [-76.434571, 3.104532], [-76.435027, 3.105046], [-76.435297, 3.104835], [-76.436478, 3.106201], [-76.437567, 3.106681], [-76.437972, 3.105728], [-76.441296, 3.107168], [-76.442725, 3.107077], [-76.443944, 3.107508], [-76.444604, 3.107326], [-76.445234, 3.108017], [-76.445899, 3.107969], [-76.446495, 3.108814], [-76.446819, 3.108432], [-76.447152, 3.108625], [-76.446948, 3.108908], [-76.448284, 3.109371], [-76.448673, 3.109956], [-76.449281, 3.109708], [-76.449784, 3.110843]]]]}, "properties": {"zu_cnmbre": "LA ARROBLEDA", "zu_narea": 751159.674852, "zu_nano": 2025}},{"type": "Feature", "geometry": {"type": "MultiPolygon", "coordinates": [[[[-76.464745, 2.993618], [-76.463832, 2.992727], [-76.461598, 2.991909], [-76.460807, 2.990338], [-76.461311, 2.990242], [-76.461446, 2.990866], [-76.464103, 2.992682], [-76.464602, 2.992342], [-76.465053, 2.993238], [-76.465886, 2.993889], [-76.464745, 2.993618]]], [[[-76.460471, 2.989906], [-76.460118, 2.989087], [-76.460649, 2.989774], [-76.460471, 2.989906]]]]}, "properties": {"zu_cnmbre": "CAMBALACHE", "zu_narea": 41883.9086006, "zu_nano": 2025}},{"type": "Feature", "geometry": {"type": "Polygon", "coordinates": [[[-76.529648, 2.948321], [-76.529027, 2.948475], [-76.529283, 2.947624], [-76.529033, 2.94763], [-76.529043, 2.947148], [-76.530353, 2.947186], [-76.530842, 2.949276], [-76.53016, 2.949782], [-76.529694, 2.949232], [-76.529944, 2.948699], [-76.529648, 2.948321]]]}, "properties": {"zu_cnmbre": "MANDIVA", "zu_narea": 33922.5705047, "zu_nano": 2025}},{"type": "Feature", "geometry": {"type": "Polygon", "coordinates": [[[-76.548423, 2.918008], [-76.547741, 2.918073], [-76.546192, 2.916738], [-76.546698, 2.915888], [-76.547361, 2.916282], [-76.547016, 2.915115], [-76.546402, 2.915077], [-76.546473, 2.914367], [-76.548925, 2.914272], [-76.549113, 2.912826], [-76.549412, 2.91284], [-76.549563, 2.91369], [-76.549935, 2.913722], [-76.549548, 2.914601], [-76.550006, 2.915249], [-76.548519, 2.914996], [-76.547747, 2.916221], [-76.548662, 2.917003], [-76.549058, 2.917869], [-76.550321, 2.918086], [-76.548749, 2.918354], [-76.54827, 2.918263], [-76.548423, 2.918008]]]}, "properties": {"zu_cnmbre": "LA AGUSTINA", "zu_narea": 103538.445714, "zu_nano": 2025}},{"type": "Feature", "geometry": {"type": "Polygon", "coordinates": [[[-76.488225, 2.891018], [-76.486463, 2.890301], [-76.486503, 2.889855], [-76.485679, 2.889792], [-76.485873, 2.889498], [-76.485582, 2.889509], [-76.485616, 2.889119], [-76.48657, 2.888981], [-76.486825, 2.889527], [-76.487539, 2.889562], [-76.487401, 2.890027], [-76.487725, 2.890171], [-76.489095, 2.890468], [-76.489045, 2.890241], [-76.489976, 2.890283], [-76.49026, 2.890564], [-76.48898, 2.890916], [-76.488222, 2.890666], [-76.488225, 2.891018]]]}, "properties": {"zu_cnmbre": "TRES QUEBRADAS", "zu_narea": 38114.4597069, "zu_nano": 2025}},{"type": "Feature", "geometry": {"type": "Polygon", "coordinates": [[[-76.669834, 1.900582], [-76.669061, 1.90036], [-76.669551, 1.899938], [-76.669241, 1.898903], [-76.670077, 1.898437], [-76.670571, 1.898679], [-76.67164, 1.898269], [-76.671251, 1.897003], [-76.67201, 1.89661], [-76.672994, 1.897926], [-76.672552, 1.898192], [-76.673129, 1.899105], [-76.672945, 1.899881], [-76.670553, 1.901625], [-76.669834, 1.900582]]]}, "properties": {"zu_cnmbre": "VALENCIA", "zu_narea": 126842.834089, "zu_nano": 2025}},{"type": "Feature", "geometry": {"type": "Polygon", "coordinates": [[[-76.546797, 2.896445], [-76.548011, 2.894947], [-76.5487, 2.8951], [-76.549169, 2.8947], [-76.549668, 2.893328], [-76.54934, 2.892527], [-76.549577, 2.892517], [-76.549736, 2.891578], [-76.549639, 2.890638], [-76.549984, 2.890626], [-76.549971, 2.890293], [-76.549877, 2.889923], [-76.54917, 2.890365], [-76.548463, 2.889254], [-76.548996, 2.888862], [-76.548407, 2.888207], [-76.548667, 2.886781], [-76.549065, 2.886889], [-76.550806, 2.885456], [-76.551115, 2.885816], [-76.550095, 2.886599], [-76.550316, 2.886963], [-76.549393, 2.887481], [-76.549881, 2.888759], [-76.550956, 2.889398], [-76.551555, 2.888968], [-76.552017, 2.889408], [-76.552598, 2.888584], [-76.553823, 2.887924], [-76.553943, 2.888198], [-76.554889, 2.888031], [-76.554872, 2.887808], [-76.556077, 2.887905], [-76.55618, 2.887598], [-76.556603, 2.888162], [-76.558999, 2.887788], [-76.557885, 2.888676], [-76.558083, 2.889407], [-76.557731, 2.889007], [-76.555675, 2.889036], [-76.555727, 2.889547], [-76.55533, 2.889741], [-76.555572, 2.891275], [-76.555115, 2.892457], [-76.554817, 2.892368], [-76.554942, 2.891693], [-76.554534, 2.891903], [-76.554385, 2.892802], [-76.554012, 2.892218], [-76.553001, 2.892415], [-76.552533, 2.892726], [-76.552386, 2.893673], [-76.551578, 2.893135], [-76.550702, 2.893107], [-76.549591, 2.894607], [-76.549339, 2.895488], [-76.548851, 2.895624], [-76.548414, 2.895333], [-76.547993, 2.895654], [-76.546584, 2.897629], [-76.547022, 2.896617], [-76.546797, 2.896445]]]}, "properties": {"zu_cnmbre": "MONDOMO", "zu_narea": 432738.868032, "zu_nano": 2025}},{"type": "Feature", "geometry": {"type": "Polygon", "coordinates": [[[-76.527168, 3.004914], [-76.526442, 3.004392], [-76.526424, 3.003961], [-76.526795, 3.003796], [-76.52617, 3.002932], [-76.526588, 3.001912], [-76.525411, 3.001905], [-76.525132, 3.001053], [-76.524774, 3.001064], [-76.524628, 3.001939], [-76.524395, 3.001874], [-76.523967, 3.002821], [-76.523753, 3.002608], [-76.524137, 3.001875], [-76.523717, 3.001395], [-76.523797, 3.000851], [-76.525214, 3.000293], [-76.525203, 2.999169], [-76.525571, 2.999157], [-76.525785, 3.000126], [-76.526499, 3.000138], [-76.528291, 2.999122], [-76.528205, 2.997859], [-76.528525, 2.997741], [-76.528715, 2.998105], [-76.530292, 2.997188], [-76.530683, 2.997346], [-76.530747, 2.997771], [-76.52999, 2.997922], [-76.530254, 2.998478], [-76.529238, 2.998921], [-76.529277, 2.999987], [-76.528684, 2.999832], [-76.527593, 3.000462], [-76.527086, 3.001271], [-76.527014, 3.002419], [-76.527293, 3.002363], [-76.527332, 3.002715], [-76.529017, 3.002882], [-76.52895, 3.003158], [-76.527262, 3.00299], [-76.527118, 3.003519], [-76.527554, 3.004711], [-76.527168, 3.004914]]]}, "properties": {"zu_cnmbre": "EL PALMAR", "zu_narea": 157043.02782, "zu_nano": 2025}},{"type": "Feature", "geometry": {"type": "MultiPolygon", "coordinates": [[[[-75.751403, 2.691201], [-75.750078, 2.691193], [-75.749911, 2.690839], [-75.750268, 2.690361], [-75.750144, 2.689703], [-75.748428, 2.688273], [-75.747462, 2.687885], [-75.747492, 2.687541], [-75.747851, 2.687341], [-75.748953, 2.687698], [-75.749227, 2.68738], [-75.749234, 2.68826], [-75.749573, 2.688414], [-75.751315, 2.687711], [-75.752231, 2.689482], [-75.753332, 2.690547], [-75.753386, 2.691226], [-75.752969, 2.691331], [-75.752227, 2.690128], [-75.751403, 2.691201]]], [[[-75.752733, 2.692054], [-75.753399, 2.691781], [-75.753423, 2.692275], [-75.753267, 2.692121], [-75.752733, 2.692054]]], [[[-75.749374, 2.691705], [-75.749816, 2.691721], [-75.749684, 2.692474], [-75.749273, 2.692243], [-75.749374, 2.691705]]]]}, "properties": {"zu_cnmbre": "RÍO NEGRO", "zu_narea": 116790.178431, "zu_nano": 2025}},{"type": "Feature", "geometry": {"type": "Polygon", "coordinates": [[[-76.212055, 3.22546], [-76.212024, 3.225093], [-76.211446, 3.224989], [-76.211661, 3.224571], [-76.212851, 3.224527], [-76.212055, 3.22546]]]}, "properties": {"zu_cnmbre": "LAS CAÑAS", "zu_narea": 8709.75073968, "zu_nano": 2025}},{"type": "Feature", "geometry": {"type": "Polygon", "coordinates": [[[-76.1998, 3.196341], [-76.200866, 3.196035], [-76.20084, 3.195246], [-76.201595, 3.19511], [-76.203292, 3.195463], [-76.204727, 3.195312], [-76.204724, 3.195786], [-76.20573, 3.19576], [-76.205617, 3.196209], [-76.204849, 3.196037], [-76.204723, 3.19635], [-76.203152, 3.19604], [-76.201433, 3.196234], [-76.199807, 3.197556], [-76.1998, 3.196341]]]}, "properties": {"zu_cnmbre": "EL CABILDO", "zu_narea": 63979.7602301, "zu_nano": 2025}},{"type": "Feature", "geometry": {"type": "MultiPolygon", "coordinates": [[[[-76.68479, 2.766068], [-76.684423, 2.765622], [-76.684319, 2.764747], [-76.68369, 2.76438], [-76.683684, 2.763603], [-76.682642, 2.763453], [-76.682001, 2.764879], [-76.68221, 2.763308], [-76.682561, 2.762941], [-76.681211, 2.761691], [-76.68281, 2.76269], [-76.682776, 2.763181], [-76.683711, 2.76341], [-76.684147, 2.764544], [-76.684879, 2.76441], [-76.685313, 2.765842], [-76.68479, 2.766068]]], [[[-76.686843, 2.769419], [-76.686242, 2.768527], [-76.686416, 2.768044], [-76.686722, 2.768058], [-76.686428, 2.768455], [-76.686892, 2.768673], [-76.687211, 2.768167], [-76.68786, 2.768445], [-76.687494, 2.769034], [-76.687183, 2.7688], [-76.686843, 2.769419]]], [[[-76.683309, 2.770303], [-76.682945, 2.770391], [-76.682678, 2.769503], [-76.682982, 2.769484], [-76.68304, 2.768776], [-76.683949, 2.767308], [-76.684212, 2.767247], [-76.683193, 2.769386], [-76.683685, 2.770308], [-76.683454, 2.770663], [-76.683309, 2.770303]]], [[[-76.688637, 2.771085], [-76.688188, 2.770541], [-76.688369, 2.770214], [-76.688051, 2.770324], [-76.687879, 2.769965], [-76.688144, 2.769649], [-76.687833, 2.769322], [-76.688164, 2.769174], [-76.689009, 2.771108], [-76.688771, 2.771193], [-76.688913, 2.771664], [-76.688476, 2.771247], [-76.688637, 2.771085]]]]}, "properties": {"zu_cnmbre": "SAN ROQUE", "zu_narea": 70347.7809793, "zu_nano": 2025}},{"type": "Feature", "geometry": {"type": "Polygon", "coordinates": [[[-76.727711, 2.784198], [-76.728066, 2.783485], [-76.728436, 2.783917], [-76.728984, 2.783886], [-76.729195, 2.783485], [-76.730008, 2.784223], [-76.729804, 2.784795], [-76.727711, 2.784198]]]}, "properties": {"zu_cnmbre": "SAN JOSÉ", "zu_narea": 18095.5101048, "zu_nano": 2025}},{"type": "Feature", "geometry": {"type": "Polygon", "coordinates": [[[-76.724043, 2.756281], [-76.723326, 2.756639], [-76.723432, 2.756129], [-76.722857, 2.755765], [-76.723077, 2.755457], [-76.723358, 2.755677], [-76.72387, 2.755425], [-76.723854, 2.755036], [-76.72351, 2.754945], [-76.723778, 2.754481], [-76.724476, 2.755539], [-76.723878, 2.756085], [-76.724043, 2.756281]]]}, "properties": {"zu_cnmbre": "EL OSO", "zu_narea": 14760.8012504, "zu_nano": 2025}},{"type": "Feature", "geometry": {"type": "Polygon", "coordinates": [[[-76.722302, 2.737106], [-76.72222, 2.737812], [-76.721434, 2.738026], [-76.721145, 2.737483], [-76.721448, 2.737236], [-76.721195, 2.736335], [-76.721525, 2.735956], [-76.722366, 2.736157], [-76.721996, 2.736394], [-76.722302, 2.737106]]]}, "properties": {"zu_cnmbre": "EL PLAYÓN", "zu_narea": 19708.5713869, "zu_nano": 2025}},{"type": "Feature", "geometry": {"type": "Polygon", "coordinates": [[[-76.67615, 2.759169], [-76.677033, 2.758776], [-76.677596, 2.759859], [-76.678434, 2.760161], [-76.679434, 2.759357], [-76.680232, 2.759556], [-76.68032, 2.760341], [-76.681142, 2.76156], [-76.68035, 2.762602], [-76.68013, 2.762531], [-76.680468, 2.763038], [-76.680103, 2.763572], [-76.679923, 2.762318], [-76.68071, 2.761315], [-76.680374, 2.760753], [-76.680121, 2.760948], [-76.679511, 2.760509], [-76.678574, 2.76047], [-76.677857, 2.761019], [-76.677733, 2.760246], [-76.676268, 2.759703], [-76.676232, 2.760232], [-76.675899, 2.760216], [-76.675901, 2.759676], [-76.674468, 2.759236], [-76.673352, 2.760299], [-76.673104, 2.760162], [-76.673938, 2.758929], [-76.672429, 2.758047], [-76.672677, 2.757866], [-76.672914, 2.758085], [-76.67318, 2.757767], [-76.674264, 2.758691], [-76.674736, 2.758134], [-76.674812, 2.758741], [-76.67615, 2.759169]]]}, "properties": {"zu_cnmbre": "CRUCERO DE PAN DE AZÚCAR", "zu_narea": 92094.6375725, "zu_nano": 2025}},{"type": "Feature", "geometry": {"type": "Polygon", "coordinates": [[[-76.599799, 2.719747], [-76.600322, 2.7195], [-76.600557, 2.718746], [-76.601536, 2.719518], [-76.601004, 2.720328], [-76.599799, 2.719747]]]}, "properties": {"zu_cnmbre": "TERRITORIO ZAANANN", "zu_narea": 14523.588465, "zu_nano": 2025}},{"type": "Feature", "geometry": {"type": "Polygon", "coordinates": [[[-75.961515, 2.6495], [-75.959406, 2.651012], [-75.958257, 2.650301], [-75.959984, 2.650259], [-75.961794, 2.648909], [-75.961515, 2.6495]]]}, "properties": {"zu_cnmbre": "EL CARMEN", "zu_narea": 16144.8322825, "zu_nano": 2025}},{"type": "Feature", "geometry": {"type": "Polygon", "coordinates": [[[-75.811527, 2.681306], [-75.810712, 2.680374], [-75.809879, 2.680388], [-75.809455, 2.678998], [-75.810394, 2.679763], [-75.810785, 2.679511], [-75.811986, 2.679857], [-75.811527, 2.681306]]]}, "properties": {"zu_cnmbre": "UKWE KIWE", "zu_narea": 28175.7573931, "zu_nano": 2025}},{"type": "Feature", "geometry": {"type": "Polygon", "coordinates": [[[-75.997829, 2.592452], [-75.99766, 2.592857], [-75.997078, 2.59278], [-75.997318, 2.591849], [-75.997829, 2.592452]]]}, "properties": {"zu_cnmbre": "MESA DE TOGOIMA UNO", "zu_narea": 6890.11043773, "zu_nano": 2025}},{"type": "Feature", "geometry": {"type": "MultiPolygon", "coordinates": [[[[-76.612205, 2.712272], [-76.612472, 2.712348], [-76.612269, 2.712641], [-76.613637, 2.71291], [-76.614015, 2.71366], [-76.615636, 2.715015], [-76.616566, 2.714797], [-76.616716, 2.715178], [-76.616122, 2.715344], [-76.616122, 2.715797], [-76.615624, 2.715771], [-76.615232, 2.715027], [-76.614384, 2.714528], [-76.614563, 2.7143], [-76.613786, 2.714054], [-76.61319, 2.71314], [-76.611869, 2.71265], [-76.6115, 2.713422], [-76.610948, 2.713235], [-76.611348, 2.712769], [-76.610614, 2.712266], [-76.610342, 2.710962], [-76.610743, 2.710268], [-76.611268, 2.710737], [-76.610974, 2.711055], [-76.611153, 2.711715], [-76.6115, 2.71194], [-76.611808, 2.711472], [-76.612328, 2.711884], [-76.612205, 2.712272]]], [[[-76.622272, 2.716746], [-76.619489, 2.71485], [-76.618723, 2.715519], [-76.618091, 2.714384], [-76.617568, 2.71427], [-76.616782, 2.714651], [-76.616688, 2.714434], [-76.61827, 2.713988], [-76.618616, 2.71448], [-76.618955, 2.714368], [-76.619033, 2.714818], [-76.61999, 2.713981], [-76.620254, 2.714454], [-76.620407, 2.714239], [-76.620865, 2.714454], [-76.621351, 2.715312], [-76.621455, 2.715039], [-76.62186, 2.715095], [-76.621693, 2.715918], [-76.622621, 2.717092], [-76.622312, 2.717238], [-76.622272, 2.716746]]], [[[-76.628801, 2.719072], [-76.627142, 2.718353], [-76.627116, 2.717692], [-76.626727, 2.717235], [-76.62529, 2.717465], [-76.625451, 2.716869], [-76.624853, 2.716749], [-76.624867, 2.716402], [-76.625771, 2.716333], [-76.625998, 2.716877], [-76.626769, 2.716582], [-76.626949, 2.717047], [-76.627721, 2.717053], [-76.627847, 2.718131], [-76.628494, 2.718339], [-76.629119, 2.718073], [-76.629008, 2.718384], [-76.629562, 2.718734], [-76.628801, 2.719072]]]]}, "properties": {"zu_cnmbre": "SANTA HELENA", "zu_narea": 148702.181343, "zu_nano": 2025}},{"type": "Feature", "geometry": {"type": "Polygon", "coordinates": [[[-76.588665, 2.69714], [-76.588721, 2.698398], [-76.58854, 2.697956], [-76.587525, 2.698056], [-76.586993, 2.698795], [-76.585159, 2.697182], [-76.585606, 2.696763], [-76.585325, 2.696522], [-76.585706, 2.695996], [-76.58525, 2.695682], [-76.586145, 2.695853], [-76.586306, 2.695596], [-76.586519, 2.695743], [-76.586326, 2.696218], [-76.586838, 2.696819], [-76.587811, 2.697343], [-76.588774, 2.695306], [-76.589787, 2.694906], [-76.5901, 2.695412], [-76.588886, 2.695906], [-76.588665, 2.69714]]]}, "properties": {"zu_cnmbre": "CORRALES", "zu_narea": 79150.5583507, "zu_nano": 2025}},{"type": "Feature", "geometry": {"type": "Polygon", "coordinates": [[[-76.546286, 2.647055], [-76.547408, 2.646428], [-76.547769, 2.646974], [-76.548176, 2.646988], [-76.548285, 2.646201], [-76.548938, 2.646741], [-76.548805, 2.64704], [-76.549343, 2.646861], [-76.549478, 2.647336], [-76.550596, 2.647623], [-76.551143, 2.648153], [-76.551842, 2.647801], [-76.552093, 2.648018], [-76.551878, 2.648469], [-76.552297, 2.648317], [-76.55288, 2.648825], [-76.553413, 2.648814], [-76.553254, 2.649151], [-76.55432, 2.65013], [-76.556583, 2.649825], [-76.55684, 2.64956], [-76.558792, 2.650397], [-76.559361, 2.651065], [-76.558207, 2.650684], [-76.557282, 2.650946], [-76.556853, 2.650513], [-76.556171, 2.650653], [-76.556249, 2.650105], [-76.55534, 2.650181], [-76.555445, 2.650684], [-76.554801, 2.650725], [-76.55435, 2.65201], [-76.554332, 2.65069], [-76.552196, 2.64905], [-76.550037, 2.648498], [-76.549543, 2.648184], [-76.549714, 2.647833], [-76.548797, 2.647334], [-76.546286, 2.647055]]]}, "properties": {"zu_cnmbre": "ALTO PIENDAMO", "zu_narea": 114977.411298, "zu_nano": 2025}},{"type": "Feature", "geometry": {"type": "Polygon", "coordinates": [[[-76.563176, 2.673573], [-76.563914, 2.67331], [-76.564255, 2.673507], [-76.564147, 2.673826], [-76.566406, 2.674407], [-76.566314, 2.675142], [-76.565629, 2.674784], [-76.565206, 2.674796], [-76.565014, 2.675155], [-76.563907, 2.674888], [-76.563717, 2.673733], [-76.562737, 2.673774], [-76.560889, 2.672343], [-76.56025, 2.672483], [-76.559927, 2.672247], [-76.559991, 2.671634], [-76.561922, 2.672449], [-76.563176, 2.673573]]]}, "properties": {"zu_cnmbre": "VILLA MERCEDES", "zu_narea": 52251.7782527, "zu_nano": 2025}},{"type": "Feature", "geometry": {"type": "Polygon", "coordinates": [[[-76.501493, 2.327718], [-76.500557, 2.327367], [-76.500556, 2.327054], [-76.5012, 2.326735], [-76.500896, 2.326271], [-76.501225, 2.325242], [-76.500687, 2.32521], [-76.500696, 2.324808], [-76.501081, 2.324788], [-76.501, 2.324282], [-76.501569, 2.323628], [-76.501038, 2.322689], [-76.501273, 2.321546], [-76.500735, 2.321519], [-76.501048, 2.320574], [-76.501659, 2.320197], [-76.502102, 2.318691], [-76.502525, 2.318902], [-76.502765, 2.318523], [-76.502884, 2.317628], [-76.503354, 2.317722], [-76.502159, 2.322101], [-76.502395, 2.322094], [-76.502461, 2.32268], [-76.502104, 2.322953], [-76.50257, 2.323022], [-76.502136, 2.32379], [-76.50255, 2.325376], [-76.501877, 2.325836], [-76.501838, 2.326506], [-76.503216, 2.326956], [-76.501493, 2.327718]]]}, "properties": {"zu_cnmbre": "SAN BARTOLO", "zu_narea": 139430.654938, "zu_nano": 2025}},{"type": "Feature", "geometry": {"type": "Polygon", "coordinates": [[[-76.500044, 2.334099], [-76.499956, 2.334719], [-76.499127, 2.334611], [-76.499116, 2.333555], [-76.498536, 2.332889], [-76.499126, 2.332785], [-76.498694, 2.332029], [-76.499001, 2.331829], [-76.499996, 2.333524], [-76.500354, 2.333327], [-76.500513, 2.333572], [-76.500276, 2.33366], [-76.500572, 2.333808], [-76.500973, 2.335211], [-76.500409, 2.33517], [-76.500322, 2.334121], [-76.500044, 2.334099]]]}, "properties": {"zu_cnmbre": "SAN PEDRILLO", "zu_narea": 36739.1686527, "zu_nano": 2025}},{"type": "Feature", "geometry": {"type": "Polygon", "coordinates": [[[-76.498832, 2.342197], [-76.499284, 2.342468], [-76.499622, 2.341705], [-76.499791, 2.342211], [-76.500071, 2.341985], [-76.500262, 2.342248], [-76.499492, 2.343123], [-76.49903, 2.342681], [-76.498268, 2.342696], [-76.498504, 2.341819], [-76.499013, 2.34184], [-76.498832, 2.342197]]]}, "properties": {"zu_cnmbre": "BELÉN", "zu_narea": 16084.0932972, "zu_nano": 2025}},{"type": "Feature", "geometry": {"type": "MultiPolygon", "coordinates": [[[[-76.487399, 2.319364], [-76.486728, 2.318656], [-76.487414, 2.318822], [-76.488503, 2.318446], [-76.48868, 2.319254], [-76.487399, 2.319364]]], [[[-76.484268, 2.321944], [-76.484379, 2.320074], [-76.486016, 2.320507], [-76.487327, 2.319999], [-76.48822, 2.320386], [-76.48804, 2.321248], [-76.487129, 2.320845], [-76.486168, 2.320963], [-76.485884, 2.321543], [-76.484268, 2.321944]]]]}, "properties": {"zu_cnmbre": "SAN JOSÉ PISANRABO", "zu_narea": 65393.7624824, "zu_nano": 2025}},{"type": "Feature", "geometry": {"type": "Polygon", "coordinates": [[[-76.743395, 1.894321], [-76.744057, 1.894088], [-76.744452, 1.894422], [-76.743504, 1.895521], [-76.742509, 1.893893], [-76.743395, 1.894321]]]}, "properties": {"zu_cnmbre": "MARMATO", "zu_narea": 18272.4904415, "zu_nano": 2025}},{"type": "Feature", "geometry": {"type": "Polygon", "coordinates": [[[-76.751496, 1.880489], [-76.752225, 1.880789], [-76.752059, 1.881403], [-76.751756, 1.881479], [-76.751631, 1.881162], [-76.751091, 1.881404], [-76.750995, 1.880734], [-76.750567, 1.880628], [-76.751496, 1.880489]]]}, "properties": {"zu_cnmbre": "SANTANDER", "zu_narea": 13317.6458126, "zu_nano": 2025}},{"type": "Feature", "geometry": {"type": "Polygon", "coordinates": [[[-76.741766, 1.93129], [-76.741495, 1.930646], [-76.741678, 1.930381], [-76.741405, 1.930202], [-76.741956, 1.929463], [-76.742481, 1.929767], [-76.742801, 1.929364], [-76.742602, 1.930082], [-76.742869, 1.930284], [-76.74236, 1.93043], [-76.742164, 1.931371], [-76.741766, 1.93129]]]}, "properties": {"zu_cnmbre": "FLORIDA", "zu_narea": 19018.8589149, "zu_nano": 2025}},{"type": "Feature", "geometry": {"type": "Polygon", "coordinates": [[[-76.304125, 2.630062], [-76.303166, 2.629008], [-76.301336, 2.62923], [-76.300169, 2.628673], [-76.300829, 2.628379], [-76.301567, 2.627113], [-76.302381, 2.627287], [-76.303444, 2.62633], [-76.304097, 2.627944], [-76.305414, 2.628567], [-76.305346, 2.628775], [-76.306327, 2.628801], [-76.307332, 2.628416], [-76.307575, 2.628727], [-76.307335, 2.629], [-76.30677, 2.628869], [-76.305887, 2.629748], [-76.304125, 2.630062]]]}, "properties": {"zu_cnmbre": "PUEBLITO", "zu_narea": 123800.738137, "zu_nano": 2025}},{"type": "Feature", "geometry": {"type": "MultiPolygon", "coordinates": [[[[-76.376416, 2.625904], [-76.375364, 2.625899], [-76.375645, 2.624573], [-76.375916, 2.624894], [-76.376356, 2.624627], [-76.37674, 2.625322], [-76.377811, 2.62528], [-76.377816, 2.625564], [-76.377008, 2.625474], [-76.377044, 2.626353], [-76.376416, 2.625904]]], [[[-76.377529, 2.628713], [-76.376814, 2.628435], [-76.376316, 2.627682], [-76.376709, 2.627451], [-76.377767, 2.628314], [-76.377529, 2.628713]]]]}, "properties": {"zu_cnmbre": "TENGO", "zu_narea": 33040.2203068, "zu_nano": 2025}},{"type": "Feature", "geometry": {"type": "Polygon", "coordinates": [[[-76.35953, 2.635178], [-76.358297, 2.637217], [-76.357083, 2.637737], [-76.356467, 2.638647], [-76.356176, 2.637818], [-76.355692, 2.638119], [-76.355344, 2.637747], [-76.355908, 2.63732], [-76.357165, 2.637265], [-76.357365, 2.636501], [-76.358027, 2.636642], [-76.358627, 2.635567], [-76.359174, 2.63556], [-76.35953, 2.635178]]]}, "properties": {"zu_cnmbre": "LOS BUJIOS", "zu_narea": 39450.7192582, "zu_nano": 2025}},{"type": "Feature", "geometry": {"type": "MultiPolygon", "coordinates": [[[[-76.351827, 2.624557], [-76.350734, 2.623634], [-76.35138, 2.623488], [-76.352407, 2.624383], [-76.351827, 2.624557]]], [[[-76.354331, 2.625444], [-76.35415, 2.625136], [-76.352807, 2.625378], [-76.352886, 2.624951], [-76.354165, 2.624584], [-76.354217, 2.624134], [-76.354689, 2.623842], [-76.355441, 2.624152], [-76.355305, 2.624527], [-76.357803, 2.623762], [-76.358909, 2.623703], [-76.35889, 2.623984], [-76.358223, 2.624224], [-76.357152, 2.624062], [-76.355907, 2.625176], [-76.354331, 2.625444]]]]}, "properties": {"zu_cnmbre": "LAS TAPIAS", "zu_narea": 58284.0126477, "zu_nano": 2025}},{"type": "Feature", "geometry": {"type": "Polygon", "coordinates": [[[-76.64771, 2.363004], [-76.646644, 2.362651], [-76.646514, 2.361753], [-76.647031, 2.361741], [-76.647754, 2.362293], [-76.64771, 2.363004]]]}, "properties": {"zu_cnmbre": "ASENTAMIENTO INDIGENA SACHACOCO", "zu_narea": 12663.145485, "zu_nano": 2025}},{"type": "Feature", "geometry": {"type": "Polygon", "coordinates": [[[-76.603516, 2.285944], [-76.602395, 2.286067], [-76.60255, 2.286372], [-76.60216, 2.286679], [-76.601309, 2.286243], [-76.601939, 2.284844], [-76.603201, 2.284921], [-76.603249, 2.285937], [-76.603516, 2.285944]]]}, "properties": {"zu_cnmbre": "LA CATANA", "zu_narea": 29778.6448023, "zu_nano": 2025}},{"type": "Feature", "geometry": {"type": "Polygon", "coordinates": [[[-76.718215, 2.365792], [-76.718384, 2.365027], [-76.717951, 2.364101], [-76.71714, 2.363514], [-76.717175, 2.362952], [-76.716846, 2.362638], [-76.716288, 2.362549], [-76.715585, 2.363051], [-76.714605, 2.36295], [-76.715362, 2.362128], [-76.717243, 2.361534], [-76.717474, 2.363047], [-76.719043, 2.363821], [-76.718871, 2.364783], [-76.719337, 2.365232], [-76.718215, 2.365792]]]}, "properties": {"zu_cnmbre": "SAN PEDRITO", "zu_narea": 57769.0090168, "zu_nano": 2025}},{"type": "Feature", "geometry": {"type": "Polygon", "coordinates": [[[-77.590353, 2.827703], [-77.590543, 2.826863], [-77.59295, 2.82991], [-77.592541, 2.83057], [-77.592442, 2.829819], [-77.591555, 2.829341], [-77.591674, 2.828934], [-77.59116, 2.829227], [-77.591019, 2.828961], [-77.591291, 2.82872], [-77.590353, 2.827703]]]}, "properties": {"zu_cnmbre": "CALLE SANTA ROSA", "zu_narea": 30434.9211748, "zu_nano": 2025}},{"type": "Feature", "geometry": {"type": "MultiPolygon", "coordinates": [[[[-75.749909, 2.686822], [-75.751505, 2.685757], [-75.752446, 2.684755], [-75.752935, 2.68565], [-75.752722, 2.685828], [-75.752354, 2.685528], [-75.751797, 2.686114], [-75.751802, 2.686543], [-75.751667, 2.686273], [-75.751124, 2.686745], [-75.749909, 2.686822]]], [[[-75.748487, 2.68689], [-75.74934, 2.68654], [-75.749419, 2.686903], [-75.748576, 2.687225], [-75.748487, 2.68689]]]]}, "properties": {"zu_cnmbre": "HUILA", "zu_narea": 24085.0375279, "zu_nano": 2025}},{"type": "Feature", "geometry": {"type": "Polygon", "coordinates": [[[-76.098094, 2.196281], [-76.098962, 2.196274], [-76.099785, 2.197169], [-76.098353, 2.19888], [-76.097499, 2.199144], [-76.096758, 2.199864], [-76.095921, 2.198842], [-76.09681, 2.198156], [-76.096734, 2.197271], [-76.097297, 2.196403], [-76.097761, 2.195877], [-76.098094, 2.196281]]]}, "properties": {"zu_cnmbre": "ESTACIÓN TALAGA", "zu_narea": 91676.0267068, "zu_nano": 2025}},{"type": "Feature", "geometry": {"type": "Polygon", "coordinates": [[[-75.849502, 2.341304], [-75.849144, 2.341825], [-75.847536, 2.340405], [-75.846973, 2.340659], [-75.846722, 2.340452], [-75.846228, 2.340986], [-75.845995, 2.340626], [-75.846301, 2.340463], [-75.845632, 2.340306], [-75.846058, 2.339437], [-75.847761, 2.33904], [-75.849502, 2.341304]]]}, "properties": {"zu_cnmbre": "POTRERITO", "zu_narea": 52853.699201, "zu_nano": 2025}},{"type": "Feature", "geometry": {"type": "Polygon", "coordinates": [[[-75.838237, 2.353371], [-75.838276, 2.354138], [-75.83804, 2.354199], [-75.837843, 2.353357], [-75.838148, 2.353171], [-75.837835, 2.352638], [-75.836151, 2.35248], [-75.835914, 2.351944], [-75.835189, 2.352179], [-75.834897, 2.351675], [-75.83578, 2.351148], [-75.836221, 2.351543], [-75.837797, 2.351769], [-75.837676, 2.352015], [-75.838628, 2.352519], [-75.838722, 2.35297], [-75.838237, 2.353371]]]}, "properties": {"zu_cnmbre": "FIW PAEZ", "zu_narea": 42737.3951486, "zu_nano": 2025}},{"type": "Feature", "geometry": {"type": "MultiPolygon", "coordinates": [[[[-76.600089, 2.681592], [-76.599352, 2.680917], [-76.599397, 2.680416], [-76.598961, 2.679967], [-76.59839, 2.679658], [-76.59808, 2.67992], [-76.598275, 2.6794], [-76.597381, 2.67914], [-76.597221, 2.678794], [-76.596903, 2.678989], [-76.597063, 2.678587], [-76.596578, 2.67749], [-76.596978, 2.677408], [-76.596545, 2.676281], [-76.597398, 2.677499], [-76.598301, 2.676985], [-76.598809, 2.67712], [-76.597577, 2.677594], [-76.597914, 2.67803], [-76.597574, 2.678272], [-76.597914, 2.678886], [-76.598221, 2.679099], [-76.59853, 2.678723], [-76.598831, 2.678972], [-76.598575, 2.67959], [-76.599386, 2.679052], [-76.599345, 2.679622], [-76.600045, 2.680106], [-76.601842, 2.679262], [-76.602327, 2.679421], [-76.600466, 2.680305], [-76.600404, 2.681206], [-76.600089, 2.681592]]], [[[-76.614349, 2.687692], [-76.615065, 2.686768], [-76.614867, 2.685762], [-76.613884, 2.685738], [-76.613031, 2.684969], [-76.613178, 2.684746], [-76.612495, 2.684358], [-76.612155, 2.68505], [-76.611425, 2.684895], [-76.61185, 2.683982], [-76.611151, 2.683289], [-76.611369, 2.683172], [-76.611059, 2.682615], [-76.610364, 2.682155], [-76.610553, 2.681906], [-76.610266, 2.681625], [-76.605917, 2.681361], [-76.604475, 2.681701], [-76.603941, 2.681428], [-76.603719, 2.681686], [-76.60542, 2.682915], [-76.60672, 2.682612], [-76.607744, 2.68353], [-76.60791, 2.684202], [-76.607699, 2.684248], [-76.607757, 2.683822], [-76.607168, 2.683149], [-76.606638, 2.683045], [-76.606205, 2.683363], [-76.603998, 2.682299], [-76.603669, 2.682412], [-76.603884, 2.682153], [-76.603213, 2.681246], [-76.60265, 2.681493], [-76.603178, 2.682659], [-76.602608, 2.682935], [-76.602382, 2.682196], [-76.602056, 2.682165], [-76.602018, 2.682724], [-76.601749, 2.682748], [-76.600998, 2.682061], [-76.601921, 2.681605], [-76.602045, 2.681006], [-76.602838, 2.681186], [-76.603981, 2.680664], [-76.604845, 2.681141], [-76.605544, 2.680216], [-76.605765, 2.681038], [-76.607388, 2.681337], [-76.608129, 2.681046], [-76.609456, 2.681301], [-76.609762, 2.680873], [-76.610753, 2.680972], [-76.612253, 2.680483], [-76.612129, 2.680996], [-76.612593, 2.681539], [-76.614076, 2.681995], [-76.615495, 2.683766], [-76.614785, 2.683484], [-76.614375, 2.682546], [-76.61381, 2.682108], [-76.61264, 2.681885], [-76.612034, 2.68121], [-76.610848, 2.681561], [-76.610898, 2.681968], [-76.611672, 2.6825], [-76.611856, 2.68291], [-76.611623, 2.683151], [-76.612104, 2.683734], [-76.613047, 2.68404], [-76.61332, 2.683834], [-76.613838, 2.685141], [-76.615508, 2.685688], [-76.615465, 2.686036], [-76.615938, 2.686124], [-76.615915, 2.686334], [-76.615304, 2.686238], [-76.615251, 2.686802], [-76.61458, 2.68779], [-76.614349, 2.687692]]], [[[-76.613962, 2.68907], [-76.612192, 2.688723], [-76.612006, 2.68833], [-76.611811, 2.688833], [-76.61141, 2.688911], [-76.611835, 2.688192], [-76.611736, 2.687805], [-76.610908, 2.68717], [-76.610331, 2.687054], [-76.609683, 2.687772], [-76.609866, 2.686994], [-76.608377, 2.686112], [-76.607907, 2.684995], [-76.608161, 2.684884], [-76.608288, 2.685709], [-76.609536, 2.686637], [-76.610435, 2.686873], [-76.610776, 2.6865], [-76.611046, 2.686862], [-76.612044, 2.687107], [-76.612432, 2.686822], [-76.611992, 2.688004], [-76.612811, 2.688497], [-76.613414, 2.687646], [-76.613112, 2.688428], [-76.613962, 2.68907]]]]}, "properties": {"zu_cnmbre": "EL CARMEN", "zu_narea": 267421.029705, "zu_nano": 2025}},{"type": "Feature", "geometry": {"type": "Polygon", "coordinates": [[[-76.290925, 2.628976], [-76.290042, 2.628132], [-76.290416, 2.627265], [-76.290983, 2.627056], [-76.290418, 2.6267], [-76.290614, 2.625941], [-76.290245, 2.625865], [-76.289402, 2.626489], [-76.289047, 2.625989], [-76.289859, 2.625493], [-76.290088, 2.625671], [-76.290416, 2.625236], [-76.290452, 2.624798], [-76.290001, 2.624802], [-76.290293, 2.624148], [-76.289943, 2.624024], [-76.29014, 2.623154], [-76.289701, 2.622695], [-76.289921, 2.622643], [-76.289666, 2.62179], [-76.289919, 2.62169], [-76.290827, 2.623247], [-76.290692, 2.623626], [-76.291404, 2.623505], [-76.291255, 2.624115], [-76.291731, 2.624242], [-76.290976, 2.624655], [-76.291446, 2.62499], [-76.292212, 2.62493], [-76.292507, 2.62576], [-76.293359, 2.625278], [-76.2936, 2.626182], [-76.294402, 2.626163], [-76.29485, 2.627413], [-76.295674, 2.627944], [-76.295464, 2.628377], [-76.292744, 2.627075], [-76.292462, 2.62808], [-76.29225, 2.627971], [-76.291945, 2.628497], [-76.29173, 2.628336], [-76.290925, 2.628976]]]}, "properties": {"zu_cnmbre": "CAMPANA", "zu_narea": 178630.81834, "zu_nano": 2025}},{"type": "Feature", "geometry": {"type": "Polygon", "coordinates": [[[-76.332667, 2.632859], [-76.330511, 2.63241], [-76.330395, 2.63273], [-76.326806, 2.631521], [-76.324671, 2.631542], [-76.324938, 2.630692], [-76.323754, 2.63144], [-76.323381, 2.631158], [-76.32256, 2.632523], [-76.322654, 2.632904], [-76.322131, 2.632988], [-76.321057, 2.632274], [-76.322548, 2.632043], [-76.322273, 2.631244], [-76.323176, 2.631231], [-76.323789, 2.630446], [-76.324135, 2.630534], [-76.324785, 2.629927], [-76.326347, 2.630304], [-76.326784, 2.63083], [-76.325405, 2.630802], [-76.325537, 2.630964], [-76.331306, 2.631621], [-76.332166, 2.632419], [-76.33206, 2.632646], [-76.332667, 2.632859]]]}, "properties": {"zu_cnmbre": "PUENTE REAL", "zu_narea": 114281.198374, "zu_nano": 2025}},{"type": "Feature", "geometry": {"type": "MultiPolygon", "coordinates": [[[[-76.311029, 2.684615], [-76.310664, 2.684184], [-76.311872, 2.684277], [-76.311874, 2.684519], [-76.311029, 2.684615]]], [[[-76.307891, 2.684818], [-76.307734, 2.684222], [-76.308916, 2.68384], [-76.309447, 2.684328], [-76.309949, 2.684263], [-76.309868, 2.684822], [-76.308869, 2.68456], [-76.307891, 2.684818]]], [[[-76.302648, 2.686621], [-76.302158, 2.68616], [-76.303163, 2.685888], [-76.302975, 2.685435], [-76.304588, 2.684648], [-76.304474, 2.684305], [-76.304924, 2.68414], [-76.305271, 2.684817], [-76.306928, 2.684233], [-76.306999, 2.684711], [-76.306689, 2.684865], [-76.305713, 2.68518], [-76.304698, 2.684935], [-76.303311, 2.685801], [-76.303307, 2.686295], [-76.302648, 2.686621]]], [[[-76.302628, 2.687901], [-76.302321, 2.687019], [-76.302645, 2.68684], [-76.302781, 2.68772], [-76.302628, 2.687901]]], [[[-76.303055, 2.688117], [-76.303851, 2.68806], [-76.303597, 2.688811], [-76.304056, 2.688874], [-76.3037, 2.689371], [-76.303055, 2.688117]]]]}, "properties": {"zu_cnmbre": "MENDEZ", "zu_narea": 61063.3211137, "zu_nano": 2025}},{"type": "Feature", "geometry": {"type": "Polygon", "coordinates": [[[-76.342342, 2.632296], [-76.342388, 2.630998], [-76.343627, 2.629649], [-76.343558, 2.628713], [-76.344151, 2.628089], [-76.343963, 2.627472], [-76.344338, 2.627442], [-76.344559, 2.627803], [-76.345101, 2.626651], [-76.346518, 2.62531], [-76.345876, 2.624224], [-76.346687, 2.623508], [-76.347169, 2.624714], [-76.348243, 2.624452], [-76.348606, 2.624851], [-76.35009, 2.624848], [-76.349491, 2.625881], [-76.349292, 2.625961], [-76.348988, 2.624941], [-76.348653, 2.625056], [-76.348684, 2.625446], [-76.347978, 2.625705], [-76.347847, 2.625369], [-76.346897, 2.625945], [-76.347006, 2.626247], [-76.346292, 2.627139], [-76.346165, 2.626971], [-76.345526, 2.627647], [-76.345777, 2.626966], [-76.345114, 2.627542], [-76.343471, 2.631117], [-76.34389, 2.631277], [-76.343524, 2.631592], [-76.343527, 2.632159], [-76.342625, 2.631991], [-76.342342, 2.632296]]]}, "properties": {"zu_cnmbre": "DELICIAS", "zu_narea": 135655.605722, "zu_nano": 2025}},{"type": "Feature", "geometry": {"type": "MultiPolygon", "coordinates": [[[[-76.341023, 2.699975], [-76.341114, 2.699277], [-76.341464, 2.699425], [-76.341787, 2.698799], [-76.342051, 2.699486], [-76.343014, 2.69937], [-76.343206, 2.699653], [-76.342112, 2.699964], [-76.3415, 2.700867], [-76.34129, 2.700655], [-76.341496, 2.700205], [-76.341023, 2.699975]]], [[[-76.341979, 2.701098], [-76.342284, 2.700615], [-76.342809, 2.701186], [-76.342343, 2.701572], [-76.342299, 2.702047], [-76.342006, 2.701841], [-76.342323, 2.701267], [-76.341979, 2.701098]]]]}, "properties": {"zu_cnmbre": "BUENAVISTA", "zu_narea": 26746.2455976, "zu_nano": 2025}},{"type": "Feature", "geometry": {"type": "Polygon", "coordinates": [[[-76.332473, 2.694132], [-76.331853, 2.693919], [-76.3323, 2.692589], [-76.332252, 2.691483], [-76.333226, 2.691493], [-76.332463, 2.693075], [-76.333019, 2.693035], [-76.333087, 2.693267], [-76.332632, 2.693389], [-76.334005, 2.693432], [-76.334424, 2.693914], [-76.333291, 2.695054], [-76.332473, 2.694132]]]}, "properties": {"zu_cnmbre": "BUENAVISTA PITAYÓ", "zu_narea": 43514.833643, "zu_nano": 2025}},{"type": "Feature", "geometry": {"type": "MultiPolygon", "coordinates": [[[[-76.339107, 2.739058], [-76.338687, 2.738183], [-76.338863, 2.737895], [-76.339418, 2.738766], [-76.339107, 2.739058]]], [[[-76.341765, 2.73935], [-76.341395, 2.738991], [-76.342216, 2.738713], [-76.342753, 2.738892], [-76.342257, 2.738971], [-76.34234, 2.739348], [-76.341765, 2.73935]]]]}, "properties": {"zu_cnmbre": "OVEJERAS", "zu_narea": 10815.6326025, "zu_nano": 2025}},{"type": "Feature", "geometry": {"type": "Polygon", "coordinates": [[[-76.330301, 2.73399], [-76.331309, 2.734894], [-76.332445, 2.734814], [-76.333826, 2.73629], [-76.333393, 2.736404], [-76.332837, 2.73579], [-76.332405, 2.73596], [-76.332357, 2.735503], [-76.331626, 2.735694], [-76.331623, 2.73628], [-76.331003, 2.735714], [-76.330785, 2.734978], [-76.329796, 2.734303], [-76.328196, 2.734118], [-76.32821, 2.733897], [-76.32917, 2.733958], [-76.329251, 2.733655], [-76.330301, 2.73399]]]}, "properties": {"zu_cnmbre": "LA OVEJERA 1", "zu_narea": 43970.0273706, "zu_nano": 2025}},{"type": "Feature", "geometry": {"type": "Polygon", "coordinates": [[[-76.328395, 2.766655], [-76.3291, 2.764558], [-76.329758, 2.764093], [-76.33057, 2.764455], [-76.330358, 2.764999], [-76.329685, 2.765007], [-76.3294, 2.767361], [-76.328395, 2.766655]]]}, "properties": {"zu_cnmbre": "MARIPOSAS", "zu_narea": 34636.0881323, "zu_nano": 2025}},{"type": "Feature", "geometry": {"type": "MultiPolygon", "coordinates": [[[[-76.316646, 2.631726], [-76.316287, 2.631019], [-76.316897, 2.631038], [-76.317039, 2.630791], [-76.316579, 2.630513], [-76.317218, 2.630073], [-76.318306, 2.630554], [-76.318966, 2.631459], [-76.318268, 2.631869], [-76.316646, 2.631726]]], [[[-76.313887, 2.633752], [-76.311912, 2.632306], [-76.311216, 2.632363], [-76.310357, 2.631892], [-76.309876, 2.632645], [-76.309254, 2.632194], [-76.308876, 2.632646], [-76.308039, 2.632315], [-76.307669, 2.632541], [-76.308877, 2.631386], [-76.308764, 2.630609], [-76.310164, 2.630845], [-76.310179, 2.63139], [-76.31151, 2.630982], [-76.313093, 2.631345], [-76.312842, 2.631713], [-76.31181, 2.631333], [-76.311776, 2.631762], [-76.312217, 2.631892], [-76.31369, 2.631694], [-76.313997, 2.631252], [-76.313832, 2.630819], [-76.314299, 2.6305], [-76.314688, 2.630903], [-76.315143, 2.63079], [-76.314525, 2.632366], [-76.31371, 2.632808], [-76.314134, 2.633641], [-76.313887, 2.633752]]]]}, "properties": {"zu_cnmbre": "PEÑA DEL CORAZÓN", "zu_narea": 148897.455483, "zu_nano": 2025}},{"type": "Feature", "geometry": {"type": "Polygon", "coordinates": [[[-76.315117, 2.707644], [-76.314852, 2.708348], [-76.31535, 2.708985], [-76.315243, 2.709857], [-76.316111, 2.709753], [-76.316229, 2.710041], [-76.315771, 2.710409], [-76.31427, 2.709625], [-76.314634, 2.709108], [-76.31325, 2.707153], [-76.312207, 2.707195], [-76.312894, 2.706463], [-76.313663, 2.706731], [-76.313813, 2.706442], [-76.315117, 2.707644]]]}, "properties": {"zu_cnmbre": "LA ESPERANZA", "zu_narea": 51844.9353324, "zu_nano": 2025}},{"type": "Feature", "geometry": {"type": "Polygon", "coordinates": [[[-76.295077, 2.552878], [-76.294582, 2.552597], [-76.29517, 2.55182], [-76.294963, 2.551495], [-76.296216, 2.550551], [-76.296426, 2.55078], [-76.295538, 2.551601], [-76.295912, 2.551797], [-76.295534, 2.552626], [-76.295209, 2.552473], [-76.295077, 2.552878]]]}, "properties": {"zu_cnmbre": "SANTA LUCIA", "zu_narea": 16881.0813649, "zu_nano": 2025}},{"type": "Feature", "geometry": {"type": "Polygon", "coordinates": [[[-76.249173, 3.002444], [-76.250105, 3.003208], [-76.25002, 3.003848], [-76.250334, 3.003701], [-76.249625, 3.004745], [-76.250099, 3.007035], [-76.249815, 3.007178], [-76.249287, 3.004602], [-76.248957, 3.004721], [-76.248379, 3.003974], [-76.248581, 3.003712], [-76.247862, 3.003244], [-76.247932, 3.002915], [-76.249173, 3.002444]]]}, "properties": {"zu_cnmbre": "LA CRUZ", "zu_narea": 45905.6633718, "zu_nano": 2025}},{"type": "Feature", "geometry": {"type": "Polygon", "coordinates": [[[-76.280965, 3.012805], [-76.281607, 3.013446], [-76.281086, 3.013964], [-76.27923, 3.014407], [-76.280017, 3.014536], [-76.280245, 3.015], [-76.279436, 3.015375], [-76.27817, 3.014034], [-76.278359, 3.013479], [-76.279181, 3.014138], [-76.28022, 3.013676], [-76.280965, 3.012805]]]}, "properties": {"zu_cnmbre": "LA DESPENSA", "zu_narea": 36236.3671581, "zu_nano": 2025}},{"type": "Feature", "geometry": {"type": "Polygon", "coordinates": [[[-76.289164, 3.005032], [-76.288182, 3.005689], [-76.288327, 3.006342], [-76.287656, 3.007288], [-76.287085, 3.007385], [-76.286521, 3.006952], [-76.287088, 3.0064], [-76.287017, 3.005815], [-76.286536, 3.005763], [-76.28667, 3.005274], [-76.287444, 3.005035], [-76.288201, 3.00541], [-76.289164, 3.005032]]]}, "properties": {"zu_cnmbre": "NATALA", "zu_narea": 34082.3585748, "zu_nano": 2025}},{"type": "Feature", "geometry": {"type": "Polygon", "coordinates": [[[-76.160357, 3.012427], [-76.158443, 3.012201], [-76.157693, 3.011926], [-76.157482, 3.011394], [-76.159545, 3.011277], [-76.16051, 3.01206], [-76.160357, 3.012427]]]}, "properties": {"zu_cnmbre": "SANTO DOMINGO", "zu_narea": 28124.6915751, "zu_nano": 2025}},{"type": "Feature", "geometry": {"type": "Polygon", "coordinates": [[[-76.234221, 2.93871], [-76.233696, 2.935964], [-76.234648, 2.936323], [-76.234834, 2.935882], [-76.234775, 2.936953], [-76.235764, 2.937658], [-76.235299, 2.938503], [-76.23446, 2.938157], [-76.234221, 2.93871]]]}, "properties": {"zu_cnmbre": "EL TABLAZO", "zu_narea": 32392.8448282, "zu_nano": 2025}},{"type": "Feature", "geometry": {"type": "MultiPolygon", "coordinates": [[[[-76.223469, 3.05893], [-76.223898, 3.059198], [-76.223661, 3.059626], [-76.223661, 3.05913], [-76.223469, 3.05893]]], [[[-76.225179, 3.061254], [-76.224003, 3.060465], [-76.224605, 3.0604], [-76.224937, 3.060758], [-76.225394, 3.060476], [-76.225595, 3.062344], [-76.225179, 3.061254]]], [[[-76.225208, 3.065373], [-76.226361, 3.064325], [-76.226473, 3.063772], [-76.226668, 3.063779], [-76.226589, 3.064423], [-76.225898, 3.06498], [-76.22568, 3.065733], [-76.225336, 3.06576], [-76.225208, 3.065373]]]]}, "properties": {"zu_cnmbre": "LA ESPERANZA", "zu_narea": 22007.4052033, "zu_nano": 2025}},{"type": "Feature", "geometry": {"type": "Polygon", "coordinates": [[[-76.302081, 2.949806], [-76.301366, 2.950771], [-76.300646, 2.949861], [-76.300535, 2.950969], [-76.299775, 2.949732], [-76.300794, 2.949022], [-76.301522, 2.9497], [-76.302081, 2.949806]]]}, "properties": {"zu_cnmbre": "NARANJO CENTRO", "zu_narea": 26859.8237238, "zu_nano": 2025}},{"type": "Feature", "geometry": {"type": "Polygon", "coordinates": [[[-76.299308, 2.994182], [-76.299776, 2.994327], [-76.29942, 2.995565], [-76.299188, 2.995327], [-76.298787, 2.995613], [-76.298073, 2.995025], [-76.297539, 2.994932], [-76.297101, 2.995229], [-76.295684, 2.994765], [-76.295946, 2.994319], [-76.297463, 2.994572], [-76.297733, 2.994127], [-76.298173, 2.994082], [-76.298164, 2.994315], [-76.298754, 2.994423], [-76.298951, 2.995355], [-76.299354, 2.995047], [-76.299308, 2.994182]]]}, "properties": {"zu_cnmbre": "LA PILA", "zu_narea": 34588.124847, "zu_nano": 2025}},{"type": "Feature", "geometry": {"type": "Polygon", "coordinates": [[[-76.28765, 2.895947], [-76.288646, 2.896541], [-76.288455, 2.897208], [-76.288871, 2.897522], [-76.288497, 2.898869], [-76.287359, 2.897861], [-76.287209, 2.898007], [-76.286727, 2.897292], [-76.286675, 2.89697], [-76.287101, 2.896758], [-76.28683, 2.896417], [-76.28765, 2.895947]]]}, "properties": {"zu_cnmbre": "LA PRIMICIA", "zu_narea": 45640.5706411, "zu_nano": 2025}},{"type": "Feature", "geometry": {"type": "Polygon", "coordinates": [[[-76.283691, 2.918013], [-76.283218, 2.918273], [-76.283031, 2.917678], [-76.282299, 2.917486], [-76.282536, 2.916983], [-76.283076, 2.916908], [-76.284129, 2.916051], [-76.284725, 2.916065], [-76.284713, 2.916394], [-76.28558, 2.916945], [-76.285215, 2.917585], [-76.286058, 2.918176], [-76.285917, 2.918561], [-76.284627, 2.918027], [-76.284545, 2.918273], [-76.283691, 2.918013]]]}, "properties": {"zu_cnmbre": "EL FLAYO", "zu_narea": 59806.0412983, "zu_nano": 2025}},{"type": "Feature", "geometry": {"type": "MultiPolygon", "coordinates": [[[[-76.289259, 2.91089], [-76.289872, 2.910643], [-76.289386, 2.911073], [-76.289259, 2.91089]]], [[[-76.288616, 2.911327], [-76.288986, 2.912739], [-76.288609, 2.913286], [-76.288396, 2.912198], [-76.288616, 2.911327]]]]}, "properties": {"zu_cnmbre": "SECTOR PIEDRA MULA", "zu_narea": 9919.69020412, "zu_nano": 2025}},{"type": "Feature", "geometry": {"type": "Polygon", "coordinates": [[[-76.268628, 2.987933], [-76.268818, 2.985898], [-76.269379, 2.985967], [-76.269767, 2.986476], [-76.270911, 2.985783], [-76.269804, 2.986665], [-76.27006, 2.987249], [-76.268628, 2.987933]]]}, "properties": {"zu_cnmbre": "SAN JULIAN", "zu_narea": 24283.9641897, "zu_nano": 2025}},{"type": "Feature", "geometry": {"type": "MultiPolygon", "coordinates": [[[[-76.284323, 3.029119], [-76.28479, 3.029122], [-76.285041, 3.030301], [-76.284224, 3.031143], [-76.284323, 3.029119]]], [[[-76.283817, 3.033486], [-76.284314, 3.032742], [-76.284657, 3.032637], [-76.284446, 3.033432], [-76.283817, 3.033486]]], [[[-76.281413, 3.032906], [-76.28211, 3.03341], [-76.281869, 3.033674], [-76.281283, 3.033168], [-76.281413, 3.032906]]], [[[-76.281337, 3.036143], [-76.279609, 3.035501], [-76.279541, 3.034381], [-76.280281, 3.034848], [-76.280498, 3.034597], [-76.281671, 3.034943], [-76.282758, 3.033899], [-76.283225, 3.034108], [-76.283575, 3.034576], [-76.2829, 3.035143], [-76.283141, 3.035641], [-76.281337, 3.036143]]]]}, "properties": {"zu_cnmbre": "DAMIAN", "zu_narea": 78889.0443168, "zu_nano": 2025}},{"type": "Feature", "geometry": {"type": "Polygon", "coordinates": [[[-76.278471, 3.046029], [-76.277344, 3.046415], [-76.2775, 3.046076], [-76.277056, 3.04486], [-76.277365, 3.04347], [-76.276252, 3.042759], [-76.276638, 3.042282], [-76.277364, 3.042226], [-76.277263, 3.041582], [-76.277862, 3.041523], [-76.278249, 3.042162], [-76.278163, 3.042686], [-76.278535, 3.042652], [-76.278207, 3.043658], [-76.277444, 3.043687], [-76.277605, 3.044397], [-76.278255, 3.04481], [-76.278471, 3.046029]]]}, "properties": {"zu_cnmbre": "LA MARIA TACUEYO", "zu_narea": 61506.009722, "zu_nano": 2025}},{"type": "Feature", "geometry": {"type": "MultiPolygon", "coordinates": [[[[-76.266092, 2.962481], [-76.265843, 2.961874], [-76.266281, 2.961616], [-76.266329, 2.962388], [-76.266092, 2.962481]]], [[[-76.267148, 2.964397], [-76.267742, 2.964106], [-76.267925, 2.964528], [-76.26734, 2.964809], [-76.267148, 2.964397]]], [[[-76.266163, 2.96627], [-76.265724, 2.965925], [-76.265823, 2.96487], [-76.265295, 2.963769], [-76.265866, 2.962997], [-76.266638, 2.96421], [-76.266254, 2.964739], [-76.266391, 2.965866], [-76.266163, 2.96627]]]]}, "properties": {"zu_cnmbre": "LOMA LINDA", "zu_narea": 35246.144505, "zu_nano": 2025}},{"type": "Feature", "geometry": {"type": "Polygon", "coordinates": [[[-76.266067, 2.971359], [-76.266513, 2.971203], [-76.265682, 2.972759], [-76.265792, 2.974249], [-76.265215, 2.974247], [-76.26502, 2.973725], [-76.26527, 2.972699], [-76.264827, 2.972709], [-76.265678, 2.971857], [-76.265459, 2.971509], [-76.265787, 2.971598], [-76.265334, 2.970997], [-76.265763, 2.970863], [-76.266067, 2.971359]]]}, "properties": {"zu_cnmbre": "VICHIQUI", "zu_narea": 28015.8817911, "zu_nano": 2025}},{"type": "Feature", "geometry": {"type": "Polygon", "coordinates": [[[-76.258364, 2.945705], [-76.25833, 2.946415], [-76.25768, 2.946415], [-76.257702, 2.94567], [-76.257221, 2.945626], [-76.25776, 2.944552], [-76.25831, 2.944391], [-76.259045, 2.945079], [-76.258649, 2.945718], [-76.258364, 2.945705]]]}, "properties": {"zu_cnmbre": "LA BODEGA", "zu_narea": 25483.0882934, "zu_nano": 2025}},{"type": "Feature", "geometry": {"type": "MultiPolygon", "coordinates": [[[[-76.259356, 2.991044], [-76.259387, 2.98822], [-76.259872, 2.987932], [-76.259972, 2.986966], [-76.260521, 2.986433], [-76.260306, 2.987494], [-76.260566, 2.989082], [-76.259898, 2.98934], [-76.259734, 2.991103], [-76.259356, 2.991044]]], [[[-76.258773, 2.993876], [-76.259551, 2.992845], [-76.259609, 2.991675], [-76.260122, 2.991809], [-76.260074, 2.992413], [-76.260644, 2.992578], [-76.260546, 2.992784], [-76.259972, 2.993612], [-76.258773, 2.993876]]]]}, "properties": {"zu_cnmbre": "BELÉN", "zu_narea": 52344.5310321, "zu_nano": 2025}},{"type": "Feature", "geometry": {"type": "Polygon", "coordinates": [[[-76.262045, 3.014028], [-76.2608, 3.015242], [-76.260559, 3.015227], [-76.260692, 3.014947], [-76.259199, 3.015316], [-76.257817, 3.017121], [-76.257715, 3.017727], [-76.257252, 3.017806], [-76.257141, 3.01699], [-76.258409, 3.015708], [-76.258047, 3.015174], [-76.258709, 3.015539], [-76.259668, 3.014811], [-76.260889, 3.014718], [-76.262045, 3.014028]]]}, "properties": {"zu_cnmbre": "BUENAVISTA", "zu_narea": 32760.6007542, "zu_nano": 2025}},{"type": "Feature", "geometry": {"type": "Polygon", "coordinates": [[[-76.256366, 3.037609], [-76.257505, 3.03783], [-76.256976, 3.038826], [-76.256588, 3.038639], [-76.256451, 3.038933], [-76.256012, 3.038761], [-76.255601, 3.039308], [-76.255392, 3.039055], [-76.254864, 3.039209], [-76.25474, 3.038942], [-76.255171, 3.038336], [-76.254663, 3.037963], [-76.255075, 3.037862], [-76.255253, 3.038185], [-76.257148, 3.03615], [-76.257575, 3.035003], [-76.257632, 3.034567], [-76.257222, 3.034042], [-76.257525, 3.033641], [-76.258308, 3.035578], [-76.256366, 3.037609]]]}, "properties": {"zu_cnmbre": "LA SUSANA", "zu_narea": 58815.8029372, "zu_nano": 2025}},{"type": "Feature", "geometry": {"type": "Polygon", "coordinates": [[[-76.250953, 2.990401], [-76.251389, 2.989829], [-76.254491, 2.989534], [-76.253849, 2.990158], [-76.25266, 2.990249], [-76.25266, 2.990498], [-76.252398, 2.990508], [-76.252304, 2.989937], [-76.251146, 2.990262], [-76.252714, 2.991465], [-76.25266, 2.992005], [-76.253201, 2.992633], [-76.252798, 2.992946], [-76.252139, 2.991869], [-76.25167, 2.991542], [-76.251266, 2.991766], [-76.250654, 2.991283], [-76.250953, 2.990401]]]}, "properties": {"zu_cnmbre": "EL CONGO", "zu_narea": 46523.0174934, "zu_nano": 2025}},{"type": "Feature", "geometry": {"type": "Polygon", "coordinates": [[[-76.244913, 2.945431], [-76.243288, 2.944576], [-76.241993, 2.945293], [-76.241519, 2.945044], [-76.241143, 2.944221], [-76.240548, 2.94451], [-76.239943, 2.943468], [-76.240157, 2.94313], [-76.24099, 2.943489], [-76.241644, 2.944645], [-76.24191, 2.944213], [-76.2436, 2.943909], [-76.245462, 2.945067], [-76.244913, 2.945431]]]}, "properties": {"zu_cnmbre": "EL SESTEADERO", "zu_narea": 49360.0187623, "zu_nano": 2025}},{"type": "Feature", "geometry": {"type": "Polygon", "coordinates": [[[-76.234493, 3.012521], [-76.233876, 3.013295], [-76.233003, 3.012706], [-76.233197, 3.012341], [-76.232895, 3.011677], [-76.234493, 3.012521]]]}, "properties": {"zu_cnmbre": "CHIMICUETO", "zu_narea": 15431.6814385, "zu_nano": 2025}},{"type": "Feature", "geometry": {"type": "Polygon", "coordinates": [[[-76.232482, 3.04857], [-76.233597, 3.047766], [-76.234064, 3.046863], [-76.233981, 3.047912], [-76.232452, 3.049246], [-76.232001, 3.049124], [-76.232091, 3.048776], [-76.231429, 3.049246], [-76.230851, 3.04825], [-76.232073, 3.048146], [-76.232482, 3.04857]]]}, "properties": {"zu_cnmbre": "TRIUNFO", "zu_narea": 27118.5118496, "zu_nano": 2025}},{"type": "Feature", "geometry": {"type": "Polygon", "coordinates": [[[-76.226267, 3.020297], [-76.22618, 3.020845], [-76.225583, 3.020685], [-76.224133, 3.019635], [-76.224003, 3.01986], [-76.22201, 3.019165], [-76.22167, 3.018911], [-76.221862, 3.018374], [-76.224485, 3.019485], [-76.225241, 3.019468], [-76.22527, 3.020014], [-76.226267, 3.020297]]]}, "properties": {"zu_cnmbre": "ASOMADERO", "zu_narea": 38582.4246213, "zu_nano": 2025}},{"type": "Feature", "geometry": {"type": "Polygon", "coordinates": [[[-76.472374, 2.583407], [-76.47135, 2.584082], [-76.470816, 2.584005], [-76.470369, 2.583274], [-76.468882, 2.583923], [-76.468884, 2.583156], [-76.469518, 2.582531], [-76.469287, 2.582248], [-76.468392, 2.582347], [-76.468062, 2.581602], [-76.468754, 2.582074], [-76.469597, 2.58198], [-76.469512, 2.582233], [-76.470244, 2.582276], [-76.47052, 2.582024], [-76.470669, 2.582335], [-76.471721, 2.582448], [-76.472361, 2.582978], [-76.472374, 2.583407]]]}, "properties": {"zu_cnmbre": "JEBALÁ", "zu_narea": 56974.7129455, "zu_nano": 2025}},{"type": "Feature", "geometry": {"type": "Polygon", "coordinates": [[[-76.515082, 2.51276], [-76.516051, 2.511972], [-76.516303, 2.512165], [-76.516414, 2.512443], [-76.515582, 2.512957], [-76.515647, 2.513962], [-76.516198, 2.514209], [-76.515932, 2.514469], [-76.51526, 2.513477], [-76.514387, 2.513969], [-76.514377, 2.513301], [-76.513976, 2.513314], [-76.514234, 2.512811], [-76.515082, 2.51276]]]}, "properties": {"zu_cnmbre": "EL PORVENIR", "zu_narea": 24698.5182087, "zu_nano": 2025}},{"type": "Feature", "geometry": {"type": "Polygon", "coordinates": [[[-76.52797, 2.581925], [-76.526331, 2.583171], [-76.525837, 2.58318], [-76.525784, 2.582711], [-76.526608, 2.582565], [-76.527587, 2.581332], [-76.528177, 2.581249], [-76.528013, 2.579852], [-76.528789, 2.580858], [-76.529524, 2.580483], [-76.529665, 2.580045], [-76.529837, 2.580273], [-76.530432, 2.579693], [-76.530562, 2.579853], [-76.52908, 2.581027], [-76.528745, 2.581913], [-76.52797, 2.581925]]]}, "properties": {"zu_cnmbre": "ALTO BUENAVISTA", "zu_narea": 38973.2433649, "zu_nano": 2025}},{"type": "Feature", "geometry": {"type": "Polygon", "coordinates": [[[-76.507502, 2.563111], [-76.50771, 2.563395], [-76.507409, 2.56358], [-76.506487, 2.563105], [-76.504767, 2.563827], [-76.504787, 2.563493], [-76.502825, 2.562329], [-76.502958, 2.562014], [-76.501927, 2.56168], [-76.501854, 2.561926], [-76.500883, 2.561803], [-76.500913, 2.561484], [-76.499362, 2.561049], [-76.500372, 2.561011], [-76.500543, 2.560753], [-76.501459, 2.561433], [-76.502874, 2.561443], [-76.502678, 2.561742], [-76.503115, 2.561592], [-76.503467, 2.562107], [-76.504835, 2.562793], [-76.505081, 2.56346], [-76.505789, 2.563306], [-76.505856, 2.562957], [-76.507502, 2.563111]]]}, "properties": {"zu_cnmbre": "BUENAVISTA TATAWALA", "zu_narea": 46970.0181239, "zu_nano": 2025}},{"type": "Feature", "geometry": {"type": "Polygon", "coordinates": [[[-76.465776, 2.562057], [-76.465307, 2.560598], [-76.465571, 2.560518], [-76.466265, 2.562403], [-76.466946, 2.562668], [-76.466808, 2.563417], [-76.465527, 2.562324], [-76.465776, 2.562057]]]}, "properties": {"zu_cnmbre": "HATOVIEJO", "zu_narea": 18667.2135029, "zu_nano": 2025}},{"type": "Feature", "geometry": {"type": "Polygon", "coordinates": [[[-76.364994, 2.521399], [-76.365186, 2.520967], [-76.365881, 2.521032], [-76.366352, 2.520291], [-76.367233, 2.519811], [-76.367333, 2.519006], [-76.368206, 2.518233], [-76.367511, 2.519651], [-76.367707, 2.519984], [-76.368351, 2.519953], [-76.368244, 2.520561], [-76.367434, 2.52101], [-76.367801, 2.521066], [-76.367772, 2.521719], [-76.367314, 2.521803], [-76.36744, 2.522057], [-76.366195, 2.522348], [-76.36614, 2.522657], [-76.36652, 2.522851], [-76.365019, 2.522843], [-76.364731, 2.522138], [-76.365237, 2.521772], [-76.364994, 2.521399]]]}, "properties": {"zu_cnmbre": "PEDRAGAL", "zu_narea": 81344.0195485, "zu_nano": 2025}},{"type": "Feature", "geometry": {"type": "Polygon", "coordinates": [[[-76.404801, 2.488577], [-76.406123, 2.487923], [-76.407013, 2.488265], [-76.406991, 2.489055], [-76.407674, 2.488543], [-76.407984, 2.489091], [-76.407437, 2.489539], [-76.406853, 2.489541], [-76.406267, 2.488935], [-76.405835, 2.489915], [-76.405412, 2.489789], [-76.405518, 2.489466], [-76.404266, 2.489324], [-76.404256, 2.488935], [-76.404004, 2.489289], [-76.404096, 2.490586], [-76.403548, 2.489852], [-76.4028, 2.48979], [-76.403008, 2.489144], [-76.402021, 2.488426], [-76.402902, 2.487639], [-76.402771, 2.487054], [-76.403268, 2.486402], [-76.402414, 2.485091], [-76.402905, 2.484814], [-76.403575, 2.485575], [-76.403477, 2.486915], [-76.403962, 2.486885], [-76.403948, 2.487587], [-76.404361, 2.487733], [-76.404801, 2.488577]]]}, "properties": {"zu_cnmbre": "POLINDARÁ", "zu_narea": 123251.109129, "zu_nano": 2025}},{"type": "Feature", "geometry": {"type": "Polygon", "coordinates": [[[-76.528855, 2.516513], [-76.527198, 2.516589], [-76.526927, 2.516337], [-76.52719, 2.516018], [-76.527011, 2.515772], [-76.526385, 2.515691], [-76.526398, 2.514607], [-76.525318, 2.513962], [-76.52553, 2.513758], [-76.524336, 2.512986], [-76.524429, 2.512708], [-76.525571, 2.512737], [-76.526109, 2.51349], [-76.525868, 2.513955], [-76.526333, 2.514225], [-76.526616, 2.513952], [-76.527147, 2.51406], [-76.527663, 2.514545], [-76.528366, 2.514638], [-76.528159, 2.515003], [-76.529507, 2.516046], [-76.52982, 2.515427], [-76.531609, 2.517264], [-76.530507, 2.517755], [-76.530019, 2.517057], [-76.528855, 2.516513]]]}, "properties": {"zu_cnmbre": "BAJO PALACÉ", "zu_narea": 108165.86922, "zu_nano": 2025}},{"type": "Feature", "geometry": {"type": "Polygon", "coordinates": [[[-76.377463, 2.510428], [-76.374378, 2.511764], [-76.374419, 2.51214], [-76.373305, 2.512179], [-76.373341, 2.512461], [-76.372556, 2.513055], [-76.372848, 2.513226], [-76.372359, 2.513801], [-76.371582, 2.513113], [-76.372585, 2.511917], [-76.372258, 2.511635], [-76.372247, 2.511343], [-76.372595, 2.511352], [-76.372476, 2.51065], [-76.373396, 2.510835], [-76.373578, 2.510202], [-76.374019, 2.510096], [-76.374395, 2.510543], [-76.375423, 2.510533], [-76.375563, 2.510241], [-76.375162, 2.50984], [-76.375715, 2.509233], [-76.375631, 2.508878], [-76.376096, 2.508764], [-76.377463, 2.510428]]]}, "properties": {"zu_cnmbre": "BETANIA", "zu_narea": 108459.715181, "zu_nano": 2025}},{"type": "Feature", "geometry": {"type": "MultiPolygon", "coordinates": [[[[-76.362837, 2.526249], [-76.362912, 2.525031], [-76.363616, 2.524971], [-76.364093, 2.525628], [-76.363954, 2.526146], [-76.363118, 2.526489], [-76.362837, 2.526249]]], [[[-76.359315, 2.526912], [-76.358603, 2.525967], [-76.358139, 2.525971], [-76.358017, 2.525394], [-76.358747, 2.52555], [-76.359207, 2.526105], [-76.359441, 2.525613], [-76.359826, 2.525941], [-76.36068, 2.52554], [-76.36135, 2.526096], [-76.361161, 2.52659], [-76.360513, 2.526433], [-76.35984, 2.527027], [-76.359315, 2.526912]]]]}, "properties": {"zu_cnmbre": "GALLINAZO", "zu_narea": 48209.7932977, "zu_nano": 2025}},{"type": "Feature", "geometry": {"type": "Polygon", "coordinates": [[[-76.317482, 2.520604], [-76.317492, 2.520134], [-76.317187, 2.520061], [-76.316777, 2.520487], [-76.316086, 2.519899], [-76.316675, 2.51954], [-76.316495, 2.519283], [-76.318039, 2.518473], [-76.318902, 2.518774], [-76.319621, 2.520033], [-76.320679, 2.520312], [-76.316549, 2.521553], [-76.317482, 2.520604]]]}, "properties": {"zu_cnmbre": "SAN PEDRO DEL BOSQUE", "zu_narea": 76866.67485, "zu_nano": 2025}},{"type": "Feature", "geometry": {"type": "Polygon", "coordinates": [[[-76.628391, 2.705768], [-76.627302, 2.7064], [-76.627402, 2.706944], [-76.626108, 2.706931], [-76.624959, 2.707372], [-76.626506, 2.708779], [-76.625429, 2.708884], [-76.625247, 2.708675], [-76.625473, 2.708469], [-76.624537, 2.707598], [-76.624577, 2.707289], [-76.622653, 2.70804], [-76.621726, 2.707947], [-76.620874, 2.708428], [-76.620604, 2.707881], [-76.620178, 2.707792], [-76.619218, 2.707984], [-76.619119, 2.707698], [-76.618471, 2.707657], [-76.618349, 2.707975], [-76.617165, 2.708056], [-76.616744, 2.707796], [-76.616714, 2.707151], [-76.615748, 2.706258], [-76.615791, 2.70486], [-76.615439, 2.704888], [-76.614857, 2.704087], [-76.611282, 2.702406], [-76.609956, 2.702765], [-76.609457, 2.701899], [-76.612421, 2.702515], [-76.613223, 2.702995], [-76.613447, 2.702797], [-76.61551, 2.704135], [-76.615676, 2.70391], [-76.616437, 2.704837], [-76.61608, 2.705011], [-76.615997, 2.70578], [-76.6173, 2.707713], [-76.618698, 2.70738], [-76.621486, 2.707587], [-76.623351, 2.707205], [-76.623512, 2.70685], [-76.624045, 2.707001], [-76.624388, 2.706663], [-76.625264, 2.707069], [-76.627208, 2.705872], [-76.628391, 2.705768]]]}, "properties": {"zu_cnmbre": "LOMA CORTA", "zu_narea": 129513.290794, "zu_nano": 2025}},{"type": "Feature", "geometry": {"type": "Polygon", "coordinates": [[[-76.636233, 2.721897], [-76.636506, 2.721781], [-76.637417, 2.722625], [-76.638573, 2.722779], [-76.639888, 2.722179], [-76.640388, 2.722275], [-76.64039, 2.722001], [-76.642529, 2.722418], [-76.643068, 2.721767], [-76.643994, 2.721592], [-76.644227, 2.721027], [-76.644673, 2.72121], [-76.644556, 2.721428], [-76.645743, 2.722897], [-76.647353, 2.722915], [-76.647502, 2.722603], [-76.647987, 2.723212], [-76.649314, 2.723736], [-76.649045, 2.72395], [-76.64751, 2.723178], [-76.646172, 2.723065], [-76.646721, 2.723466], [-76.64618, 2.723762], [-76.646128, 2.72351], [-76.64558, 2.723546], [-76.644624, 2.722117], [-76.643803, 2.721853], [-76.643199, 2.722018], [-76.643058, 2.722781], [-76.64207, 2.723424], [-76.640472, 2.722767], [-76.639629, 2.722768], [-76.639195, 2.723055], [-76.639436, 2.723396], [-76.638709, 2.724142], [-76.638498, 2.723452], [-76.637267, 2.723399], [-76.637124, 2.724389], [-76.636831, 2.724489], [-76.636788, 2.723286], [-76.636451, 2.722836], [-76.635647, 2.722732], [-76.635723, 2.721975], [-76.635292, 2.721467], [-76.634195, 2.72118], [-76.633507, 2.721601], [-76.633023, 2.720789], [-76.631668, 2.720321], [-76.631414, 2.719062], [-76.632063, 2.718542], [-76.633286, 2.718246], [-76.633451, 2.717621], [-76.633717, 2.717632], [-76.633552, 2.716992], [-76.633842, 2.716928], [-76.633891, 2.717599], [-76.634119, 2.717596], [-76.635057, 2.71691], [-76.635139, 2.714692], [-76.635577, 2.714528], [-76.635548, 2.713956], [-76.637115, 2.713214], [-76.637992, 2.714265], [-76.63759, 2.71495], [-76.636996, 2.714412], [-76.637191, 2.713796], [-76.636338, 2.714102], [-76.63649, 2.715547], [-76.636355, 2.71578], [-76.63583, 2.715546], [-76.635548, 2.716737], [-76.635805, 2.716829], [-76.635441, 2.717492], [-76.635104, 2.71749], [-76.635072, 2.717978], [-76.635266, 2.718142], [-76.63601, 2.717733], [-76.636694, 2.717906], [-76.636944, 2.718072], [-76.636823, 2.718453], [-76.635966, 2.718228], [-76.635295, 2.718673], [-76.634817, 2.718698], [-76.634584, 2.718356], [-76.633767, 2.718864], [-76.63242, 2.718687], [-76.631663, 2.719244], [-76.632699, 2.720154], [-76.633285, 2.720152], [-76.633819, 2.720836], [-76.636122, 2.721239], [-76.636233, 2.721897]]]}, "properties": {"zu_cnmbre": "SAN MIGUEL", "zu_narea": 252088.212726, "zu_nano": 2025}},{"type": "Feature", "geometry": {"type": "MultiPolygon", "coordinates": [[[[-76.263494, 3.03854], [-76.263474, 3.03809], [-76.264198, 3.03781], [-76.26476, 3.038308], [-76.264534, 3.038332], [-76.264985, 3.039459], [-76.265918, 3.040125], [-76.26573, 3.040402], [-76.264464, 3.039638], [-76.264034, 3.038737], [-76.263494, 3.03854]]], [[[-76.267014, 3.040409], [-76.267222, 3.039073], [-76.266845, 3.037478], [-76.267256, 3.037285], [-76.267546, 3.037432], [-76.26758, 3.038221], [-76.268104, 3.039196], [-76.267745, 3.040164], [-76.267014, 3.040409]]]]}, "properties": {"zu_cnmbre": "EL TRAPICHE", "zu_narea": 49197.3967798, "zu_nano": 2025}},{"type": "Feature", "geometry": {"type": "MultiPolygon", "coordinates": [[[[-76.243827, 3.008246], [-76.244914, 3.006693], [-76.244901, 3.005778], [-76.24433, 3.005604], [-76.244208, 3.004748], [-76.244692, 3.00489], [-76.244678, 3.003419], [-76.244997, 3.003356], [-76.245569, 3.004391], [-76.245732, 3.004088], [-76.246012, 3.004192], [-76.246588, 3.005539], [-76.246107, 3.005866], [-76.245762, 3.005549], [-76.245653, 3.006569], [-76.246132, 3.006665], [-76.245384, 3.007739], [-76.244399, 3.007918], [-76.24386, 3.008602], [-76.243827, 3.008246]]], [[[-76.242519, 3.012336], [-76.243772, 3.010802], [-76.244028, 3.010974], [-76.244068, 3.010605], [-76.243488, 3.009608], [-76.243528, 3.008941], [-76.244977, 3.010542], [-76.244709, 3.011344], [-76.243408, 3.011519], [-76.24275, 3.012477], [-76.242519, 3.012336]]]]}, "properties": {"zu_cnmbre": "SAN DIEGO", "zu_narea": 93926.8064989, "zu_nano": 2025}},{"type": "Feature", "geometry": {"type": "Polygon", "coordinates": [[[-76.247782, 3.048647], [-76.247086, 3.050146], [-76.246789, 3.049687], [-76.24719, 3.048164], [-76.24693, 3.047644], [-76.24655, 3.047529], [-76.24643, 3.047914], [-76.245444, 3.047715], [-76.245253, 3.048218], [-76.24436, 3.048118], [-76.244425, 3.047592], [-76.245009, 3.047222], [-76.245242, 3.046432], [-76.245917, 3.045729], [-76.246982, 3.046903], [-76.2472, 3.046613], [-76.247518, 3.046782], [-76.247097, 3.047544], [-76.247534, 3.048383], [-76.248396, 3.047022], [-76.248894, 3.046758], [-76.24941, 3.047264], [-76.247782, 3.048647]]]}, "properties": {"zu_cnmbre": "LA CAPILLA", "zu_narea": 76953.146507, "zu_nano": 2025}},{"type": "Feature", "geometry": {"type": "Polygon", "coordinates": [[[-76.238861, 3.002302], [-76.238458, 3.001165], [-76.238141, 3.001124], [-76.238246, 3.000473], [-76.237848, 3.000301], [-76.238124, 3.000095], [-76.237345, 2.999274], [-76.237604, 2.999041], [-76.238083, 2.999391], [-76.238491, 2.998943], [-76.238945, 2.999316], [-76.238742, 2.999655], [-76.239368, 3.000462], [-76.240751, 3.000676], [-76.240297, 3.00091], [-76.24015, 3.001695], [-76.238861, 3.002302]]]}, "properties": {"zu_cnmbre": "LA ALBANIA", "zu_narea": 58638.7858731, "zu_nano": 2025}},{"type": "Feature", "geometry": {"type": "Polygon", "coordinates": [[[-76.239894, 3.02902], [-76.237626, 3.027969], [-76.236896, 3.028706], [-76.237458, 3.027939], [-76.235401, 3.028642], [-76.235374, 3.028015], [-76.235012, 3.028138], [-76.234674, 3.027577], [-76.235493, 3.026314], [-76.236378, 3.026393], [-76.236716, 3.027118], [-76.23715, 3.027256], [-76.238314, 3.027218], [-76.239049, 3.026743], [-76.239809, 3.027423], [-76.240987, 3.027077], [-76.240749, 3.027701], [-76.239867, 3.028388], [-76.239504, 3.028204], [-76.239777, 3.028883], [-76.240235, 3.02892], [-76.239894, 3.02902]]]}, "properties": {"zu_cnmbre": "GALLINAZAS", "zu_narea": 96768.1666723, "zu_nano": 2025}},{"type": "Feature", "geometry": {"type": "Polygon", "coordinates": [[[-76.234191, 3.039449], [-76.233624, 3.040045], [-76.234647, 3.040231], [-76.234909, 3.040559], [-76.234647, 3.041152], [-76.233838, 3.040795], [-76.233129, 3.039782], [-76.232672, 3.039868], [-76.232194, 3.0391], [-76.232557, 3.038737], [-76.23284, 3.037024], [-76.233751, 3.037016], [-76.234414, 3.036453], [-76.235674, 3.037182], [-76.233831, 3.038051], [-76.23363, 3.03896], [-76.233876, 3.039479], [-76.234191, 3.039449]]]}, "properties": {"zu_cnmbre": "SOTO", "zu_narea": 76190.3178632, "zu_nano": 2025}},{"type": "Feature", "geometry": {"type": "MultiPolygon", "coordinates": [[[[-76.239065, 3.046018], [-76.239089, 3.043894], [-76.239425, 3.043655], [-76.239954, 3.043913], [-76.240052, 3.04444], [-76.239673, 3.044597], [-76.23959, 3.045682], [-76.239305, 3.045567], [-76.239065, 3.046018]]], [[[-76.238537, 3.046878], [-76.238894, 3.04619], [-76.239172, 3.04625], [-76.238696, 3.047116], [-76.238537, 3.046878]]], [[[-76.237533, 3.052109], [-76.236858, 3.052537], [-76.23753, 3.050979], [-76.237187, 3.050564], [-76.238953, 3.047323], [-76.238965, 3.048048], [-76.238394, 3.049663], [-76.238152, 3.04959], [-76.238049, 3.050959], [-76.237546, 3.051309], [-76.237801, 3.052262], [-76.237533, 3.052109]]]]}, "properties": {"zu_cnmbre": "GARGANTILLAS", "zu_narea": 49965.6723035, "zu_nano": 2025}},{"type": "Feature", "geometry": {"type": "Polygon", "coordinates": [[[-76.22028, 2.917221], [-76.217745, 2.917359], [-76.217127, 2.916506], [-76.219517, 2.916642], [-76.220152, 2.916482], [-76.220496, 2.916], [-76.221179, 2.91605], [-76.22165, 2.916553], [-76.221652, 2.917343], [-76.221187, 2.917305], [-76.220746, 2.916796], [-76.22028, 2.917221]]]}, "properties": {"zu_cnmbre": "PUENTE QUEMADO", "zu_narea": 41164.4690762, "zu_nano": 2025}},{"type": "Feature", "geometry": {"type": "Polygon", "coordinates": [[[-76.217352, 3.04948], [-76.217579, 3.048367], [-76.216926, 3.047994], [-76.217639, 3.047501], [-76.218576, 3.045632], [-76.219823, 3.045324], [-76.219777, 3.044804], [-76.220225, 3.045849], [-76.221217, 3.04575], [-76.221373, 3.046061], [-76.22493, 3.045683], [-76.224878, 3.045334], [-76.225673, 3.04535], [-76.226246, 3.044597], [-76.227446, 3.045108], [-76.22804, 3.044534], [-76.227428, 3.04445], [-76.227775, 3.044125], [-76.228013, 3.044377], [-76.229188, 3.043352], [-76.229992, 3.044084], [-76.229019, 3.045341], [-76.226656, 3.046775], [-76.226338, 3.047529], [-76.225195, 3.046824], [-76.224274, 3.047641], [-76.222428, 3.048152], [-76.222067, 3.047684], [-76.219645, 3.047961], [-76.218912, 3.047598], [-76.218975, 3.048638], [-76.218401, 3.048428], [-76.218463, 3.049233], [-76.217352, 3.04948]]]}, "properties": {"zu_cnmbre": "LA PLAYA", "zu_narea": 311307.480837, "zu_nano": 2025}},{"type": "Feature", "geometry": {"type": "Polygon", "coordinates": [[[-76.210074, 3.016399], [-76.209275, 3.016036], [-76.209183, 3.015241], [-76.208315, 3.014435], [-76.208619, 3.012581], [-76.209211, 3.012691], [-76.209391, 3.012247], [-76.210155, 3.012402], [-76.210277, 3.011905], [-76.211062, 3.012403], [-76.211863, 3.012359], [-76.212229, 3.011832], [-76.213271, 3.013281], [-76.21305, 3.013827], [-76.212418, 3.013675], [-76.212119, 3.014489], [-76.210062, 3.013811], [-76.209615, 3.014322], [-76.210356, 3.014798], [-76.209829, 3.015458], [-76.210375, 3.015301], [-76.210964, 3.016262], [-76.210074, 3.016399]]]}, "properties": {"zu_cnmbre": "LA TOLDA", "zu_narea": 132586.712315, "zu_nano": 2025}},{"type": "Feature", "geometry": {"type": "Polygon", "coordinates": [[[-76.205541, 3.006768], [-76.205848, 3.006397], [-76.206237, 3.006515], [-76.205846, 3.007599], [-76.206943, 3.008234], [-76.206577, 3.008876], [-76.207085, 3.00932], [-76.206063, 3.009136], [-76.205973, 3.009386], [-76.20536, 3.008803], [-76.20385, 3.008193], [-76.20442, 3.007197], [-76.204962, 3.007469], [-76.204849, 3.006598], [-76.205541, 3.006768]]]}, "properties": {"zu_cnmbre": "LA CALERA", "zu_narea": 56154.7369399, "zu_nano": 2025}},{"type": "Feature", "geometry": {"type": "Polygon", "coordinates": [[[-76.052089, 2.463466], [-76.051417, 2.462856], [-76.052094, 2.461933], [-76.051865, 2.461598], [-76.053739, 2.460703], [-76.054848, 2.45978], [-76.054684, 2.459614], [-76.054997, 2.459393], [-76.054645, 2.459049], [-76.054911, 2.458625], [-76.055441, 2.458376], [-76.056218, 2.458737], [-76.056416, 2.458635], [-76.056205, 2.457996], [-76.057056, 2.457835], [-76.057141, 2.458504], [-76.05525, 2.459685], [-76.054124, 2.461442], [-76.052478, 2.462791], [-76.052089, 2.463466]]]}, "properties": {"zu_cnmbre": "SANTA TERESA", "zu_narea": 74835.2027842, "zu_nano": 2025}},{"type": "Feature", "geometry": {"type": "Polygon", "coordinates": [[[-76.081573, 2.527911], [-76.081148, 2.528007], [-76.080859, 2.528714], [-76.081203, 2.529134], [-76.080818, 2.529551], [-76.080591, 2.52939], [-76.080343, 2.529927], [-76.07948, 2.530157], [-76.079347, 2.529168], [-76.078987, 2.528932], [-76.079256, 2.52876], [-76.07912, 2.528246], [-76.07951, 2.527208], [-76.08012, 2.527055], [-76.080508, 2.527736], [-76.081573, 2.527911]]]}, "properties": {"zu_cnmbre": "GUANACAS", "zu_narea": 54900.7175392, "zu_nano": 2025}},{"type": "Feature", "geometry": {"type": "Polygon", "coordinates": [[[-76.037776, 2.470328], [-76.039989, 2.46878], [-76.040433, 2.468842], [-76.04038, 2.469483], [-76.040965, 2.469646], [-76.040957, 2.470075], [-76.03984, 2.469585], [-76.039494, 2.470295], [-76.039129, 2.469976], [-76.038808, 2.470351], [-76.038462, 2.471539], [-76.037982, 2.471621], [-76.037608, 2.470791], [-76.037776, 2.470328]]]}, "properties": {"zu_cnmbre": "SAN MIGUEL", "zu_narea": 37167.2143646, "zu_nano": 2025}},{"type": "Feature", "geometry": {"type": "Polygon", "coordinates": [[[-76.013522, 2.556209], [-76.013842, 2.554753], [-76.012457, 2.55344], [-76.012675, 2.553031], [-76.011967, 2.552532], [-76.012113, 2.552356], [-76.012898, 2.552856], [-76.013702, 2.552658], [-76.013918, 2.553725], [-76.015988, 2.552102], [-76.016219, 2.552389], [-76.015795, 2.55295], [-76.015315, 2.553314], [-76.015164, 2.553081], [-76.014723, 2.554038], [-76.014024, 2.554405], [-76.014178, 2.555203], [-76.014462, 2.555172], [-76.014434, 2.556033], [-76.013522, 2.556209]]]}, "properties": {"zu_cnmbre": "SEGOVIA", "zu_narea": 53289.9869365, "zu_nano": 2025}},{"type": "Feature", "geometry": {"type": "Polygon", "coordinates": [[[-76.0979, 2.523011], [-76.098713, 2.523112], [-76.098775, 2.523386], [-76.098337, 2.523316], [-76.097763, 2.525083], [-76.097381, 2.524947], [-76.09762, 2.524295], [-76.096757, 2.52444], [-76.096242, 2.524647], [-76.096152, 2.525331], [-76.094725, 2.526155], [-76.093985, 2.526182], [-76.09387, 2.526831], [-76.093137, 2.526826], [-76.093307, 2.525824], [-76.092685, 2.525548], [-76.092667, 2.524948], [-76.093226, 2.525043], [-76.095542, 2.524226], [-76.096533, 2.523364], [-76.096577, 2.522963], [-76.097725, 2.523247], [-76.0979, 2.523011]]]}, "properties": {"zu_cnmbre": "EL CABUYO", "zu_narea": 100867.54587, "zu_nano": 2025}},{"type": "Feature", "geometry": {"type": "Polygon", "coordinates": [[[-76.064523, 2.451744], [-76.064785, 2.451935], [-76.064857, 2.454035], [-76.063978, 2.455404], [-76.063627, 2.455106], [-76.063701, 2.454098], [-76.063324, 2.453957], [-76.063374, 2.453014], [-76.063902, 2.453041], [-76.063869, 2.452142], [-76.064523, 2.451744]]]}, "properties": {"zu_cnmbre": "YARUMAL", "zu_narea": 42495.480663, "zu_nano": 2025}},{"type": "Feature", "geometry": {"type": "Polygon", "coordinates": [[[-76.066199, 2.577197], [-76.06539, 2.577279], [-76.064907, 2.578095], [-76.063787, 2.578647], [-76.062711, 2.578474], [-76.062986, 2.577922], [-76.064389, 2.577727], [-76.065233, 2.576888], [-76.066199, 2.577197]]]}, "properties": {"zu_cnmbre": "LOMITAS", "zu_narea": 22701.8945175, "zu_nano": 2025}},{"type": "Feature", "geometry": {"type": "MultiPolygon", "coordinates": [[[[-76.056334, 2.480273], [-76.055866, 2.480094], [-76.057713, 2.479937], [-76.057218, 2.479216], [-76.058247, 2.477635], [-76.058557, 2.477622], [-76.059122, 2.478664], [-76.058383, 2.479956], [-76.056334, 2.480273]]], [[[-76.055858, 2.481475], [-76.054979, 2.481042], [-76.055409, 2.480498], [-76.05553, 2.481015], [-76.056022, 2.481285], [-76.056317, 2.483084], [-76.055858, 2.481475]]]]}, "properties": {"zu_cnmbre": "EL RINCÓN", "zu_narea": 45696.529371, "zu_nano": 2025}},{"type": "Feature", "geometry": {"type": "Polygon", "coordinates": [[[-76.058884, 2.521297], [-76.059003, 2.521683], [-76.058188, 2.522478], [-76.057831, 2.521108], [-76.058913, 2.521005], [-76.059138, 2.521182], [-76.058884, 2.521297]]]}, "properties": {"zu_cnmbre": "LA PALMA", "zu_narea": 13643.2273299, "zu_nano": 2025}},{"type": "Feature", "geometry": {"type": "Polygon", "coordinates": [[[-76.063354, 2.55193], [-76.064132, 2.553442], [-76.06365, 2.553518], [-76.062929, 2.554453], [-76.062253, 2.554689], [-76.063154, 2.553674], [-76.062862, 2.553559], [-76.062486, 2.553906], [-76.062112, 2.553465], [-76.062419, 2.553229], [-76.062776, 2.55174], [-76.063354, 2.55193]]]}, "properties": {"zu_cnmbre": "EL GUAYABAL", "zu_narea": 32766.129173, "zu_nano": 2025}},{"type": "Feature", "geometry": {"type": "MultiPolygon", "coordinates": [[[[-76.04608, 2.595168], [-76.045891, 2.596112], [-76.045769, 2.596242], [-76.045462, 2.595944], [-76.045847, 2.595629], [-76.045575, 2.595384], [-76.04608, 2.595168]]], [[[-76.046479, 2.599076], [-76.046883, 2.597894], [-76.045673, 2.597295], [-76.045989, 2.596073], [-76.046346, 2.596815], [-76.047943, 2.597738], [-76.047709, 2.598422], [-76.04711, 2.59851], [-76.046479, 2.599076]]], [[[-76.045898, 2.601087], [-76.046329, 2.599376], [-76.047658, 2.599776], [-76.046857, 2.601234], [-76.045898, 2.601087]]]]}, "properties": {"zu_cnmbre": "EL MESÓN", "zu_narea": 60812.6876199, "zu_nano": 2025}},{"type": "Feature", "geometry": {"type": "Polygon", "coordinates": [[[-76.034041, 2.557351], [-76.033224, 2.557666], [-76.031488, 2.55944], [-76.030674, 2.557925], [-76.029773, 2.558471], [-76.029417, 2.557797], [-76.029822, 2.556999], [-76.0304, 2.557229], [-76.030638, 2.556785], [-76.031419, 2.557037], [-76.031336, 2.557272], [-76.032459, 2.557988], [-76.033689, 2.557027], [-76.033941, 2.556936], [-76.034041, 2.557351]]]}, "properties": {"zu_cnmbre": "EL LLANITO", "zu_narea": 56342.9888183, "zu_nano": 2025}},{"type": "Feature", "geometry": {"type": "Polygon", "coordinates": [[[-76.03929, 2.556851], [-76.037619, 2.556592], [-76.037455, 2.556792], [-76.037165, 2.556462], [-76.037554, 2.556124], [-76.037614, 2.556358], [-76.038111, 2.556236], [-76.037775, 2.554671], [-76.038414, 2.554633], [-76.038633, 2.555315], [-76.039431, 2.554874], [-76.039551, 2.55511], [-76.04072, 2.554265], [-76.040951, 2.55475], [-76.042188, 2.555196], [-76.041338, 2.555831], [-76.041064, 2.555464], [-76.040346, 2.555894], [-76.040395, 2.55677], [-76.039801, 2.556493], [-76.03929, 2.556851]]]}, "properties": {"zu_cnmbre": "EL HATO", "zu_narea": 75168.7492904, "zu_nano": 2025}},{"type": "Feature", "geometry": {"type": "Polygon", "coordinates": [[[-76.054156, 2.55316], [-76.053984, 2.553559], [-76.054287, 2.55381], [-76.053726, 2.553685], [-76.052653, 2.55408], [-76.051817, 2.553743], [-76.051809, 2.553982], [-76.050317, 2.553851], [-76.050787, 2.553492], [-76.050628, 2.552646], [-76.05177, 2.553254], [-76.05244, 2.552378], [-76.053191, 2.552443], [-76.054156, 2.55316]]]}, "properties": {"zu_cnmbre": "SAN FRANCISCO", "zu_narea": 46842.5305242, "zu_nano": 2025}},{"type": "Feature", "geometry": {"type": "Polygon", "coordinates": [[[-76.04774, 2.555516], [-76.047503, 2.554721], [-76.045793, 2.554005], [-76.046035, 2.554735], [-76.045242, 2.55521], [-76.044938, 2.554772], [-76.045432, 2.554776], [-76.045452, 2.554539], [-76.044099, 2.554004], [-76.045651, 2.55363], [-76.045626, 2.553835], [-76.047335, 2.554093], [-76.047514, 2.554584], [-76.048193, 2.554291], [-76.048886, 2.555131], [-76.04774, 2.555516]]]}, "properties": {"zu_cnmbre": "BRISAS DEL RIO ULLUCOS", "zu_narea": 35296.241415, "zu_nano": 2025}},{"type": "Feature", "geometry": {"type": "MultiPolygon", "coordinates": [[[[-76.038569, 2.583734], [-76.039496, 2.582918], [-76.040149, 2.583263], [-76.040738, 2.583183], [-76.039981, 2.583855], [-76.039547, 2.583515], [-76.038699, 2.583924], [-76.038569, 2.583734]]], [[[-76.040644, 2.584862], [-76.03974, 2.584195], [-76.040697, 2.584706], [-76.041469, 2.584191], [-76.041891, 2.584173], [-76.040644, 2.584862]]]]}, "properties": {"zu_cnmbre": "EL PICACHO", "zu_narea": 16480.4553845, "zu_nano": 2025}},{"type": "Feature", "geometry": {"type": "Polygon", "coordinates": [[[-76.030268, 2.583847], [-76.030643, 2.583625], [-76.030814, 2.583857], [-76.029915, 2.584868], [-76.029151, 2.584872], [-76.028929, 2.584591], [-76.029413, 2.584679], [-76.029471, 2.584319], [-76.028601, 2.583997], [-76.028878, 2.583673], [-76.028219, 2.583249], [-76.028488, 2.58275], [-76.029295, 2.583878], [-76.030084, 2.583596], [-76.030268, 2.583847]]]}, "properties": {"zu_cnmbre": "POTRERITO", "zu_narea": 22827.6833674, "zu_nano": 2025}},{"type": "Feature", "geometry": {"type": "Polygon", "coordinates": [[[-76.026283, 2.564495], [-76.026382, 2.563816], [-76.025817, 2.563204], [-76.026, 2.562901], [-76.02728, 2.563121], [-76.027088, 2.56344], [-76.027582, 2.563422], [-76.027525, 2.564672], [-76.027157, 2.564386], [-76.027034, 2.564698], [-76.026283, 2.564495]]]}, "properties": {"zu_cnmbre": "CEDRALIA", "zu_narea": 25699.4495268, "zu_nano": 2025}},{"type": "Feature", "geometry": {"type": "Polygon", "coordinates": [[[-76.019809, 2.563073], [-76.018441, 2.561736], [-76.018089, 2.560289], [-76.018588, 2.561194], [-76.019056, 2.561222], [-76.019258, 2.561792], [-76.020509, 2.562627], [-76.02015, 2.562994], [-76.020358, 2.563256], [-76.019619, 2.563638], [-76.019809, 2.563073]]]}, "properties": {"zu_cnmbre": "CAPICISGO", "zu_narea": 23940.9313091, "zu_nano": 2025}},{"type": "Feature", "geometry": {"type": "MultiPolygon", "coordinates": [[[[-76.008904, 2.55493], [-76.008809, 2.554006], [-76.009152, 2.553801], [-76.009646, 2.5541], [-76.0095, 2.554306], [-76.010049, 2.554253], [-76.010092, 2.554491], [-76.009313, 2.554657], [-76.009307, 2.554923], [-76.008904, 2.55493]]], [[[-76.002868, 2.556025], [-76.001231, 2.555689], [-76.001083, 2.555903], [-75.99969, 2.555109], [-75.999013, 2.555495], [-75.998781, 2.555243], [-75.998483, 2.555592], [-75.998344, 2.55534], [-75.999388, 2.554632], [-75.999488, 2.554867], [-76.000647, 2.554838], [-76.00113, 2.554438], [-76.002006, 2.555397], [-76.003269, 2.555669], [-76.002868, 2.556025]]], [[[-76.004029, 2.556006], [-76.005391, 2.55542], [-76.005563, 2.555766], [-76.004281, 2.556297], [-76.004029, 2.556006]]]]}, "properties": {"zu_cnmbre": "QUIGUANAS", "zu_narea": 52101.1646421, "zu_nano": 2025}},{"type": "Feature", "geometry": {"type": "MultiPolygon", "coordinates": [[[[-76.210677, 3.206367], [-76.210973, 3.20563], [-76.211744, 3.205663], [-76.213242, 3.205085], [-76.211998, 3.206264], [-76.210677, 3.206367]]], [[[-76.207663, 3.209846], [-76.206573, 3.209559], [-76.206691, 3.20917], [-76.207122, 3.209261], [-76.20722, 3.208954], [-76.207893, 3.208766], [-76.207959, 3.208359], [-76.208296, 3.208354], [-76.2083, 3.207943], [-76.207798, 3.207927], [-76.207951, 3.207339], [-76.208935, 3.207028], [-76.209049, 3.206508], [-76.208196, 3.206491], [-76.208216, 3.206177], [-76.208727, 3.206285], [-76.208672, 3.205847], [-76.209044, 3.205653], [-76.210342, 3.205878], [-76.209856, 3.206979], [-76.20906, 3.207443], [-76.209091, 3.208243], [-76.207663, 3.209846]]]]}, "properties": {"zu_cnmbre": "CARAQUEÑO", "zu_narea": 71442.8174632, "zu_nano": 2025}},{"type": "Feature", "geometry": {"type": "MultiPolygon", "coordinates": [[[[-76.202457, 3.222397], [-76.201946, 3.22085], [-76.201618, 3.220825], [-76.202021, 3.217907], [-76.201502, 3.217438], [-76.202273, 3.216838], [-76.202386, 3.215682], [-76.201976, 3.215475], [-76.202071, 3.215268], [-76.202475, 3.215163], [-76.2028, 3.214458], [-76.20303, 3.214632], [-76.203305, 3.214332], [-76.202588, 3.213794], [-76.203299, 3.213401], [-76.202942, 3.212972], [-76.203815, 3.212639], [-76.202426, 3.212208], [-76.202327, 3.21191], [-76.202695, 3.211658], [-76.204541, 3.212251], [-76.204485, 3.212505], [-76.205085, 3.212875], [-76.203533, 3.216079], [-76.204876, 3.218386], [-76.2042, 3.219104], [-76.203764, 3.219017], [-76.202537, 3.219899], [-76.202457, 3.222397]]], [[[-76.20247, 3.223307], [-76.202721, 3.223867], [-76.202594, 3.22451], [-76.202255, 3.22448], [-76.20247, 3.223307]]]]}, "properties": {"zu_cnmbre": "MONTERREDONDO", "zu_narea": 199549.426041, "zu_nano": 2025}},{"type": "Feature", "geometry": {"type": "Polygon", "coordinates": [[[-76.230687, 3.23439], [-76.230414, 3.234353], [-76.230241, 3.234895], [-76.230023, 3.234051], [-76.230251, 3.233638], [-76.229814, 3.232461], [-76.229366, 3.231626], [-76.229007, 3.231916], [-76.228773, 3.231256], [-76.229318, 3.230679], [-76.22902, 3.229902], [-76.228249, 3.230181], [-76.22785, 3.229876], [-76.228296, 3.229099], [-76.22695, 3.22904], [-76.226884, 3.228604], [-76.226267, 3.228488], [-76.226197, 3.22806], [-76.228687, 3.227397], [-76.229026, 3.228868], [-76.230645, 3.232595], [-76.230879, 3.232678], [-76.23106, 3.232066], [-76.231635, 3.232213], [-76.232446, 3.231401], [-76.233021, 3.231287], [-76.231864, 3.232604], [-76.231642, 3.23348], [-76.232566, 3.233574], [-76.232453, 3.234238], [-76.231668, 3.234184], [-76.231394, 3.235831], [-76.231124, 3.235767], [-76.231129, 3.235066], [-76.230844, 3.235029], [-76.230687, 3.23439]]]}, "properties": {"zu_cnmbre": "GUATEMALA", "zu_narea": 146526.842022, "zu_nano": 2025}},{"type": "Feature", "geometry": {"type": "Polygon", "coordinates": [[[-76.228026, 3.23767], [-76.228547, 3.235716], [-76.229485, 3.235922], [-76.230414, 3.234353], [-76.230867, 3.234414], [-76.230844, 3.235029], [-76.231129, 3.235066], [-76.230701, 3.236754], [-76.230674, 3.239823], [-76.228144, 3.239186], [-76.228354, 3.238653], [-76.228026, 3.23767]]]}, "properties": {"zu_cnmbre": "LAS PALMAS", "zu_narea": 130695.700788, "zu_nano": 2025}},{"type": "Feature", "geometry": {"type": "Polygon", "coordinates": [[[-76.216793, 3.201203], [-76.216186, 3.201962], [-76.215354, 3.201987], [-76.215059, 3.201506], [-76.215985, 3.201044], [-76.216793, 3.201203]]]}, "properties": {"zu_cnmbre": "LA UNIÓN", "zu_narea": 12890.0012686, "zu_nano": 2025}},{"type": "Feature", "geometry": {"type": "Polygon", "coordinates": [[[-76.21126, 3.213379], [-76.210667, 3.21289], [-76.210602, 3.212397], [-76.210915, 3.211709], [-76.211314, 3.211683], [-76.211516, 3.210789], [-76.212357, 3.210741], [-76.212255, 3.211449], [-76.211562, 3.211559], [-76.211781, 3.212795], [-76.211446, 3.212641], [-76.21126, 3.213379]]]}, "properties": {"zu_cnmbre": "EL CRUCERO", "zu_narea": 23261.1835257, "zu_nano": 2025}},{"type": "Feature", "geometry": {"type": "Polygon", "coordinates": [[[-76.044378, 2.694856], [-76.042622, 2.69457], [-76.04222, 2.694218], [-76.042266, 2.693849], [-76.042933, 2.693379], [-76.04275, 2.69271], [-76.043134, 2.692836], [-76.043508, 2.691946], [-76.044006, 2.692241], [-76.044176, 2.691766], [-76.044532, 2.691891], [-76.044458, 2.692414], [-76.044286, 2.692789], [-76.043962, 2.69262], [-76.043728, 2.692944], [-76.044508, 2.693919], [-76.044378, 2.694856]]]}, "properties": {"zu_cnmbre": "CHINAS", "zu_narea": 48239.1142727, "zu_nano": 2025}},{"type": "Feature", "geometry": {"type": "Polygon", "coordinates": [[[-76.085513, 2.698289], [-76.084607, 2.697372], [-76.084901, 2.696549], [-76.084344, 2.696175], [-76.084541, 2.695825], [-76.085222, 2.696022], [-76.085308, 2.696546], [-76.085701, 2.695563], [-76.087063, 2.695512], [-76.087137, 2.695996], [-76.087532, 2.695872], [-76.087948, 2.696374], [-76.087832, 2.696605], [-76.086828, 2.696226], [-76.086769, 2.696747], [-76.087398, 2.697006], [-76.086501, 2.696791], [-76.085878, 2.697297], [-76.085513, 2.698289]]]}, "properties": {"zu_cnmbre": "LAME", "zu_narea": 55870.0636049, "zu_nano": 2025}},{"type": "Feature", "geometry": {"type": "Polygon", "coordinates": [[[-76.148984, 2.718485], [-76.149925, 2.718747], [-76.149993, 2.719104], [-76.148587, 2.71992], [-76.148848, 2.720718], [-76.148285, 2.721427], [-76.148368, 2.721843], [-76.148052, 2.721834], [-76.148279, 2.722952], [-76.147757, 2.723355], [-76.147599, 2.724451], [-76.147273, 2.724388], [-76.146993, 2.724835], [-76.147034, 2.723865], [-76.147578, 2.722568], [-76.147759, 2.720922], [-76.147385, 2.720536], [-76.147704, 2.719948], [-76.147044, 2.718776], [-76.147533, 2.718547], [-76.146628, 2.717554], [-76.146978, 2.717256], [-76.146246, 2.716305], [-76.146474, 2.716146], [-76.146878, 2.716484], [-76.14808, 2.718052], [-76.148633, 2.717961], [-76.148701, 2.717449], [-76.148984, 2.718485]]]}, "properties": {"zu_cnmbre": "MOSOCO", "zu_narea": 101894.205881, "zu_nano": 2025}},{"type": "Feature", "geometry": {"type": "Polygon", "coordinates": [[[-76.113896, 2.722933], [-76.112467, 2.722851], [-76.112013, 2.723368], [-76.112179, 2.722917], [-76.111454, 2.721707], [-76.112599, 2.721387], [-76.113276, 2.721548], [-76.113648, 2.721947], [-76.113038, 2.722137], [-76.113161, 2.722595], [-76.113896, 2.722933]]]}, "properties": {"zu_cnmbre": "EL CABUYO", "zu_narea": 27145.2867635, "zu_nano": 2025}},{"type": "Feature", "geometry": {"type": "Polygon", "coordinates": [[[-75.873129, 2.578885], [-75.873696, 2.579387], [-75.874668, 2.578823], [-75.875135, 2.579092], [-75.87435, 2.579283], [-75.87478, 2.579262], [-75.874631, 2.579424], [-75.873839, 2.579361], [-75.873717, 2.579743], [-75.872878, 2.579154], [-75.871982, 2.57932], [-75.872008, 2.579047], [-75.870541, 2.579544], [-75.870654, 2.578913], [-75.870353, 2.578719], [-75.871346, 2.57825], [-75.873129, 2.578885]]]}, "properties": {"zu_cnmbre": "LA CEJA", "zu_narea": 29531.3479408, "zu_nano": 2025}},{"type": "Feature", "geometry": {"type": "Polygon", "coordinates": [[[-76.052301, 2.726836], [-76.052527, 2.727703], [-76.051046, 2.728849], [-76.049447, 2.728071], [-76.049496, 2.727214], [-76.047969, 2.726222], [-76.048446, 2.725677], [-76.048479, 2.726073], [-76.049007, 2.726414], [-76.049353, 2.725909], [-76.049832, 2.725916], [-76.050722, 2.726732], [-76.050929, 2.727511], [-76.051187, 2.726948], [-76.05203, 2.726842], [-76.052556, 2.72627], [-76.052301, 2.726836]]]}, "properties": {"zu_cnmbre": "TARAVIRA", "zu_narea": 73907.7577725, "zu_nano": 2025}},{"type": "Feature", "geometry": {"type": "Polygon", "coordinates": [[[-76.047169, 2.753566], [-76.046881, 2.753152], [-76.046937, 2.751231], [-76.047498, 2.751294], [-76.047549, 2.751679], [-76.047284, 2.751954], [-76.047268, 2.752582], [-76.047536, 2.752654], [-76.047169, 2.753566]]]}, "properties": {"zu_cnmbre": "CHACHUCUE", "zu_narea": 14611.2358729, "zu_nano": 2025}},{"type": "Feature", "geometry": {"type": "Polygon", "coordinates": [[[-76.112449, 2.709222], [-76.112275, 2.709584], [-76.112627, 2.710256], [-76.113307, 2.710087], [-76.112897, 2.710357], [-76.11351, 2.71176], [-76.113018, 2.712028], [-76.112645, 2.711397], [-76.111615, 2.711277], [-76.111716, 2.710898], [-76.110862, 2.710623], [-76.110856, 2.71037], [-76.111862, 2.710481], [-76.112317, 2.710231], [-76.112066, 2.70934], [-76.112449, 2.709222]]]}, "properties": {"zu_cnmbre": "EL CUARTEL", "zu_narea": 30946.138971, "zu_nano": 2025}},{"type": "Feature", "geometry": {"type": "Polygon", "coordinates": [[[-76.070274, 2.726678], [-76.069458, 2.726481], [-76.069532, 2.726075], [-76.068083, 2.724607], [-76.066692, 2.724525], [-76.066585, 2.723756], [-76.066112, 2.723624], [-76.065285, 2.724086], [-76.064984, 2.723611], [-76.066075, 2.723001], [-76.06567, 2.722372], [-76.066593, 2.721814], [-76.067958, 2.722252], [-76.068055, 2.723503], [-76.068304, 2.72358], [-76.06858, 2.723132], [-76.068739, 2.7236], [-76.068786, 2.72311], [-76.069138, 2.723137], [-76.069123, 2.72421], [-76.069672, 2.72466], [-76.06936, 2.725383], [-76.071417, 2.726149], [-76.070274, 2.726678]]]}, "properties": {"zu_cnmbre": "MONTECRUZ", "zu_narea": 110065.592365, "zu_nano": 2025}},{"type": "Feature", "geometry": {"type": "Polygon", "coordinates": [[[-76.011823, 2.650279], [-76.011471, 2.649579], [-76.012298, 2.649336], [-76.012059, 2.650577], [-76.012593, 2.650359], [-76.012329, 2.650996], [-76.012951, 2.650686], [-76.013093, 2.650987], [-76.012458, 2.651534], [-76.012135, 2.652537], [-76.011716, 2.652657], [-76.011995, 2.652037], [-76.011308, 2.652349], [-76.010857, 2.651768], [-76.011101, 2.650634], [-76.011823, 2.650279]]]}, "properties": {"zu_cnmbre": "LA MURALLA", "zu_narea": 44508.3202524, "zu_nano": 2025}},{"type": "Feature", "geometry": {"type": "Polygon", "coordinates": [[[-76.015763, 2.653686], [-76.013994, 2.654683], [-76.013548, 2.654332], [-76.013335, 2.653292], [-76.013192, 2.653546], [-76.012754, 2.653455], [-76.013951, 2.652708], [-76.014031, 2.65335], [-76.01459, 2.652802], [-76.014941, 2.652859], [-76.015405, 2.653128], [-76.015335, 2.653579], [-76.015763, 2.653686]]]}, "properties": {"zu_cnmbre": "SECTOR SINAI", "zu_narea": 33211.2692387, "zu_nano": 2025}},{"type": "Feature", "geometry": {"type": "Polygon", "coordinates": [[[-75.996169, 2.599991], [-75.994815, 2.600774], [-75.99496, 2.600987], [-75.994494, 2.600949], [-75.994331, 2.600492], [-75.995169, 2.600142], [-75.995309, 2.59955], [-75.996333, 2.599542], [-75.996169, 2.599991]]]}, "properties": {"zu_cnmbre": "LA CRUZ DE TOGOIMA", "zu_narea": 13825.8014415, "zu_nano": 2025}},{"type": "Feature", "geometry": {"type": "Polygon", "coordinates": [[[-76.00184, 2.616229], [-76.002522, 2.615866], [-76.002728, 2.616019], [-76.002352, 2.616203], [-76.002966, 2.61634], [-76.002965, 2.617071], [-76.00252, 2.617507], [-76.002654, 2.617886], [-76.001846, 2.61776], [-76.000553, 2.618939], [-75.999668, 2.618855], [-75.999206, 2.618301], [-76.000419, 2.617885], [-76.000291, 2.616931], [-76.001335, 2.615873], [-76.00184, 2.616229]]]}, "properties": {"zu_cnmbre": "TOGOIMA CENTRO", "zu_narea": 71732.0862951, "zu_nano": 2025}},{"type": "Feature", "geometry": {"type": "Polygon", "coordinates": [[[-75.996751, 2.629397], [-75.995335, 2.629975], [-75.995231, 2.629901], [-75.996523, 2.629395], [-75.996398, 2.628804], [-75.99558, 2.62872], [-75.996559, 2.627875], [-75.997078, 2.628781], [-75.996751, 2.629397]]]}, "properties": {"zu_cnmbre": "CHUMAL", "zu_narea": 15549.6088613, "zu_nano": 2025}},{"type": "Feature", "geometry": {"type": "Polygon", "coordinates": [[[-75.994263, 2.657579], [-75.993289, 2.658472], [-75.99201, 2.657897], [-75.993493, 2.655917], [-75.994528, 2.656978], [-75.994042, 2.657398], [-75.994263, 2.657579]]]}, "properties": {"zu_cnmbre": "CHICAQUIU", "zu_narea": 40045.226479, "zu_nano": 2025}},{"type": "Feature", "geometry": {"type": "Polygon", "coordinates": [[[-75.98199, 2.65902], [-75.982225, 2.658692], [-75.982628, 2.658826], [-75.982841, 2.65933], [-75.983356, 2.659173], [-75.983492, 2.659615], [-75.983091, 2.659857], [-75.983065, 2.659603], [-75.982505, 2.659693], [-75.982103, 2.660083], [-75.981945, 2.659528], [-75.98113, 2.659741], [-75.981002, 2.659328], [-75.979704, 2.658983], [-75.979522, 2.658569], [-75.981056, 2.658802], [-75.980804, 2.658469], [-75.981131, 2.658176], [-75.98199, 2.65902]]]}, "properties": {"zu_cnmbre": "TRES ESQUINAS", "zu_narea": 31292.9788163, "zu_nano": 2025}},{"type": "Feature", "geometry": {"type": "Polygon", "coordinates": [[[-75.982095, 2.655656], [-75.981619, 2.656011], [-75.9816, 2.656571], [-75.98062, 2.655818], [-75.980465, 2.654901], [-75.980696, 2.654723], [-75.982095, 2.655656]]]}, "properties": {"zu_cnmbre": "ALTO AVIRAMA", "zu_narea": 18690.8310174, "zu_nano": 2025}},{"type": "Feature", "geometry": {"type": "Polygon", "coordinates": [[[-75.965869, 2.564084], [-75.964535, 2.566734], [-75.963754, 2.567229], [-75.963589, 2.566418], [-75.963857, 2.566361], [-75.963496, 2.565801], [-75.963887, 2.565402], [-75.964325, 2.565739], [-75.964749, 2.565633], [-75.965702, 2.563935], [-75.965869, 2.564084]]]}, "properties": {"zu_cnmbre": "MESA DE COHETANDO", "zu_narea": 22587.6588049, "zu_nano": 2025}},{"type": "Feature", "geometry": {"type": "Polygon", "coordinates": [[[-75.95913, 2.582001], [-75.959008, 2.582953], [-75.958332, 2.583338], [-75.957871, 2.583088], [-75.958661, 2.582814], [-75.957805, 2.582547], [-75.95843, 2.582336], [-75.95867, 2.581383], [-75.959547, 2.580804], [-75.960008, 2.580942], [-75.959687, 2.581811], [-75.95913, 2.582001]]]}, "properties": {"zu_cnmbre": "CALOTO COHETANDO", "zu_narea": 22725.7754891, "zu_nano": 2025}},{"type": "Feature", "geometry": {"type": "Polygon", "coordinates": [[[-75.961756, 2.574225], [-75.960368, 2.575178], [-75.959812, 2.574581], [-75.959837, 2.57392], [-75.960362, 2.574025], [-75.960164, 2.574276], [-75.960574, 2.574419], [-75.96119, 2.574083], [-75.961626, 2.572694], [-75.962287, 2.572526], [-75.962745, 2.57333], [-75.963455, 2.572921], [-75.963578, 2.573166], [-75.96287, 2.573526], [-75.962959, 2.573731], [-75.962199, 2.573949], [-75.962525, 2.574401], [-75.962312, 2.574701], [-75.961756, 2.574225]]]}, "properties": {"zu_cnmbre": "LAS DELICIAS COHETANDO", "zu_narea": 41946.1702925, "zu_nano": 2025}},{"type": "Feature", "geometry": {"type": "Polygon", "coordinates": [[[-75.966406, 2.610505], [-75.966357, 2.611919], [-75.966839, 2.613165], [-75.966613, 2.613274], [-75.965682, 2.611794], [-75.966047, 2.610877], [-75.965408, 2.61052], [-75.966337, 2.609248], [-75.967138, 2.60632], [-75.967351, 2.606565], [-75.967075, 2.607426], [-75.96789, 2.607828], [-75.96761, 2.608256], [-75.96704, 2.608008], [-75.966707, 2.608823], [-75.966773, 2.6099], [-75.966406, 2.610505]]]}, "properties": {"zu_cnmbre": "LA FLORIDA", "zu_narea": 43548.9789369, "zu_nano": 2025}},{"type": "Feature", "geometry": {"type": "Polygon", "coordinates": [[[-75.977027, 2.627908], [-75.977437, 2.628108], [-75.976852, 2.628795], [-75.977421, 2.62928], [-75.977516, 2.629946], [-75.976568, 2.62984], [-75.976684, 2.629434], [-75.976122, 2.629218], [-75.975817, 2.630223], [-75.975583, 2.630115], [-75.975422, 2.62859], [-75.97645, 2.627122], [-75.976647, 2.627285], [-75.976087, 2.628343], [-75.977027, 2.627908]]]}, "properties": {"zu_cnmbre": "GUALCAN", "zu_narea": 37626.1118008, "zu_nano": 2025}},{"type": "Feature", "geometry": {"type": "MultiPolygon", "coordinates": [[[[-75.955568, 2.652671], [-75.955988, 2.651665], [-75.956622, 2.652156], [-75.95615, 2.652934], [-75.955045, 2.653609], [-75.954795, 2.653254], [-75.955568, 2.652671]]], [[[-75.950475, 2.656189], [-75.949906, 2.655999], [-75.949758, 2.655613], [-75.951057, 2.655524], [-75.951985, 2.654784], [-75.952306, 2.655042], [-75.953437, 2.65475], [-75.953482, 2.654145], [-75.954097, 2.653685], [-75.954431, 2.653752], [-75.954165, 2.654562], [-75.955668, 2.65375], [-75.95578, 2.653923], [-75.955791, 2.65421], [-75.955377, 2.65435], [-75.955491, 2.654733], [-75.954084, 2.65482], [-75.953665, 2.655215], [-75.950475, 2.656189]]]]}, "properties": {"zu_cnmbre": "EL CARMEN DEL SALADO", "zu_narea": 63718.985298, "zu_nano": 2025}},{"type": "Feature", "geometry": {"type": "Polygon", "coordinates": [[[-75.960226, 2.65443], [-75.959403, 2.656168], [-75.959223, 2.656044], [-75.959654, 2.65562], [-75.959663, 2.655053], [-75.95908, 2.655555], [-75.958024, 2.655799], [-75.957806, 2.655365], [-75.958288, 2.654985], [-75.958354, 2.65447], [-75.95942, 2.654518], [-75.959609, 2.653413], [-75.960564, 2.653208], [-75.9604, 2.653879], [-75.960281, 2.653554], [-75.959651, 2.654365], [-75.960226, 2.65443]]]}, "properties": {"zu_cnmbre": "POTRERO DEL BARRO", "zu_narea": 34374.9854864, "zu_nano": 2025}},{"type": "Feature", "geometry": {"type": "Polygon", "coordinates": [[[-76.057834, 2.77249], [-76.057679, 2.773633], [-76.056885, 2.772187], [-76.057124, 2.77212], [-76.057431, 2.772724], [-76.057834, 2.77249]]]}, "properties": {"zu_cnmbre": "HUILA VIEJO", "zu_narea": 7050.07681242, "zu_nano": 2025}},{"type": "Feature", "geometry": {"type": "Polygon", "coordinates": [[[-76.579824, 2.435155], [-76.581195, 2.435507], [-76.581254, 2.43615], [-76.582048, 2.436628], [-76.581797, 2.436939], [-76.580616, 2.436324], [-76.580604, 2.437125], [-76.580305, 2.437277], [-76.580028, 2.436849], [-76.580501, 2.436289], [-76.579824, 2.435155]]]}, "properties": {"zu_cnmbre": "PUEBLO KOKONUCO", "zu_narea": 20216.5505396, "zu_nano": 2025}},{"type": "Feature", "geometry": {"type": "Polygon", "coordinates": [[[-76.775021, 1.879591], [-76.775569, 1.879594], [-76.77658, 1.880185], [-76.776555, 1.880709], [-76.777034, 1.88101], [-76.776647, 1.881561], [-76.778072, 1.881988], [-76.777821, 1.882866], [-76.777125, 1.882803], [-76.77713, 1.882466], [-76.776582, 1.882639], [-76.77654, 1.883404], [-76.775843, 1.884015], [-76.775553, 1.883497], [-76.776196, 1.882528], [-76.776069, 1.882254], [-76.77463, 1.882838], [-76.773744, 1.881661], [-76.77437, 1.880891], [-76.774142, 1.880622], [-76.774409, 1.880118], [-76.775021, 1.879591]]]}, "properties": {"zu_cnmbre": "HATO HUMUS", "zu_narea": 107698.539515, "zu_nano": 2025}},{"type": "Feature", "geometry": {"type": "Polygon", "coordinates": [[[-76.787615, 1.886454], [-76.786471, 1.886797], [-76.786765, 1.88624], [-76.786018, 1.885957], [-76.78584, 1.885329], [-76.786294, 1.884514], [-76.78623, 1.883967], [-76.787157, 1.883056], [-76.787853, 1.883352], [-76.787724, 1.883958], [-76.78804, 1.884629], [-76.787792, 1.88483], [-76.787398, 1.884485], [-76.787043, 1.884971], [-76.787421, 1.885514], [-76.787208, 1.885755], [-76.787625, 1.886078], [-76.787615, 1.886454]]]}, "properties": {"zu_cnmbre": "POTRERO", "zu_narea": 54362.9902066, "zu_nano": 2025}},{"type": "Feature", "geometry": {"type": "Polygon", "coordinates": [[[-76.79077, 1.918265], [-76.790418, 1.920355], [-76.790117, 1.920419], [-76.790085, 1.920102], [-76.789844, 1.920517], [-76.789014, 1.920408], [-76.789343, 1.920123], [-76.789208, 1.919766], [-76.790005, 1.919605], [-76.78991, 1.919117], [-76.789217, 1.919342], [-76.789131, 1.919121], [-76.790069, 1.918924], [-76.790409, 1.918257], [-76.79077, 1.918265]]]}, "properties": {"zu_cnmbre": "DOMINGUILLO", "zu_narea": 24438.7336223, "zu_nano": 2025}},{"type": "Feature", "geometry": {"type": "Polygon", "coordinates": [[[-76.825542, 1.740308], [-76.82594, 1.741869], [-76.826238, 1.741989], [-76.826119, 1.742455], [-76.826378, 1.742451], [-76.825924, 1.743123], [-76.825459, 1.742863], [-76.825451, 1.742037], [-76.825006, 1.742238], [-76.824347, 1.7403], [-76.824662, 1.739906], [-76.824787, 1.740421], [-76.825542, 1.740308]]]}, "properties": {"zu_cnmbre": "CIMARRONAS", "zu_narea": 37324.1393776, "zu_nano": 2025}},{"type": "Feature", "geometry": {"type": "Polygon", "coordinates": [[[-76.564262, 2.571572], [-76.563907, 2.570697], [-76.562999, 2.570622], [-76.562543, 2.57011], [-76.561373, 2.570456], [-76.560946, 2.569948], [-76.561474, 2.569002], [-76.560719, 2.568775], [-76.560992, 2.568137], [-76.561259, 2.567858], [-76.561948, 2.568172], [-76.562975, 2.566147], [-76.563802, 2.566312], [-76.564272, 2.566005], [-76.564352, 2.566536], [-76.566459, 2.565872], [-76.56645, 2.566568], [-76.567518, 2.566157], [-76.568461, 2.566365], [-76.568636, 2.566785], [-76.568244, 2.567153], [-76.56731, 2.567334], [-76.566336, 2.567389], [-76.565099, 2.566742], [-76.565303, 2.568055], [-76.566191, 2.568215], [-76.564327, 2.568271], [-76.564208, 2.569394], [-76.563765, 2.570145], [-76.565193, 2.571038], [-76.56493, 2.571486], [-76.564262, 2.571572]]]}, "properties": {"zu_cnmbre": "LAS MARGARITAS", "zu_narea": 207775.997559, "zu_nano": 2025}},{"type": "Feature", "geometry": {"type": "Polygon", "coordinates": [[[-76.445782, 2.78321], [-76.445962, 2.78263], [-76.446068, 2.783114], [-76.446877, 2.783159], [-76.446263, 2.783426], [-76.446214, 2.78469], [-76.445612, 2.785102], [-76.44513, 2.785148], [-76.444954, 2.784813], [-76.443434, 2.785892], [-76.443113, 2.785631], [-76.444549, 2.783999], [-76.444327, 2.783628], [-76.445782, 2.78321]]]}, "properties": {"zu_cnmbre": "ANDALUCÍA", "zu_narea": 52394.3819664, "zu_nano": 2025}},{"type": "Feature", "geometry": {"type": "Polygon", "coordinates": [[[-76.550709, 2.872653], [-76.549818, 2.872113], [-76.554209, 2.873239], [-76.555411, 2.873243], [-76.556422, 2.873827], [-76.55642, 2.873385], [-76.557178, 2.873337], [-76.557732, 2.873667], [-76.558567, 2.873122], [-76.561012, 2.87302], [-76.561577, 2.87268], [-76.561119, 2.872305], [-76.562029, 2.871226], [-76.562422, 2.871477], [-76.561936, 2.871628], [-76.562634, 2.872413], [-76.561746, 2.873473], [-76.555964, 2.873951], [-76.55605, 2.874342], [-76.554957, 2.874691], [-76.55471, 2.875628], [-76.554193, 2.875997], [-76.553682, 2.874713], [-76.552609, 2.875133], [-76.552493, 2.875525], [-76.55275, 2.875672], [-76.551955, 2.875793], [-76.551784, 2.876145], [-76.550199, 2.873649], [-76.550164, 2.872855], [-76.550709, 2.872653]]]}, "properties": {"zu_cnmbre": "EL TABLÓN", "zu_narea": 214168.601633, "zu_nano": 2025}},{"type": "Feature", "geometry": {"type": "Polygon", "coordinates": [[[-76.299458, 3.034257], [-76.298603, 3.034308], [-76.298439, 3.033564], [-76.298733, 3.033503], [-76.298407, 3.033228], [-76.298982, 3.032607], [-76.29991, 3.033291], [-76.299908, 3.034465], [-76.299356, 3.034784], [-76.299458, 3.034257]]]}, "properties": {"zu_cnmbre": "EL CREDO", "zu_narea": 25325.0124204, "zu_nano": 2025}},{"type": "Feature", "geometry": {"type": "Polygon", "coordinates": [[[-76.291781, 3.021226], [-76.291513, 3.021151], [-76.291691, 3.021609], [-76.290323, 3.021327], [-76.289829, 3.021573], [-76.289934, 3.020925], [-76.290357, 3.02093], [-76.291036, 3.019943], [-76.29233, 3.019281], [-76.292212, 3.020129], [-76.292596, 3.019978], [-76.292712, 3.020473], [-76.292213, 3.020527], [-76.291781, 3.021226]]]}, "properties": {"zu_cnmbre": "EL TIERRERO", "zu_narea": 36539.9375451, "zu_nano": 2025}},{"type": "Feature", "geometry": {"type": "Polygon", "coordinates": [[[-76.226753, 3.11189], [-76.22665, 3.11301], [-76.226263, 3.112504], [-76.225895, 3.112728], [-76.225297, 3.112543], [-76.225162, 3.111345], [-76.226753, 3.11189]]]}, "properties": {"zu_cnmbre": "LOS ANDES", "zu_narea": 18724.715976, "zu_nano": 2025}},{"type": "Feature", "geometry": {"type": "Polygon", "coordinates": [[[-76.216596, 3.195155], [-76.215568, 3.19514], [-76.214279, 3.193736], [-76.213771, 3.193631], [-76.213193, 3.192808], [-76.213122, 3.191833], [-76.213352, 3.192163], [-76.213676, 3.192049], [-76.215158, 3.194051], [-76.215958, 3.194441], [-76.216596, 3.195155]]]}, "properties": {"zu_cnmbre": "EL PEDREGAL", "zu_narea": 34172.7867672, "zu_nano": 2025}},{"type": "Feature", "geometry": {"type": "MultiPolygon", "coordinates": [[[[-76.209605, 3.169909], [-76.209037, 3.169312], [-76.209702, 3.169766], [-76.209837, 3.169298], [-76.210436, 3.169215], [-76.210641, 3.171126], [-76.210362, 3.172282], [-76.209408, 3.170576], [-76.209605, 3.169909]]], [[[-76.211689, 3.176715], [-76.210519, 3.175404], [-76.210273, 3.173784], [-76.209823, 3.173071], [-76.210191, 3.173015], [-76.210166, 3.172719], [-76.210541, 3.172709], [-76.210723, 3.17541], [-76.21166, 3.175979], [-76.211966, 3.176677], [-76.211689, 3.176715]]], [[[-76.211692, 3.177418], [-76.211989, 3.177846], [-76.211667, 3.178282], [-76.211503, 3.177534], [-76.211692, 3.177418]]]]}, "properties": {"zu_cnmbre": "LA LAGUNA", "zu_narea": 45947.8769566, "zu_nano": 2025}},{"type": "Feature", "geometry": {"type": "Polygon", "coordinates": [[[-76.292907, 3.143888], [-76.291915, 3.145295], [-76.290431, 3.146756], [-76.285059, 3.14945], [-76.282221, 3.151389], [-76.281789, 3.150079], [-76.282487, 3.149591], [-76.282996, 3.150349], [-76.283819, 3.149568], [-76.286065, 3.14843], [-76.286146, 3.14789], [-76.286951, 3.147551], [-76.287172, 3.148046], [-76.287903, 3.147578], [-76.2877, 3.147296], [-76.289452, 3.146086], [-76.289922, 3.146712], [-76.291056, 3.145671], [-76.290441, 3.145396], [-76.291064, 3.144927], [-76.291548, 3.145512], [-76.29198, 3.144976], [-76.291784, 3.144453], [-76.29258, 3.143598], [-76.292907, 3.143888]]]}, "properties": {"zu_cnmbre": "LA MARIA", "zu_narea": 98753.9940752, "zu_nano": 2025}},{"type": "Feature", "geometry": {"type": "Polygon", "coordinates": [[[-76.247246, 3.116309], [-76.247067, 3.117532], [-76.247457, 3.117852], [-76.246444, 3.118978], [-76.245455, 3.11808], [-76.246181, 3.117268], [-76.246368, 3.115965], [-76.246896, 3.116518], [-76.247246, 3.116309]]]}, "properties": {"zu_cnmbre": "LA CAPILLA", "zu_narea": 37224.6573467, "zu_nano": 2025}},{"type": "Feature", "geometry": {"type": "MultiPolygon", "coordinates": [[[[-76.242896, 3.138322], [-76.24264, 3.137882], [-76.243412, 3.137343], [-76.244686, 3.138184], [-76.244605, 3.138419], [-76.244244, 3.138171], [-76.243861, 3.138435], [-76.242896, 3.138322]]], [[[-76.241055, 3.138652], [-76.241585, 3.137917], [-76.241798, 3.138231], [-76.241455, 3.139141], [-76.241055, 3.138652]]], [[[-76.241576, 3.141545], [-76.241367, 3.14128], [-76.241049, 3.141425], [-76.240805, 3.140819], [-76.241712, 3.140597], [-76.242232, 3.14119], [-76.241576, 3.141545]]], [[[-76.240131, 3.142767], [-76.239586, 3.14263], [-76.240875, 3.141571], [-76.240131, 3.142767]]]]}, "properties": {"zu_cnmbre": "LA CIMA", "zu_narea": 37106.3564026, "zu_nano": 2025}},{"type": "Feature", "geometry": {"type": "Polygon", "coordinates": [[[-76.231093, 3.101602], [-76.231391, 3.101748], [-76.231215, 3.102185], [-76.23245, 3.10332], [-76.231081, 3.103933], [-76.230848, 3.103646], [-76.231241, 3.103185], [-76.230714, 3.102187], [-76.231093, 3.101602]]]}, "properties": {"zu_cnmbre": "LA ESTHER", "zu_narea": 20692.9839711, "zu_nano": 2025}},{"type": "Feature", "geometry": {"type": "Polygon", "coordinates": [[[-76.225606, 3.070759], [-76.224946, 3.070997], [-76.224158, 3.069381], [-76.223592, 3.069118], [-76.223008, 3.069279], [-76.222639, 3.068626], [-76.222998, 3.068498], [-76.223443, 3.068888], [-76.223678, 3.068553], [-76.224168, 3.068573], [-76.224525, 3.069469], [-76.224893, 3.069263], [-76.225606, 3.070759]]]}, "properties": {"zu_cnmbre": "EL BOQUERÓN", "zu_narea": 25434.2586992, "zu_nano": 2025}},{"type": "Feature", "geometry": {"type": "Polygon", "coordinates": [[[-76.224443, 3.164518], [-76.223597, 3.163758], [-76.222624, 3.163505], [-76.222748, 3.163158], [-76.22335, 3.163461], [-76.223304, 3.162442], [-76.223903, 3.162847], [-76.224224, 3.16202], [-76.224551, 3.162184], [-76.223931, 3.163398], [-76.224091, 3.163808], [-76.225909, 3.164147], [-76.225345, 3.164267], [-76.225239, 3.164576], [-76.224443, 3.164518]]]}, "properties": {"zu_cnmbre": "CHICHARRONAL", "zu_narea": 28043.3176072, "zu_nano": 2025}},{"type": "Feature", "geometry": {"type": "Polygon", "coordinates": [[[-76.218722, 3.187641], [-76.218985, 3.187917], [-76.218735, 3.188286], [-76.218565, 3.187978], [-76.218257, 3.188318], [-76.217866, 3.187877], [-76.216981, 3.187868], [-76.217406, 3.188659], [-76.217143, 3.188956], [-76.216558, 3.188717], [-76.215917, 3.18789], [-76.217369, 3.187752], [-76.217463, 3.187339], [-76.218117, 3.187738], [-76.218722, 3.187641]]]}, "properties": {"zu_cnmbre": "EL PARAÍSO", "zu_narea": 20096.2061053, "zu_nano": 2025}},{"type": "Feature", "geometry": {"type": "Polygon", "coordinates": [[[-76.19814, 3.157828], [-76.198933, 3.156839], [-76.199551, 3.157251], [-76.197991, 3.158132], [-76.197872, 3.158654], [-76.198387, 3.160408], [-76.199566, 3.161224], [-76.199434, 3.161402], [-76.197781, 3.160816], [-76.197845, 3.159947], [-76.197339, 3.158885], [-76.197585, 3.158134], [-76.195786, 3.157705], [-76.19549, 3.158068], [-76.193958, 3.157108], [-76.194719, 3.157225], [-76.194907, 3.157592], [-76.195986, 3.157227], [-76.196961, 3.157778], [-76.19814, 3.157828]]]}, "properties": {"zu_cnmbre": "LAS CRUCES", "zu_narea": 49880.0122806, "zu_nano": 2025}},{"type": "Feature", "geometry": {"type": "MultiPolygon", "coordinates": [[[[-76.203381, 3.170768], [-76.203729, 3.169503], [-76.203778, 3.17024], [-76.203381, 3.170768]]], [[[-76.203758, 3.172661], [-76.20332, 3.171612], [-76.203954, 3.171409], [-76.204476, 3.172309], [-76.204822, 3.172381], [-76.203758, 3.172661]]]]}, "properties": {"zu_cnmbre": "COMUNIDAD QUEBRADITAS", "zu_narea": 16220.7445704, "zu_nano": 2025}},{"type": "Feature", "geometry": {"type": "Polygon", "coordinates": [[[-76.204029, 3.161195], [-76.204546, 3.159576], [-76.204762, 3.160097], [-76.204008, 3.161997], [-76.204223, 3.163056], [-76.203637, 3.16391], [-76.203985, 3.163003], [-76.203864, 3.16232], [-76.204029, 3.161195]]]}, "properties": {"zu_cnmbre": "ALTAMIRA", "zu_narea": 11842.7389527, "zu_nano": 2025}},{"type": "Feature", "geometry": {"type": "Polygon", "coordinates": [[[-76.18303, 3.155947], [-76.18313, 3.156831], [-76.183681, 3.156963], [-76.182952, 3.157165], [-76.183059, 3.157419], [-76.182177, 3.158715], [-76.182338, 3.159294], [-76.182112, 3.159459], [-76.181636, 3.158955], [-76.181166, 3.159501], [-76.181574, 3.158042], [-76.182035, 3.157493], [-76.18188, 3.156117], [-76.18303, 3.155947]]]}, "properties": {"zu_cnmbre": "YARUMALES", "zu_narea": 38471.2688824, "zu_nano": 2025}},{"type": "Feature", "geometry": {"type": "Polygon", "coordinates": [[[-76.205371, 3.184852], [-76.204566, 3.184792], [-76.203889, 3.183485], [-76.204702, 3.183264], [-76.204661, 3.182607], [-76.203577, 3.182517], [-76.204123, 3.181282], [-76.20361, 3.178928], [-76.204194, 3.180997], [-76.205334, 3.182342], [-76.205706, 3.184108], [-76.20526, 3.184274], [-76.205371, 3.184852]]]}, "properties": {"zu_cnmbre": "EL CRUCERO", "zu_narea": 55517.56188, "zu_nano": 2025}},{"type": "Feature", "geometry": {"type": "Polygon", "coordinates": [[[-76.197196, 3.178933], [-76.19654, 3.178376], [-76.196743, 3.177928], [-76.197124, 3.177846], [-76.197384, 3.178926], [-76.197822, 3.179123], [-76.19844, 3.180347], [-76.19806, 3.180828], [-76.197286, 3.179737], [-76.197196, 3.178933]]]}, "properties": {"zu_cnmbre": "SAN PEDRO", "zu_narea": 20388.6653966, "zu_nano": 2025}},{"type": "Feature", "geometry": {"type": "MultiPolygon", "coordinates": [[[[-76.161234, 3.169034], [-76.161666, 3.168589], [-76.161292, 3.169096], [-76.161234, 3.169034]]], [[[-76.160802, 3.169577], [-76.160387, 3.169241], [-76.16068, 3.168923], [-76.161348, 3.17013], [-76.161557, 3.169798], [-76.161779, 3.169936], [-76.16154, 3.170784], [-76.161962, 3.170765], [-76.161863, 3.171104], [-76.160583, 3.171619], [-76.160204, 3.170191], [-76.160802, 3.169577]]]]}, "properties": {"zu_cnmbre": "EL PALMAR", "zu_narea": 30284.196936, "zu_nano": 2025}},{"type": "Feature", "geometry": {"type": "MultiPolygon", "coordinates": [[[[-76.841833, 2.433407], [-76.841335, 2.433436], [-76.841221, 2.43335], [-76.841951, 2.432863], [-76.841886, 2.433278], [-76.842343, 2.433729], [-76.842124, 2.433889], [-76.841833, 2.433407]]], [[[-76.842507, 2.436481], [-76.841785, 2.436003], [-76.841414, 2.436539], [-76.841187, 2.436406], [-76.841812, 2.435608], [-76.841953, 2.434616], [-76.842326, 2.434716], [-76.8427, 2.433969], [-76.84316, 2.435024], [-76.842185, 2.435404], [-76.842507, 2.436481]]]]}, "properties": {"zu_cnmbre": "LA VENTA", "zu_narea": 24444.4341366, "zu_nano": 2025}},{"type": "Feature", "geometry": {"type": "MultiPolygon", "coordinates": [[[[-76.835453, 2.437082], [-76.835707, 2.435708], [-76.836791, 2.435915], [-76.836829, 2.436799], [-76.838865, 2.437226], [-76.837003, 2.438219], [-76.836097, 2.437918], [-76.835993, 2.437394], [-76.835681, 2.437333], [-76.835092, 2.437903], [-76.835221, 2.438187], [-76.834879, 2.438565], [-76.835089, 2.438784], [-76.83436, 2.438858], [-76.834059, 2.438331], [-76.833789, 2.438853], [-76.833863, 2.438485], [-76.833497, 2.438275], [-76.833792, 2.437585], [-76.835453, 2.437082]]], [[[-76.827314, 2.440926], [-76.829016, 2.439771], [-76.82999, 2.439798], [-76.829773, 2.440169], [-76.829092, 2.439949], [-76.828511, 2.440684], [-76.827314, 2.440926]]], [[[-76.835684, 2.444584], [-76.834847, 2.443711], [-76.834061, 2.443526], [-76.83412, 2.443144], [-76.832801, 2.442082], [-76.833164, 2.44112], [-76.831603, 2.439864], [-76.830794, 2.439944], [-76.830713, 2.439681], [-76.831856, 2.43979], [-76.832561, 2.439209], [-76.833046, 2.439191], [-76.832887, 2.440045], [-76.833296, 2.440278], [-76.832941, 2.44075], [-76.833195, 2.440978], [-76.83355, 2.440621], [-76.833902, 2.441015], [-76.833802, 2.442477], [-76.834182, 2.443173], [-76.835991, 2.444496], [-76.835684, 2.444584]]]]}, "properties": {"zu_cnmbre": "ZARZALITO", "zu_narea": 129040.129568, "zu_nano": 2025}},{"type": "Feature", "geometry": {"type": "Polygon", "coordinates": [[[-76.846566, 2.436346], [-76.846093, 2.436286], [-76.846387, 2.436864], [-76.84614, 2.438042], [-76.845931, 2.437908], [-76.845808, 2.438359], [-76.84543, 2.438344], [-76.845312, 2.438033], [-76.846005, 2.437465], [-76.846204, 2.436855], [-76.84529, 2.43666], [-76.844852, 2.436067], [-76.845446, 2.435511], [-76.845441, 2.436189], [-76.846065, 2.435804], [-76.846454, 2.435929], [-76.846566, 2.436346]]]}, "properties": {"zu_cnmbre": "SAN ROQUE CAÑAVERAL", "zu_narea": 20744.2404707, "zu_nano": 2025}},{"type": "Feature", "geometry": {"type": "Polygon", "coordinates": [[[-76.752276, 2.207778], [-76.751925, 2.207626], [-76.752237, 2.207242], [-76.752013, 2.206591], [-76.752346, 2.206532], [-76.752074, 2.205858], [-76.752231, 2.205171], [-76.752466, 2.206038], [-76.752838, 2.206225], [-76.753349, 2.205896], [-76.753104, 2.205324], [-76.753354, 2.205109], [-76.753774, 2.205739], [-76.753729, 2.206391], [-76.754514, 2.206673], [-76.754823, 2.206396], [-76.755456, 2.206746], [-76.755368, 2.207034], [-76.752699, 2.206605], [-76.752806, 2.207212], [-76.752276, 2.207778]]]}, "properties": {"zu_cnmbre": "FRONTINO ALTO", "zu_narea": 31541.8920779, "zu_nano": 2025}},{"type": "Feature", "geometry": {"type": "Polygon", "coordinates": [[[-76.826612, 2.060438], [-76.826595, 2.060945], [-76.82696, 2.061028], [-76.826261, 2.062452], [-76.826411, 2.063396], [-76.825846, 2.063126], [-76.825891, 2.062879], [-76.825551, 2.063327], [-76.824692, 2.063294], [-76.824976, 2.062826], [-76.825279, 2.063085], [-76.825767, 2.062777], [-76.826308, 2.061868], [-76.826266, 2.060678], [-76.826612, 2.060438]]]}, "properties": {"zu_cnmbre": "EL GUAYABO", "zu_narea": 18263.9572751, "zu_nano": 2025}},{"type": "Feature", "geometry": {"type": "Polygon", "coordinates": [[[-75.577274, 2.102122], [-75.577331, 2.101626], [-75.576099, 2.100751], [-75.576454, 2.100439], [-75.576666, 2.100718], [-75.577223, 2.100525], [-75.577234, 2.101176], [-75.578658, 2.103072], [-75.578488, 2.103301], [-75.579293, 2.10327], [-75.579466, 2.103701], [-75.579244, 2.103923], [-75.57838, 2.10368], [-75.577274, 2.102122]]]}, "properties": {"zu_cnmbre": "EL RECREO", "zu_narea": 28104.5486689, "zu_nano": 2025}},{"type": "Feature", "geometry": {"type": "Polygon", "coordinates": [[[-76.176641, 2.015302], [-76.175801, 2.014775], [-76.1762, 2.013738], [-76.17669, 2.013832], [-76.176898, 2.015103], [-76.178542, 2.015117], [-76.178862, 2.014674], [-76.178734, 2.015118], [-76.179905, 2.015633], [-76.180589, 2.014612], [-76.181152, 2.014845], [-76.180951, 2.015485], [-76.181214, 2.015883], [-76.182293, 2.015823], [-76.182806, 2.016552], [-76.18355, 2.016457], [-76.183774, 2.016042], [-76.184876, 2.016646], [-76.184792, 2.01698], [-76.186703, 2.017458], [-76.186804, 2.017077], [-76.18726, 2.017156], [-76.189529, 2.018537], [-76.188877, 2.018642], [-76.183398, 2.016619], [-76.182855, 2.016764], [-76.182775, 2.017163], [-76.18214, 2.016882], [-76.181961, 2.017297], [-76.181284, 2.017308], [-76.181382, 2.016786], [-76.1806, 2.016982], [-76.179372, 2.015835], [-76.178593, 2.015753], [-76.17767, 2.016388], [-76.177951, 2.015819], [-76.177701, 2.015464], [-76.177215, 2.01526], [-76.176504, 2.015823], [-76.17623, 2.015643], [-76.176641, 2.015302]]]}, "properties": {"zu_cnmbre": "BUENOS AIRES", "zu_narea": 124822.691443, "zu_nano": 2025}},{"type": "Feature", "geometry": {"type": "Polygon", "coordinates": [[[-76.022501, 2.117466], [-76.021792, 2.11704], [-76.022148, 2.116933], [-76.022073, 2.116314], [-76.022355, 2.116271], [-76.022453, 2.115649], [-76.022865, 2.115558], [-76.022725, 2.114719], [-76.022373, 2.114661], [-76.022998, 2.114369], [-76.02355, 2.114876], [-76.023301, 2.11538], [-76.023289, 2.119638], [-76.023084, 2.118929], [-76.022611, 2.118856], [-76.022501, 2.117466]]]}, "properties": {"zu_cnmbre": "BUENOS AIRES", "zu_narea": 52439.665535, "zu_nano": 2025}},{"type": "Feature", "geometry": {"type": "Polygon", "coordinates": [[[-75.969023, 2.266163], [-75.968967, 2.265828], [-75.967235, 2.265817], [-75.966988, 2.265423], [-75.968614, 2.264913], [-75.968749, 2.263749], [-75.968366, 2.26392], [-75.967948, 2.263361], [-75.968394, 2.263196], [-75.968458, 2.262494], [-75.968908, 2.262539], [-75.969348, 2.262107], [-75.969098, 2.261826], [-75.969343, 2.261607], [-75.969584, 2.261906], [-75.970519, 2.260471], [-75.97117, 2.260158], [-75.970955, 2.258777], [-75.971335, 2.259228], [-75.971759, 2.258774], [-75.972052, 2.259117], [-75.971702, 2.260118], [-75.972723, 2.260716], [-75.970632, 2.262961], [-75.970516, 2.26429], [-75.969238, 2.264764], [-75.969426, 2.266109], [-75.969023, 2.266163]]]}, "properties": {"zu_cnmbre": "GALLEGO", "zu_narea": 155326.9378, "zu_nano": 2025}},{"type": "Feature", "geometry": {"type": "Polygon", "coordinates": [[[-76.183463, 2.068019], [-76.183527, 2.06727], [-76.183202, 2.067166], [-76.183621, 2.066704], [-76.183475, 2.066487], [-76.185155, 2.065235], [-76.184189, 2.063256], [-76.184515, 2.063052], [-76.184845, 2.063626], [-76.185668, 2.06364], [-76.186287, 2.064322], [-76.186697, 2.064054], [-76.186854, 2.064306], [-76.186933, 2.064623], [-76.186597, 2.064871], [-76.186471, 2.064686], [-76.185458, 2.065251], [-76.185249, 2.065868], [-76.18684, 2.065826], [-76.188022, 2.066517], [-76.188718, 2.067273], [-76.188429, 2.067543], [-76.189495, 2.068618], [-76.189798, 2.06856], [-76.189809, 2.069315], [-76.189597, 2.069648], [-76.188947, 2.069279], [-76.189041, 2.068888], [-76.188611, 2.068311], [-76.188131, 2.068774], [-76.188441, 2.068215], [-76.187108, 2.067419], [-76.186173, 2.067924], [-76.185285, 2.066629], [-76.185877, 2.066094], [-76.184555, 2.066587], [-76.183463, 2.068019]]]}, "properties": {"zu_cnmbre": "MORELIA", "zu_narea": 132242.981568, "zu_nano": 2025}},{"type": "Feature", "geometry": {"type": "Polygon", "coordinates": [[[-76.395389, 1.898917], [-76.394429, 1.899322], [-76.394598, 1.899657], [-76.393576, 1.900249], [-76.393744, 1.900549], [-76.392529, 1.900889], [-76.392714, 1.901504], [-76.391811, 1.901306], [-76.390771, 1.901933], [-76.390632, 1.90147], [-76.391039, 1.901325], [-76.390946, 1.901073], [-76.392013, 1.900485], [-76.391847, 1.900252], [-76.39278, 1.899588], [-76.392631, 1.899374], [-76.393436, 1.898821], [-76.393742, 1.898925], [-76.39393, 1.898266], [-76.395435, 1.898237], [-76.395389, 1.898917]]]}, "properties": {"zu_cnmbre": "VILLA FÁTIMA", "zu_narea": 68706.6039503, "zu_nano": 2025}},{"type": "Feature", "geometry": {"type": "Polygon", "coordinates": [[[-76.423254, 1.920743], [-76.422709, 1.920298], [-76.423848, 1.919848], [-76.423754, 1.918363], [-76.423956, 1.918374], [-76.424377, 1.920087], [-76.424868, 1.92066], [-76.424888, 1.921228], [-76.425233, 1.921347], [-76.424701, 1.92146], [-76.424156, 1.920851], [-76.423254, 1.920743]]]}, "properties": {"zu_cnmbre": "PUERTO QUINCHANA", "zu_narea": 27235.0102868, "zu_nano": 2025}},{"type": "Feature", "geometry": {"type": "Polygon", "coordinates": [[[-75.885658, 1.961723], [-75.884468, 1.96216], [-75.884953, 1.961593], [-75.884472, 1.961071], [-75.885051, 1.96049], [-75.884982, 1.959735], [-75.885407, 1.959534], [-75.885386, 1.958854], [-75.885795, 1.959516], [-75.886024, 1.959337], [-75.886403, 1.959746], [-75.886053, 1.960596], [-75.886522, 1.961035], [-75.886945, 1.960924], [-75.887504, 1.959846], [-75.887012, 1.959501], [-75.887237, 1.959071], [-75.888157, 1.959356], [-75.887896, 1.959582], [-75.888195, 1.959718], [-75.888231, 1.961009], [-75.886744, 1.961954], [-75.886525, 1.962584], [-75.886043, 1.962532], [-75.885979, 1.963333], [-75.885651, 1.963371], [-75.885379, 1.962847], [-75.885788, 1.96224], [-75.885658, 1.961723]]]}, "properties": {"zu_cnmbre": "SAN ANTONIO", "zu_narea": 93962.5987581, "zu_nano": 2025}},{"type": "Feature", "geometry": {"type": "Polygon", "coordinates": [[[-75.909942, 1.957396], [-75.90927, 1.957121], [-75.909296, 1.95681], [-75.909653, 1.956812], [-75.909507, 1.956318], [-75.909872, 1.95667], [-75.910549, 1.956388], [-75.910822, 1.957309], [-75.911182, 1.95747], [-75.910886, 1.95867], [-75.911147, 1.958684], [-75.911092, 1.959218], [-75.911544, 1.959604], [-75.910851, 1.960735], [-75.910843, 1.961885], [-75.910323, 1.962591], [-75.91059, 1.964095], [-75.910272, 1.964097], [-75.909854, 1.962929], [-75.909718, 1.963882], [-75.908617, 1.964195], [-75.907096, 1.962664], [-75.907379, 1.962607], [-75.907961, 1.960769], [-75.908724, 1.96053], [-75.908838, 1.959478], [-75.90928, 1.959532], [-75.909271, 1.959252], [-75.910289, 1.958656], [-75.909942, 1.957396]]]}, "properties": {"zu_cnmbre": "QUINCHE", "zu_narea": 199788.768973, "zu_nano": 2025}},{"type": "Feature", "geometry": {"type": "Polygon", "coordinates": [[[-75.892493, 1.959463], [-75.891529, 1.958828], [-75.890786, 1.957189], [-75.891075, 1.956679], [-75.891464, 1.9567], [-75.891676, 1.955547], [-75.892111, 1.955284], [-75.891694, 1.956894], [-75.891851, 1.957123], [-75.892404, 1.956452], [-75.893329, 1.958139], [-75.893767, 1.95855], [-75.894145, 1.958497], [-75.894028, 1.958797], [-75.894474, 1.959314], [-75.894188, 1.95937], [-75.894953, 1.96046], [-75.894869, 1.960829], [-75.89512, 1.960735], [-75.895745, 1.961505], [-75.895563, 1.961912], [-75.895383, 1.961701], [-75.893834, 1.962453], [-75.893916, 1.961311], [-75.892425, 1.960399], [-75.892493, 1.959463]]]}, "properties": {"zu_cnmbre": "SAN ISIDRO", "zu_narea": 139670.411074, "zu_nano": 2025}},{"type": "Feature", "geometry": {"type": "Polygon", "coordinates": [[[-75.90417, 1.942346], [-75.904742, 1.942824], [-75.904201, 1.945393], [-75.90459, 1.94546], [-75.904215, 1.945527], [-75.904282, 1.945903], [-75.904571, 1.945782], [-75.904415, 1.946292], [-75.904821, 1.946307], [-75.904757, 1.946787], [-75.905694, 1.948552], [-75.904697, 1.948756], [-75.904747, 1.948313], [-75.904498, 1.94822], [-75.904755, 1.947096], [-75.903756, 1.946172], [-75.903801, 1.945676], [-75.903084, 1.945833], [-75.903715, 1.945003], [-75.903756, 1.944527], [-75.90334, 1.944325], [-75.903983, 1.944034], [-75.90403, 1.942681], [-75.90417, 1.942346]]]}, "properties": {"zu_cnmbre": "AGUAS CLARAS", "zu_narea": 51614.3425629, "zu_nano": 2025}},{"type": "Feature", "geometry": {"type": "MultiPolygon", "coordinates": [[[[-76.451997, 3.258079], [-76.450971, 3.257502], [-76.451801, 3.25717], [-76.451606, 3.25628], [-76.451977, 3.255981], [-76.4521, 3.25673], [-76.452558, 3.256754], [-76.452767, 3.257551], [-76.451997, 3.258079]]], [[[-76.458033, 3.258711], [-76.459982, 3.258823], [-76.461896, 3.260087], [-76.461275, 3.26097], [-76.460634, 3.260616], [-76.460479, 3.260928], [-76.458526, 3.260004], [-76.458516, 3.259164], [-76.45802, 3.25908], [-76.458033, 3.258711]]], [[[-76.452423, 3.260072], [-76.452154, 3.259733], [-76.452433, 3.259335], [-76.453523, 3.260554], [-76.452826, 3.261181], [-76.452788, 3.26067], [-76.45207, 3.260603], [-76.452423, 3.260072]]], [[[-76.454268, 3.261434], [-76.454453, 3.261138], [-76.455737, 3.261296], [-76.455739, 3.261043], [-76.456179, 3.261054], [-76.456337, 3.261711], [-76.455846, 3.26186], [-76.456071, 3.26241], [-76.45519, 3.262742], [-76.454268, 3.261434]]]]}, "properties": {"zu_cnmbre": "BOCAS DEL PALO", "zu_narea": 120876.044948, "zu_nano": 2025}},{"type": "Feature", "geometry": {"type": "Polygon", "coordinates": [[[-77.109507, 2.076865], [-77.109221, 2.076431], [-77.109874, 2.075765], [-77.110303, 2.076178], [-77.110627, 2.07607], [-77.11177, 2.074254], [-77.11195, 2.074505], [-77.112897, 2.074231], [-77.113449, 2.073326], [-77.11319, 2.072975], [-77.114223, 2.072336], [-77.11402, 2.071707], [-77.115157, 2.07144], [-77.115267, 2.07169], [-77.116273, 2.071113], [-77.116447, 2.071465], [-77.116972, 2.071233], [-77.117224, 2.071787], [-77.11602, 2.07244], [-77.115593, 2.074278], [-77.114364, 2.07518], [-77.113783, 2.076137], [-77.113613, 2.075972], [-77.113398, 2.07625], [-77.112673, 2.075449], [-77.112432, 2.075972], [-77.111951, 2.075691], [-77.110624, 2.077063], [-77.111314, 2.077523], [-77.110483, 2.078022], [-77.109997, 2.076999], [-77.109191, 2.077362], [-77.109507, 2.076865]]]}, "properties": {"zu_cnmbre": "EL VIJAL", "zu_narea": 190426.463059, "zu_nano": 2025}},{"type": "Feature", "geometry": {"type": "MultiPolygon", "coordinates": [[[[-77.207735, 2.083814], [-77.207548, 2.083098], [-77.20775, 2.082197], [-77.208113, 2.082267], [-77.208051, 2.083197], [-77.208362, 2.083191], [-77.208122, 2.083799], [-77.207735, 2.083814]]], [[[-77.205612, 2.087398], [-77.204812, 2.087087], [-77.204738, 2.086661], [-77.205356, 2.086512], [-77.20529, 2.085771], [-77.206232, 2.085443], [-77.20613, 2.084389], [-77.206537, 2.084056], [-77.206745, 2.084347], [-77.207277, 2.084217], [-77.207056, 2.084856], [-77.207259, 2.085505], [-77.20693, 2.085805], [-77.206676, 2.085618], [-77.206218, 2.087297], [-77.205608, 2.087943], [-77.205612, 2.087398]]]]}, "properties": {"zu_cnmbre": "PARAÍSO", "zu_narea": 55206.7722541, "zu_nano": 2025}},{"type": "Feature", "geometry": {"type": "Polygon", "coordinates": [[[-76.920427, 1.851284], [-76.92077, 1.850021], [-76.920347, 1.849641], [-76.921217, 1.849626], [-76.921203, 1.849918], [-76.921821, 1.850013], [-76.92224, 1.849443], [-76.923456, 1.849439], [-76.92321, 1.850356], [-76.922809, 1.850488], [-76.923223, 1.851179], [-76.921862, 1.850982], [-76.920776, 1.851424], [-76.920427, 1.851284]]]}, "properties": {"zu_cnmbre": "EL MORRO", "zu_narea": 46023.0530169, "zu_nano": 2025}},{"type": "Feature", "geometry": {"type": "Polygon", "coordinates": [[[-76.626947, 2.587035], [-76.626666, 2.585915], [-76.625582, 2.58639], [-76.625353, 2.585864], [-76.624637, 2.585637], [-76.624208, 2.585948], [-76.623998, 2.585678], [-76.623681, 2.58623], [-76.623112, 2.586056], [-76.623108, 2.585379], [-76.624052, 2.585525], [-76.624535, 2.584503], [-76.624129, 2.584305], [-76.624961, 2.582495], [-76.625257, 2.582573], [-76.625246, 2.581952], [-76.627442, 2.582656], [-76.627708, 2.583523], [-76.627294, 2.583701], [-76.627301, 2.584023], [-76.627594, 2.585024], [-76.627329, 2.585044], [-76.62741, 2.585998], [-76.626975, 2.586451], [-76.626947, 2.587035]]]}, "properties": {"zu_cnmbre": "LA CAPILLA", "zu_narea": 147824.245435, "zu_nano": 2025}},{"type": "Feature", "geometry": {"type": "Polygon", "coordinates": [[[-76.639704, 2.671851], [-76.638978, 2.671702], [-76.638896, 2.67123], [-76.639739, 2.670904], [-76.639757, 2.669108], [-76.639303, 2.667784], [-76.639685, 2.66779], [-76.640591, 2.66905], [-76.642389, 2.669527], [-76.641995, 2.669561], [-76.641946, 2.669855], [-76.641075, 2.669701], [-76.641051, 2.670382], [-76.64194, 2.67051], [-76.641933, 2.671081], [-76.641577, 2.671235], [-76.641534, 2.670906], [-76.640688, 2.670881], [-76.639704, 2.671851]]]}, "properties": {"zu_cnmbre": "LA PEDREGOSA", "zu_narea": 66199.3933422, "zu_nano": 2025}},{"type": "Feature", "geometry": {"type": "Polygon", "coordinates": [[[-76.8179, 2.695092], [-76.817192, 2.694349], [-76.818177, 2.692447], [-76.818525, 2.693165], [-76.819537, 2.69342], [-76.819017, 2.693829], [-76.819234, 2.69414], [-76.818845, 2.694317], [-76.818846, 2.694801], [-76.81825, 2.694266], [-76.8179, 2.695092]]]}, "properties": {"zu_cnmbre": "ORTEGA", "zu_narea": 34499.3303786, "zu_nano": 2025}},{"type": "Feature", "geometry": {"type": "Polygon", "coordinates": [[[-76.778687, 2.69684], [-76.777482, 2.697007], [-76.777883, 2.696497], [-76.77777, 2.696084], [-76.779124, 2.695851], [-76.779168, 2.69715], [-76.778687, 2.69684]]]}, "properties": {"zu_cnmbre": "LA LAGUNA DINDE", "zu_narea": 16232.8097587, "zu_nano": 2025}},{"type": "Feature", "geometry": {"type": "Polygon", "coordinates": [[[-77.071247, 1.719523], [-77.069859, 1.718251], [-77.069328, 1.718274], [-77.069185, 1.717659], [-77.070027, 1.717638], [-77.071301, 1.716619], [-77.070564, 1.715773], [-77.070544, 1.716107], [-77.069552, 1.716596], [-77.069587, 1.715565], [-77.070596, 1.715567], [-77.071415, 1.716303], [-77.072258, 1.716551], [-77.073072, 1.716158], [-77.07338, 1.71648], [-77.073061, 1.716866], [-77.073183, 1.717713], [-77.0728, 1.71772], [-77.07215, 1.718985], [-77.071247, 1.719523]]]}, "properties": {"zu_cnmbre": "EL ROSARIO", "zu_narea": 98767.0333177, "zu_nano": 2025}},{"type": "Feature", "geometry": {"type": "Polygon", "coordinates": [[[-76.382775, 3.139821], [-76.382653, 3.138148], [-76.382356, 3.137866], [-76.382763, 3.137236], [-76.38322, 3.1373], [-76.38371, 3.138043], [-76.383445, 3.138243], [-76.383698, 3.138494], [-76.383511, 3.13881], [-76.383842, 3.139173], [-76.383117, 3.139966], [-76.382775, 3.139821]]]}, "properties": {"zu_cnmbre": "CAMPOALEGRE", "zu_narea": 28863.2299842, "zu_nano": 2025}},{"type": "Feature", "geometry": {"type": "Polygon", "coordinates": [[[-77.750098, 2.466353], [-77.750651, 2.464428], [-77.751226, 2.464552], [-77.751407, 2.463997], [-77.751712, 2.464681], [-77.751275, 2.465059], [-77.751092, 2.466357], [-77.750098, 2.466353]]]}, "properties": {"zu_cnmbre": "CAIMITO", "zu_narea": 22348.1768739, "zu_nano": 2025}},{"type": "Feature", "geometry": {"type": "Polygon", "coordinates": [[[-76.740988, 2.199176], [-76.742569, 2.198719], [-76.743831, 2.197783], [-76.74598, 2.197874], [-76.747755, 2.197332], [-76.747467, 2.197078], [-76.748329, 2.196623], [-76.74924, 2.194859], [-76.748727, 2.193882], [-76.74916, 2.193517], [-76.749864, 2.193536], [-76.75096, 2.192574], [-76.751983, 2.19239], [-76.751235, 2.193894], [-76.750797, 2.194373], [-76.750654, 2.194167], [-76.749885, 2.194627], [-76.749486, 2.195865], [-76.748808, 2.196773], [-76.748519, 2.196619], [-76.748247, 2.19697], [-76.74861, 2.197331], [-76.748351, 2.198215], [-76.748041, 2.197989], [-76.747781, 2.198315], [-76.748082, 2.198711], [-76.747291, 2.198095], [-76.74598, 2.198651], [-76.744223, 2.198321], [-76.742534, 2.199171], [-76.740988, 2.199176]]]}, "properties": {"zu_cnmbre": "LA CUCHILLA ALTA", "zu_narea": 115102.583733, "zu_nano": 2025}},{"type": "Feature", "geometry": {"type": "Polygon", "coordinates": [[[-77.228669, 2.917767], [-77.228749, 2.916174], [-77.229128, 2.915621], [-77.230027, 2.915202], [-77.230473, 2.915406], [-77.230723, 2.915785], [-77.230019, 2.916909], [-77.229542, 2.917339], [-77.229311, 2.917039], [-77.22907, 2.917745], [-77.228669, 2.917767]]]}, "properties": {"zu_cnmbre": "PLAYA GRANDE", "zu_narea": 37198.3631374, "zu_nano": 2025}},{"type": "Feature", "geometry": {"type": "Polygon", "coordinates": [[[-76.027873, 2.725286], [-76.026974, 2.725274], [-76.026779, 2.724151], [-76.027305, 2.723816], [-76.027202, 2.723351], [-76.027462, 2.723153], [-76.027906, 2.723564], [-76.027966, 2.724475], [-76.028333, 2.72483], [-76.028314, 2.72577], [-76.027918, 2.725649], [-76.027873, 2.725286]]]}, "properties": {"zu_cnmbre": "MESA DE TÁLAGA", "zu_narea": 28530.0512269, "zu_nano": 2025}},{"type": "Feature", "geometry": {"type": "Polygon", "coordinates": [[[-76.017846, 2.692498], [-76.018383, 2.693543], [-76.017415, 2.694068], [-76.016265, 2.693762], [-76.016814, 2.692976], [-76.017846, 2.692498]]]}, "properties": {"zu_cnmbre": "VICANENGA", "zu_narea": 21731.1610878, "zu_nano": 2025}},{"type": "Feature", "geometry": {"type": "Polygon", "coordinates": [[[-75.967422, 2.647294], [-75.967974, 2.646377], [-75.969147, 2.645856], [-75.969339, 2.645335], [-75.969523, 2.645969], [-75.970369, 2.646647], [-75.96958, 2.647345], [-75.970256, 2.647261], [-75.970393, 2.647589], [-75.969213, 2.647399], [-75.969147, 2.648343], [-75.968402, 2.648541], [-75.967331, 2.650252], [-75.967482, 2.649831], [-75.966747, 2.649729], [-75.966516, 2.648776], [-75.967569, 2.648338], [-75.967422, 2.647294]]]}, "properties": {"zu_cnmbre": "LA MESA DE BELALCÁZAR", "zu_narea": 86826.1437089, "zu_nano": 2025}},{"type": "Feature", "geometry": {"type": "Polygon", "coordinates": [[[-77.009862, 2.208519], [-77.003992, 2.207219], [-77.002409, 2.207314], [-77.002328, 2.206775], [-77.003636, 2.206465], [-77.004803, 2.206651], [-77.005515, 2.206176], [-77.00604, 2.206746], [-77.007017, 2.206495], [-77.010284, 2.206962], [-77.009514, 2.207242], [-77.009826, 2.207951], [-77.010486, 2.208036], [-77.009873, 2.20812], [-77.009862, 2.208519]]]}, "properties": {"zu_cnmbre": "EL HOYO", "zu_narea": 99291.8998877, "zu_nano": 2025}},{"type": "Feature", "geometry": {"type": "Polygon", "coordinates": [[[-77.532102, 2.612695], [-77.532318, 2.613185], [-77.53191, 2.614803], [-77.531501, 2.61481], [-77.530616, 2.613681], [-77.530526, 2.612621], [-77.532102, 2.612695]]]}, "properties": {"zu_cnmbre": "EL REALITO", "zu_narea": 36568.266939, "zu_nano": 2025}},{"type": "Feature", "geometry": {"type": "Polygon", "coordinates": [[[-75.351565, 3.075919], [-75.350942, 3.075402], [-75.349274, 3.075347], [-75.347861, 3.073736], [-75.350422, 3.073947], [-75.350651, 3.073205], [-75.351131, 3.073713], [-75.352241, 3.073442], [-75.35246, 3.073777], [-75.352219, 3.075542], [-75.351565, 3.075919]]]}, "properties": {"zu_cnmbre": "PEÑAS BLANCAS", "zu_narea": 85295.3001553, "zu_nano": 2025}},{"type": "Feature", "geometry": {"type": "MultiPolygon", "coordinates": [[[[-75.337247, 2.677434], [-75.339819, 2.677692], [-75.338849, 2.677901], [-75.33891, 2.678335], [-75.338658, 2.678378], [-75.338575, 2.677895], [-75.337247, 2.677434]]], [[[-75.333962, 2.679498], [-75.333151, 2.680243], [-75.332989, 2.679883], [-75.336445, 2.677609], [-75.336438, 2.678212], [-75.33712, 2.678656], [-75.335959, 2.68062], [-75.335413, 2.680436], [-75.336302, 2.679329], [-75.335579, 2.678329], [-75.334602, 2.679086], [-75.334782, 2.67933], [-75.334357, 2.679705], [-75.333962, 2.679498]]]]}, "properties": {"zu_cnmbre": "LA ESPERANZA", "zu_narea": 38927.1495301, "zu_nano": 2025}},{"type": "Feature", "geometry": {"type": "Polygon", "coordinates": [[[-75.677803, 2.170083], [-75.675216, 2.170054], [-75.675165, 2.169263], [-75.674406, 2.169288], [-75.677235, 2.165472], [-75.677893, 2.165913], [-75.680577, 2.165399], [-75.681751, 2.167459], [-75.681347, 2.16791], [-75.681151, 2.167757], [-75.681517, 2.168554], [-75.679956, 2.169004], [-75.678824, 2.170099], [-75.678183, 2.170331], [-75.677803, 2.170083]]]}, "properties": {"zu_cnmbre": "LA JAGUA", "zu_narea": 277059.287912, "zu_nano": 2025}},{"type": "Feature", "geometry": {"type": "MultiPolygon", "coordinates": [[[[-76.053992, 2.179991], [-76.055011, 2.179328], [-76.055151, 2.179627], [-76.054151, 2.180187], [-76.053992, 2.179991]]], [[[-76.060281, 2.180057], [-76.059314, 2.17996], [-76.059286, 2.179569], [-76.058528, 2.179282], [-76.057085, 2.179419], [-76.057072, 2.179797], [-76.056247, 2.179712], [-76.056218, 2.179215], [-76.055362, 2.179368], [-76.056375, 2.178735], [-76.056441, 2.17831], [-76.056955, 2.178317], [-76.058143, 2.178803], [-76.058555, 2.178561], [-76.05854, 2.179282], [-76.059683, 2.179059], [-76.060999, 2.179935], [-76.060656, 2.180433], [-76.060281, 2.180057]]]]}, "properties": {"zu_cnmbre": "EL PENSIL", "zu_narea": 50084.5142875, "zu_nano": 2025}},{"type": "Feature", "geometry": {"type": "MultiPolygon", "coordinates": [[[[-75.903863, 2.047439], [-75.903931, 2.048331], [-75.903494, 2.048319], [-75.90353, 2.047628], [-75.903863, 2.047439]]], [[[-75.907957, 2.048572], [-75.907813, 2.048912], [-75.907091, 2.049033], [-75.907611, 2.048803], [-75.907957, 2.048572]]], [[[-75.90707, 2.049195], [-75.907161, 2.049454], [-75.906007, 2.049571], [-75.906021, 2.049467], [-75.90707, 2.049195]]], [[[-75.909737, 2.049936], [-75.908651, 2.049449], [-75.909232, 2.049166], [-75.908871, 2.048738], [-75.909434, 2.048379], [-75.909263, 2.048081], [-75.905225, 2.049024], [-75.904588, 2.048383], [-75.904573, 2.047642], [-75.904889, 2.047413], [-75.904159, 2.047018], [-75.90455, 2.047119], [-75.905028, 2.046537], [-75.905521, 2.046464], [-75.905587, 2.047115], [-75.906122, 2.047092], [-75.906145, 2.046765], [-75.906873, 2.046484], [-75.906694, 2.04559], [-75.907621, 2.045519], [-75.907866, 2.045782], [-75.909639, 2.045329], [-75.910456, 2.04572], [-75.910759, 2.045173], [-75.911569, 2.044986], [-75.911669, 2.045458], [-75.912322, 2.045616], [-75.911231, 2.045948], [-75.911806, 2.046217], [-75.91137, 2.046661], [-75.912036, 2.046389], [-75.912606, 2.046626], [-75.912848, 2.046052], [-75.913377, 2.046694], [-75.911867, 2.047618], [-75.911432, 2.048253], [-75.911338, 2.049412], [-75.910716, 2.049343], [-75.910666, 2.04987], [-75.909737, 2.049936]]]]}, "properties": {"zu_cnmbre": "MAITO", "zu_narea": 290937.369527, "zu_nano": 2025}},{"type": "Feature", "geometry": {"type": "Polygon", "coordinates": [[[-75.04368, 2.951245], [-75.041929, 2.950761], [-75.042157, 2.950555], [-75.040815, 2.94955], [-75.04127, 2.949589], [-75.040346, 2.947802], [-75.04144, 2.947977], [-75.04213, 2.949528], [-75.043545, 2.950598], [-75.043565, 2.951094], [-75.043873, 2.951153], [-75.04368, 2.951245]]]}, "properties": {"zu_cnmbre": "ANACLETO GARCÍA", "zu_narea": 44873.1306744, "zu_nano": 2025}},{"type": "Feature", "geometry": {"type": "Polygon", "coordinates": [[[-75.851882, 2.019142], [-75.849945, 2.018206], [-75.849776, 2.018401], [-75.849512, 2.018172], [-75.849133, 2.018703], [-75.849261, 2.018201], [-75.848946, 2.017993], [-75.848631, 2.018405], [-75.848343, 2.017897], [-75.848509, 2.017469], [-75.848194, 2.01658], [-75.849002, 2.01632], [-75.84869, 2.015551], [-75.848774, 2.014125], [-75.849032, 2.013748], [-75.849327, 2.013939], [-75.849705, 2.013605], [-75.849816, 2.012803], [-75.850102, 2.012833], [-75.850071, 2.01319], [-75.850868, 2.012853], [-75.851289, 2.013245], [-75.850845, 2.013725], [-75.851259, 2.014864], [-75.852605, 2.014586], [-75.853062, 2.014073], [-75.853028, 2.013445], [-75.854617, 2.014201], [-75.854174, 2.014981], [-75.852863, 2.016091], [-75.852336, 2.017305], [-75.851556, 2.017132], [-75.851355, 2.017844], [-75.851622, 2.018053], [-75.851906, 2.017658], [-75.852588, 2.018875], [-75.851882, 2.019142]]]}, "properties": {"zu_cnmbre": "NARANJAL", "zu_narea": 260445.125321, "zu_nano": 2025}},{"type": "Feature", "geometry": {"type": "Polygon", "coordinates": [[[-75.1119, 3.37433], [-75.110003, 3.372442], [-75.110077, 3.369489], [-75.112418, 3.366696], [-75.111535, 3.366486], [-75.111927, 3.364803], [-75.1126, 3.364884], [-75.112697, 3.365707], [-75.112945, 3.364726], [-75.114075, 3.363509], [-75.114448, 3.363461], [-75.114956, 3.364327], [-75.113664, 3.365221], [-75.113032, 3.366188], [-75.112754, 3.367721], [-75.1124, 3.367657], [-75.112373, 3.36796], [-75.11233, 3.368775], [-75.112763, 3.368581], [-75.113258, 3.370052], [-75.113179, 3.370925], [-75.113815, 3.37146], [-75.113927, 3.372266], [-75.112042, 3.373192], [-75.1119, 3.37433]]]}, "properties": {"zu_cnmbre": "SAN ALFONSO", "zu_narea": 264670.369421, "zu_nano": 2025}},{"type": "Feature", "geometry": {"type": "Polygon", "coordinates": [[[-76.649714, 2.505702], [-76.647959, 2.505202], [-76.647701, 2.504594], [-76.646314, 2.503925], [-76.645906, 2.503281], [-76.644622, 2.502419], [-76.643344, 2.502056], [-76.64243, 2.50263], [-76.641694, 2.502409], [-76.641558, 2.502863], [-76.640836, 2.502341], [-76.641082, 2.50097], [-76.642931, 2.500574], [-76.642725, 2.499952], [-76.643501, 2.499646], [-76.644607, 2.499964], [-76.645315, 2.498815], [-76.647131, 2.498013], [-76.647831, 2.498169], [-76.647858, 2.498977], [-76.648735, 2.499331], [-76.649303, 2.497957], [-76.649775, 2.497957], [-76.649906, 2.498334], [-76.650451, 2.498533], [-76.649482, 2.499663], [-76.649995, 2.49992], [-76.649502, 2.501186], [-76.649748, 2.501999], [-76.650439, 2.501841], [-76.650517, 2.502161], [-76.649712, 2.502431], [-76.64952, 2.504429], [-76.649184, 2.505072], [-76.649714, 2.505702]]]}, "properties": {"zu_cnmbre": "LA LAJA", "zu_narea": 457301.858812, "zu_nano": 2025}},{"type": "Feature", "geometry": {"type": "Polygon", "coordinates": [[[-76.61849, 2.538541], [-76.615372, 2.534524], [-76.615494, 2.533879], [-76.617076, 2.534271], [-76.618474, 2.533425], [-76.618784, 2.533655], [-76.620217, 2.533305], [-76.620151, 2.533838], [-76.619195, 2.534322], [-76.619608, 2.535003], [-76.618961, 2.535159], [-76.618532, 2.535775], [-76.620028, 2.536215], [-76.619631, 2.536623], [-76.620118, 2.537057], [-76.61973, 2.537645], [-76.619925, 2.537769], [-76.619318, 2.53763], [-76.61849, 2.538541]]]}, "properties": {"zu_cnmbre": "VILLANUEVA", "zu_narea": 155985.640503, "zu_nano": 2025}},{"type": "Feature", "geometry": {"type": "Polygon", "coordinates": [[[-76.335218, 2.993129], [-76.334654, 2.992481], [-76.334323, 2.99262], [-76.334516, 2.992216], [-76.333848, 2.991421], [-76.33488, 2.99117], [-76.33464, 2.991824], [-76.335616, 2.992991], [-76.335218, 2.993129]]]}, "properties": {"zu_cnmbre": "LOMA PELADA", "zu_narea": 13859.9292687, "zu_nano": 2025}},{"type": "Feature", "geometry": {"type": "Polygon", "coordinates": [[[-76.309325, 3.038016], [-76.308908, 3.037816], [-76.307947, 3.038087], [-76.30795, 3.037286], [-76.307319, 3.037275], [-76.307906, 3.036056], [-76.307127, 3.035544], [-76.307426, 3.035297], [-76.307035, 3.034792], [-76.307376, 3.034616], [-76.307041, 3.033961], [-76.306395, 3.033706], [-76.305994, 3.03406], [-76.305754, 3.033773], [-76.305958, 3.032948], [-76.305759, 3.032407], [-76.306303, 3.032019], [-76.306593, 3.033404], [-76.308054, 3.033148], [-76.307773, 3.033596], [-76.308187, 3.034323], [-76.30752, 3.0336], [-76.30695, 3.033654], [-76.307968, 3.035356], [-76.308271, 3.035084], [-76.30853, 3.035294], [-76.308381, 3.035919], [-76.308707, 3.03615], [-76.308827, 3.037002], [-76.309392, 3.036962], [-76.309325, 3.038016]]]}, "properties": {"zu_cnmbre": "EL PAJARITO", "zu_narea": 72174.0086744, "zu_nano": 2025}},{"type": "Feature", "geometry": {"type": "Polygon", "coordinates": [[[-76.30397, 3.005754], [-76.303477, 3.005613], [-76.30349, 3.005351], [-76.304212, 3.005079], [-76.304543, 3.004215], [-76.304238, 3.003943], [-76.304386, 3.003744], [-76.305245, 3.004597], [-76.30397, 3.005754]]]}, "properties": {"zu_cnmbre": "CARPINTERO", "zu_narea": 13841.7514405, "zu_nano": 2025}},{"type": "Feature", "geometry": {"type": "Polygon", "coordinates": [[[-76.047128, 2.538276], [-76.046337, 2.538311], [-76.046071, 2.538773], [-76.045986, 2.538297], [-76.044648, 2.538522], [-76.044342, 2.537838], [-76.044565, 2.537443], [-76.045259, 2.5379], [-76.04528, 2.537377], [-76.045852, 2.537406], [-76.04623, 2.537024], [-76.046136, 2.536516], [-76.046889, 2.536754], [-76.047133, 2.537387], [-76.0467, 2.537703], [-76.046426, 2.537418], [-76.046637, 2.537216], [-76.046192, 2.537406], [-76.045472, 2.537476], [-76.045616, 2.538158], [-76.047042, 2.53803], [-76.047128, 2.538276]]]}, "properties": {"zu_cnmbre": "ALTO DE LA CRUZ", "zu_narea": 24098.1610895, "zu_nano": 2025}},{"type": "Feature", "geometry": {"type": "Polygon", "coordinates": [[[-76.081497, 2.722003], [-76.080189, 2.721978], [-76.080069, 2.721686], [-76.081155, 2.720921], [-76.08127, 2.720043], [-76.080975, 2.719568], [-76.08183, 2.719075], [-76.082159, 2.719696], [-76.085192, 2.721385], [-76.084862, 2.721557], [-76.084106, 2.721135], [-76.084036, 2.721958], [-76.08272, 2.721511], [-76.082689, 2.721855], [-76.082187, 2.721585], [-76.081959, 2.721771], [-76.08195, 2.722291], [-76.081497, 2.722003]]]}, "properties": {"zu_cnmbre": "VITONCO CENTRO", "zu_narea": 84659.5833245, "zu_nano": 2025}},{"type": "Feature", "geometry": {"type": "MultiPolygon", "coordinates": [[[[-76.11377, 2.73372], [-76.112813, 2.733969], [-76.112449, 2.733738], [-76.11377, 2.73372]]], [[[-76.113999, 2.734824], [-76.113431, 2.734964], [-76.113781, 2.73478], [-76.113712, 2.734146], [-76.114561, 2.734079], [-76.114681, 2.733787], [-76.115401, 2.733921], [-76.114529, 2.734773], [-76.1144, 2.735421], [-76.113999, 2.734824]]]]}, "properties": {"zu_cnmbre": "LA TROJA", "zu_narea": 21003.4478186, "zu_nano": 2025}},{"type": "Feature", "geometry": {"type": "Polygon", "coordinates": [[[-76.155405, 2.73829], [-76.154952, 2.737797], [-76.153984, 2.737562], [-76.154036, 2.737112], [-76.154976, 2.736732], [-76.155736, 2.73741], [-76.15636, 2.7371], [-76.156573, 2.737322], [-76.156199, 2.737864], [-76.156412, 2.738178], [-76.155405, 2.73829]]]}, "properties": {"zu_cnmbre": "BOTATIERRA", "zu_narea": 28196.3576341, "zu_nano": 2025}},{"type": "Feature", "geometry": {"type": "Polygon", "coordinates": [[[-76.590975, 2.925841], [-76.590817, 2.925507], [-76.590142, 2.925886], [-76.588646, 2.925433], [-76.589433, 2.923648], [-76.58987, 2.924003], [-76.590534, 2.923497], [-76.590889, 2.924434], [-76.590396, 2.924795], [-76.590559, 2.925399], [-76.590936, 2.925493], [-76.59111, 2.924878], [-76.592308, 2.924039], [-76.592667, 2.924285], [-76.592996, 2.924102], [-76.593021, 2.924455], [-76.590975, 2.925841]]]}, "properties": {"zu_cnmbre": "LAS DELICIAS", "zu_narea": 55583.4842477, "zu_nano": 2025}},{"type": "Feature", "geometry": {"type": "Polygon", "coordinates": [[[-76.445594, 2.838082], [-76.445286, 2.838907], [-76.445848, 2.839056], [-76.445715, 2.839466], [-76.444919, 2.839862], [-76.444823, 2.839494], [-76.445195, 2.839068], [-76.444707, 2.838533], [-76.445234, 2.838275], [-76.44495, 2.837842], [-76.445331, 2.837302], [-76.444565, 2.836721], [-76.444609, 2.83629], [-76.445336, 2.83635], [-76.445613, 2.835711], [-76.445883, 2.837104], [-76.44534, 2.83779], [-76.445594, 2.838082]]]}, "properties": {"zu_cnmbre": "PLAN DE ZUÑIGA", "zu_narea": 29704.5600326, "zu_nano": 2025}},{"type": "Feature", "geometry": {"type": "Polygon", "coordinates": [[[-76.461626, 2.845449], [-76.460149, 2.845495], [-76.460729, 2.845394], [-76.460748, 2.844615], [-76.461138, 2.84441], [-76.460761, 2.844284], [-76.461195, 2.843746], [-76.46033, 2.843574], [-76.460815, 2.842988], [-76.460568, 2.842021], [-76.459827, 2.841154], [-76.459169, 2.841281], [-76.459042, 2.840936], [-76.459653, 2.840932], [-76.459723, 2.840682], [-76.458758, 2.839736], [-76.459118, 2.839649], [-76.459639, 2.840331], [-76.459908, 2.839878], [-76.460405, 2.840624], [-76.461208, 2.840308], [-76.460325, 2.84108], [-76.460379, 2.841362], [-76.461088, 2.84252], [-76.461712, 2.842521], [-76.461179, 2.842862], [-76.461303, 2.843396], [-76.461774, 2.843707], [-76.461171, 2.844302], [-76.462195, 2.844899], [-76.461626, 2.845449]]]}, "properties": {"zu_cnmbre": "NARCIZO", "zu_narea": 53893.6853519, "zu_nano": 2025}},{"type": "Feature", "geometry": {"type": "Polygon", "coordinates": [[[-76.463828, 2.837036], [-76.464169, 2.836435], [-76.466383, 2.838098], [-76.466768, 2.837972], [-76.466855, 2.838617], [-76.466385, 2.838802], [-76.465793, 2.838491], [-76.465646, 2.837812], [-76.463828, 2.837036]]]}, "properties": {"zu_cnmbre": "CARRIZAL", "zu_narea": 20315.9104727, "zu_nano": 2025}},{"type": "Feature", "geometry": {"type": "MultiPolygon", "coordinates": [[[[-76.482793, 2.807112], [-76.482838, 2.806824], [-76.482977, 2.806945], [-76.482793, 2.807112]]], [[[-76.483188, 2.807252], [-76.483259, 2.807062], [-76.483316, 2.807254], [-76.483188, 2.807252]]], [[[-76.483638, 2.808586], [-76.48389, 2.808441], [-76.484049, 2.808869], [-76.483638, 2.808586]]], [[[-76.48265, 2.808991], [-76.482137, 2.808599], [-76.482579, 2.807114], [-76.48286, 2.807352], [-76.482486, 2.80794], [-76.483099, 2.808279], [-76.483144, 2.809571], [-76.482779, 2.809602], [-76.48265, 2.808991]]]]}, "properties": {"zu_cnmbre": "CHINDACO", "zu_narea": 15976.2963555, "zu_nano": 2025}},{"type": "Feature", "geometry": {"type": "Polygon", "coordinates": [[[-76.76335, 2.412375], [-76.762517, 2.412556], [-76.762356, 2.412313], [-76.763323, 2.412168], [-76.76374, 2.411585], [-76.764171, 2.412056], [-76.764711, 2.411741], [-76.764885, 2.411058], [-76.765628, 2.41027], [-76.764124, 2.408918], [-76.763342, 2.409931], [-76.763043, 2.408789], [-76.762752, 2.408756], [-76.762332, 2.409362], [-76.761847, 2.409233], [-76.762532, 2.407881], [-76.762139, 2.407678], [-76.760883, 2.408099], [-76.759936, 2.409172], [-76.759815, 2.407999], [-76.76039, 2.408274], [-76.760724, 2.40806], [-76.761345, 2.406889], [-76.760858, 2.406495], [-76.760292, 2.406885], [-76.759879, 2.406563], [-76.759799, 2.406119], [-76.760142, 2.405803], [-76.759796, 2.405695], [-76.759552, 2.404192], [-76.75872, 2.403832], [-76.758462, 2.404225], [-76.757893, 2.404164], [-76.758005, 2.403084], [-76.757567, 2.402446], [-76.757945, 2.402014], [-76.759547, 2.40388], [-76.760374, 2.403483], [-76.760667, 2.403937], [-76.761283, 2.402674], [-76.761165, 2.403309], [-76.761431, 2.403401], [-76.762031, 2.402889], [-76.762929, 2.402869], [-76.762894, 2.402395], [-76.763386, 2.402085], [-76.764307, 2.402145], [-76.764958, 2.401765], [-76.765147, 2.402037], [-76.763439, 2.402745], [-76.762857, 2.403407], [-76.762869, 2.403862], [-76.762391, 2.403593], [-76.762088, 2.403881], [-76.761535, 2.403786], [-76.760522, 2.404512], [-76.760598, 2.405154], [-76.760218, 2.405875], [-76.76097, 2.406054], [-76.761295, 2.405684], [-76.761815, 2.40579], [-76.761755, 2.406135], [-76.762094, 2.406346], [-76.761478, 2.407047], [-76.761717, 2.407437], [-76.762025, 2.407514], [-76.762023, 2.40717], [-76.762735, 2.406595], [-76.763419, 2.407566], [-76.764085, 2.406579], [-76.764129, 2.405534], [-76.764403, 2.406797], [-76.764084, 2.407088], [-76.764408, 2.407074], [-76.764545, 2.407775], [-76.765349, 2.407548], [-76.765207, 2.407229], [-76.765489, 2.407156], [-76.765587, 2.407547], [-76.767679, 2.406505], [-76.767796, 2.406951], [-76.766317, 2.407468], [-76.76654, 2.408506], [-76.766296, 2.409128], [-76.766713, 2.409457], [-76.767723, 2.40884], [-76.768552, 2.408914], [-76.768195, 2.410637], [-76.769676, 2.411028], [-76.769542, 2.411423], [-76.769942, 2.411817], [-76.769899, 2.411545], [-76.770501, 2.411547], [-76.770631, 2.410973], [-76.77086, 2.411037], [-76.77074, 2.411387], [-76.771376, 2.41141], [-76.771496, 2.411097], [-76.771771, 2.41148], [-76.772525, 2.411525], [-76.772818, 2.411114], [-76.773289, 2.4113], [-76.772841, 2.411363], [-76.772434, 2.411957], [-76.771866, 2.411797], [-76.771913, 2.412496], [-76.771186, 2.412256], [-76.770408, 2.412512], [-76.770001, 2.412037], [-76.769142, 2.411959], [-76.769272, 2.41166], [-76.768678, 2.411408], [-76.767791, 2.411439], [-76.767787, 2.410819], [-76.766643, 2.409647], [-76.766676, 2.409997], [-76.765464, 2.410968], [-76.765429, 2.411672], [-76.765824, 2.412087], [-76.764868, 2.41234], [-76.7646, 2.412863], [-76.763747, 2.413276], [-76.763212, 2.412565], [-76.76335, 2.412375]]]}, "properties": {"zu_cnmbre": "LOMA DE ASTUDILLO", "zu_narea": 365708.375482, "zu_nano": 2025}},{"type": "Feature", "geometry": {"type": "MultiPolygon", "coordinates": [[[[-76.025357, 2.54781], [-76.026268, 2.547727], [-76.02625, 2.54787], [-76.025357, 2.54781]]], [[[-76.030524, 2.549171], [-76.030645, 2.548768], [-76.030314, 2.548576], [-76.030319, 2.549276], [-76.03002, 2.548812], [-76.029624, 2.548879], [-76.029434, 2.548094], [-76.029361, 2.548392], [-76.028769, 2.548553], [-76.028207, 2.548033], [-76.026394, 2.548012], [-76.026359, 2.547641], [-76.028631, 2.547425], [-76.029139, 2.547664], [-76.029842, 2.547417], [-76.02957, 2.547951], [-76.030325, 2.548111], [-76.030393, 2.548571], [-76.031194, 2.548923], [-76.030524, 2.549171]]]]}, "properties": {"zu_cnmbre": "VIBORA", "zu_narea": 38275.5553702, "zu_nano": 2025}},{"type": "Feature", "geometry": {"type": "Polygon", "coordinates": [[[-76.015059, 2.452065], [-76.014776, 2.452848], [-76.015055, 2.453214], [-76.014418, 2.45315], [-76.014231, 2.453995], [-76.01359, 2.454083], [-76.013014, 2.455821], [-76.012655, 2.455819], [-76.012305, 2.454551], [-76.012921, 2.453612], [-76.012657, 2.453502], [-76.012839, 2.453143], [-76.013911, 2.451932], [-76.015059, 2.452065]]]}, "properties": {"zu_cnmbre": "SAN ANTONIO", "zu_narea": 61495.3605537, "zu_nano": 2025}},{"type": "Feature", "geometry": {"type": "Polygon", "coordinates": [[[-76.340831, 2.927103], [-76.34126, 2.926091], [-76.341798, 2.925714], [-76.340918, 2.925434], [-76.340829, 2.924877], [-76.339398, 2.924922], [-76.337561, 2.924211], [-76.337545, 2.923351], [-76.338095, 2.923774], [-76.338503, 2.923346], [-76.338428, 2.922894], [-76.339144, 2.922678], [-76.339312, 2.92303], [-76.339, 2.923528], [-76.339278, 2.923652], [-76.34036, 2.923302], [-76.340781, 2.922778], [-76.341533, 2.923388], [-76.341961, 2.923372], [-76.342837, 2.92533], [-76.342693, 2.925897], [-76.342279, 2.926535], [-76.341823, 2.926371], [-76.341753, 2.927093], [-76.340831, 2.927103]]]}, "properties": {"zu_cnmbre": "CARRIZAL", "zu_narea": 116555.933147, "zu_nano": 2025}},{"type": "Feature", "geometry": {"type": "Polygon", "coordinates": [[[-76.333616, 2.928983], [-76.333063, 2.9292], [-76.332631, 2.928017], [-76.332303, 2.928961], [-76.332335, 2.928591], [-76.331844, 2.928223], [-76.331344, 2.9284], [-76.329987, 2.927811], [-76.33026, 2.927318], [-76.32957, 2.926906], [-76.329761, 2.926549], [-76.331972, 2.927663], [-76.332997, 2.927041], [-76.333186, 2.927532], [-76.333674, 2.927295], [-76.334205, 2.927524], [-76.335117, 2.928412], [-76.335068, 2.928693], [-76.333833, 2.928846], [-76.333626, 2.929237], [-76.333616, 2.928983]]]}, "properties": {"zu_cnmbre": "VOLADERO", "zu_narea": 72762.9584349, "zu_nano": 2025}},{"type": "Feature", "geometry": {"type": "MultiPolygon", "coordinates": [[[[-76.316831, 2.956502], [-76.316801, 2.955942], [-76.316829, 2.956175], [-76.317189, 2.956075], [-76.316831, 2.956502]]], [[[-76.315008, 2.95738], [-76.316214, 2.956566], [-76.316933, 2.956585], [-76.316918, 2.956923], [-76.317229, 2.956485], [-76.317567, 2.957052], [-76.318125, 2.957087], [-76.317729, 2.957493], [-76.317177, 2.95727], [-76.316714, 2.957501], [-76.31603, 2.957081], [-76.315008, 2.95738]]], [[[-76.317637, 2.95857], [-76.317493, 2.958184], [-76.317073, 2.958312], [-76.31731, 2.957868], [-76.317687, 2.957857], [-76.31772, 2.958275], [-76.318486, 2.95809], [-76.317637, 2.95857]]], [[[-76.317816, 2.958937], [-76.318815, 2.958407], [-76.319428, 2.958492], [-76.318208, 2.958971], [-76.317767, 2.959501], [-76.317816, 2.958937]]]]}, "properties": {"zu_cnmbre": "VITOYO", "zu_narea": 33746.5477296, "zu_nano": 2025}},{"type": "Feature", "geometry": {"type": "Polygon", "coordinates": [[[-76.310578, 2.971973], [-76.310428, 2.97101], [-76.309801, 2.970706], [-76.309651, 2.971059], [-76.309216, 2.970968], [-76.309101, 2.970597], [-76.310228, 2.969537], [-76.310183, 2.969001], [-76.310851, 2.969767], [-76.31172, 2.969772], [-76.312225, 2.967991], [-76.313134, 2.967271], [-76.312781, 2.967128], [-76.313873, 2.96651], [-76.313886, 2.965957], [-76.314215, 2.96609], [-76.313521, 2.966998], [-76.314383, 2.966962], [-76.3143, 2.967387], [-76.313906, 2.96802], [-76.313582, 2.967688], [-76.313295, 2.968655], [-76.31467, 2.968202], [-76.315225, 2.968596], [-76.315611, 2.968938], [-76.315052, 2.969786], [-76.315528, 2.96995], [-76.315583, 2.970303], [-76.315374, 2.970544], [-76.314456, 2.970216], [-76.313821, 2.97088], [-76.313873, 2.971291], [-76.313251, 2.970557], [-76.312755, 2.971576], [-76.31302, 2.971873], [-76.312217, 2.972618], [-76.311666, 2.972537], [-76.311697, 2.972074], [-76.311397, 2.971957], [-76.309545, 2.973531], [-76.310578, 2.971973]]]}, "properties": {"zu_cnmbre": "LA ESPERANZA", "zu_narea": 208809.343738, "zu_nano": 2025}},{"type": "Feature", "geometry": {"type": "MultiPolygon", "coordinates": [[[[-76.749372, 2.170397], [-76.749823, 2.170549], [-76.749404, 2.170625], [-76.749372, 2.170397]]], [[[-76.749367, 2.171582], [-76.749515, 2.171049], [-76.749913, 2.171146], [-76.749367, 2.171582]]], [[[-76.750114, 2.172081], [-76.750552, 2.172247], [-76.750558, 2.172342], [-76.750299, 2.172401], [-76.750114, 2.172081]]], [[[-76.748392, 2.172373], [-76.748317, 2.171621], [-76.748851, 2.17095], [-76.749244, 2.171038], [-76.749078, 2.172397], [-76.748392, 2.172373]]], [[[-76.750788, 2.17354], [-76.750168, 2.172989], [-76.750582, 2.172553], [-76.750788, 2.17354]]]]}, "properties": {"zu_cnmbre": "EL PARAISO", "zu_narea": 19468.4170826, "zu_nano": 2025}},{"type": "Feature", "geometry": {"type": "Polygon", "coordinates": [[[-76.762497, 2.194861], [-76.762136, 2.194112], [-76.761541, 2.193989], [-76.761428, 2.192681], [-76.761966, 2.192628], [-76.762856, 2.194074], [-76.763383, 2.194062], [-76.762497, 2.194861]]]}, "properties": {"zu_cnmbre": "FRONTINO", "zu_narea": 22961.047843, "zu_nano": 2025}},{"type": "Feature", "geometry": {"type": "MultiPolygon", "coordinates": [[[[-76.747444, 2.192166], [-76.74752, 2.191698], [-76.747025, 2.190832], [-76.747218, 2.190693], [-76.748044, 2.192096], [-76.747444, 2.192166]]], [[[-76.748341, 2.193182], [-76.747614, 2.192788], [-76.748098, 2.192443], [-76.748557, 2.192905], [-76.748341, 2.193182]]]]}, "properties": {"zu_cnmbre": "DELICIAS", "zu_narea": 9632.69779417, "zu_nano": 2025}},{"type": "Feature", "geometry": {"type": "Polygon", "coordinates": [[[-76.663234, 2.034242], [-76.663083, 2.033161], [-76.662528, 2.033281], [-76.66264, 2.032431], [-76.662226, 2.032773], [-76.662012, 2.032019], [-76.662523, 2.031853], [-76.663478, 2.032151], [-76.663798, 2.032999], [-76.664795, 2.03284], [-76.664669, 2.033562], [-76.664112, 2.034034], [-76.663974, 2.033789], [-76.663234, 2.034242]]]}, "properties": {"zu_cnmbre": "ALTO DE LAS PALMAS", "zu_narea": 36818.2249107, "zu_nano": 2025}},{"type": "Feature", "geometry": {"type": "Polygon", "coordinates": [[[-76.925519, 3.140304], [-76.924515, 3.139619], [-76.925611, 3.140147], [-76.926415, 3.139398], [-76.927605, 3.139645], [-76.927506, 3.139991], [-76.926466, 3.140348], [-76.925722, 3.141087], [-76.925519, 3.140304]]]}, "properties": {"zu_cnmbre": "SINAÍ", "zu_narea": 22970.3743924, "zu_nano": 2025}},{"type": "Feature", "geometry": {"type": "Polygon", "coordinates": [[[-77.339082, 3.009944], [-77.339693, 3.009125], [-77.339234, 3.009053], [-77.339077, 3.008655], [-77.339962, 3.008075], [-77.339756, 3.007633], [-77.341819, 3.007273], [-77.341886, 3.007729], [-77.340553, 3.008019], [-77.339774, 3.009666], [-77.339301, 3.010065], [-77.339082, 3.009944]]]}, "properties": {"zu_cnmbre": "GUADUALITO", "zu_narea": 26635.4281089, "zu_nano": 2025}},{"type": "Feature", "geometry": {"type": "Polygon", "coordinates": [[[-77.407346, 3.003132], [-77.407235, 3.004703], [-77.406269, 3.004465], [-77.406174, 3.00497], [-77.405786, 3.005297], [-77.405145, 3.005156], [-77.404589, 3.00591], [-77.404542, 3.005496], [-77.402106, 3.004255], [-77.402151, 3.003962], [-77.402431, 3.004024], [-77.402772, 3.002571], [-77.404254, 3.003194], [-77.407346, 3.003132]]]}, "properties": {"zu_cnmbre": "BELEN DE IGUANA", "zu_narea": 118034.036296, "zu_nano": 2025}},{"type": "Feature", "geometry": {"type": "Polygon", "coordinates": [[[-76.191792, 3.191755], [-76.190239, 3.190834], [-76.189262, 3.191168], [-76.189676, 3.190725], [-76.190667, 3.190582], [-76.191873, 3.191396], [-76.191792, 3.191755]]]}, "properties": {"zu_cnmbre": "LA CILIA", "zu_narea": 9073.9255263, "zu_nano": 2025}},{"type": "Feature", "geometry": {"type": "MultiPolygon", "coordinates": [[[[-76.21041, 3.196594], [-76.209603, 3.195981], [-76.209656, 3.195625], [-76.210607, 3.196442], [-76.21041, 3.196594]]], [[[-76.21191, 3.197117], [-76.212898, 3.19745], [-76.212881, 3.197672], [-76.211903, 3.197477], [-76.21191, 3.197117]]], [[[-76.211505, 3.198], [-76.210711, 3.197988], [-76.210699, 3.196387], [-76.211075, 3.196898], [-76.211519, 3.196612], [-76.211445, 3.197022], [-76.211813, 3.197146], [-76.211793, 3.197376], [-76.212153, 3.197908], [-76.211996, 3.198436], [-76.211649, 3.198397], [-76.211505, 3.198]]], [[[-76.211032, 3.198977], [-76.21152, 3.198688], [-76.211604, 3.19872], [-76.211032, 3.198977]]]]}, "properties": {"zu_cnmbre": "POTRERITO", "zu_narea": 27737.1409185, "zu_nano": 2025}},{"type": "Feature", "geometry": {"type": "MultiPolygon", "coordinates": [[[[-76.199432, 3.204516], [-76.199941, 3.204457], [-76.199833, 3.204223], [-76.20037, 3.203805], [-76.200786, 3.204057], [-76.200262, 3.204974], [-76.199843, 3.205116], [-76.199432, 3.204516]]], [[[-76.20092, 3.205659], [-76.200339, 3.205066], [-76.200845, 3.205121], [-76.201016, 3.204732], [-76.20092, 3.205659]]]]}, "properties": {"zu_cnmbre": "CAPARROSAL", "zu_narea": 15246.2007447, "zu_nano": 2025}},{"type": "Feature", "geometry": {"type": "Polygon", "coordinates": [[[-76.228104, 3.224018], [-76.228544, 3.226741], [-76.227977, 3.226699], [-76.227561, 3.225223], [-76.225686, 3.224797], [-76.225646, 3.224444], [-76.226436, 3.223716], [-76.227582, 3.224053], [-76.227661, 3.223796], [-76.228104, 3.224018]]]}, "properties": {"zu_cnmbre": "PROGRESO", "zu_narea": 45632.5143779, "zu_nano": 2025}},{"type": "Feature", "geometry": {"type": "Polygon", "coordinates": [[[-76.218117, 3.249045], [-76.217824, 3.249692], [-76.216639, 3.249056], [-76.214967, 3.247237], [-76.215142, 3.24708], [-76.216387, 3.24783], [-76.21757, 3.249121], [-76.218117, 3.249045]]]}, "properties": {"zu_cnmbre": "LA TORTURA", "zu_narea": 21231.1982695, "zu_nano": 2025}},{"type": "Feature", "geometry": {"type": "MultiPolygon", "coordinates": [[[[-76.752756, 2.799065], [-76.751892, 2.798497], [-76.752115, 2.798056], [-76.75261, 2.797971], [-76.753091, 2.798449], [-76.752756, 2.799065]]], [[[-76.755545, 2.80026], [-76.755864, 2.800015], [-76.755194, 2.799668], [-76.754253, 2.800115], [-76.753414, 2.799908], [-76.753295, 2.79974], [-76.753784, 2.799544], [-76.753359, 2.799315], [-76.753522, 2.798769], [-76.754725, 2.798732], [-76.75468, 2.799246], [-76.75522, 2.798851], [-76.755833, 2.799287], [-76.756016, 2.799869], [-76.756432, 2.799852], [-76.756538, 2.800446], [-76.756083, 2.80071], [-76.755545, 2.80026]]], [[[-76.753992, 2.800759], [-76.752915, 2.800758], [-76.75278, 2.800601], [-76.753033, 2.800028], [-76.754094, 2.800418], [-76.753992, 2.800759]]], [[[-76.754452, 2.801172], [-76.753873, 2.800992], [-76.754472, 2.800714], [-76.754452, 2.801172]]]]}, "properties": {"zu_cnmbre": "LOMITAS", "zu_narea": 53881.4731263, "zu_nano": 2025}},{"type": "Feature", "geometry": {"type": "MultiPolygon", "coordinates": [[[[-76.65576, 2.797807], [-76.655486, 2.797312], [-76.655978, 2.797003], [-76.655752, 2.796665], [-76.656177, 2.795836], [-76.656746, 2.795469], [-76.657157, 2.796049], [-76.657525, 2.796122], [-76.657804, 2.795797], [-76.658281, 2.796863], [-76.657058, 2.797082], [-76.656612, 2.79801], [-76.65576, 2.797807]]], [[[-76.655462, 2.798501], [-76.655114, 2.798004], [-76.655777, 2.798084], [-76.655462, 2.798501]]]]}, "properties": {"zu_cnmbre": "MUSE UKWE", "zu_narea": 44395.5733266, "zu_nano": 2025}},{"type": "Feature", "geometry": {"type": "MultiPolygon", "coordinates": [[[[-76.785241, 2.742228], [-76.784627, 2.742039], [-76.784852, 2.74191], [-76.784715, 2.740918], [-76.785165, 2.741547], [-76.785241, 2.742228]]], [[[-76.786661, 2.743211], [-76.785192, 2.742519], [-76.786406, 2.742348], [-76.786732, 2.742015], [-76.786494, 2.741359], [-76.787204, 2.742266], [-76.787895, 2.742208], [-76.788011, 2.742878], [-76.787452, 2.743253], [-76.786661, 2.743211]]]]}, "properties": {"zu_cnmbre": "CHIMBORAZO", "zu_narea": 35398.9587822, "zu_nano": 2025}},{"type": "Feature", "geometry": {"type": "MultiPolygon", "coordinates": [[[[-76.579997, 2.715096], [-76.579267, 2.715151], [-76.579198, 2.714851], [-76.579997, 2.715096]]], [[[-76.578721, 2.717511], [-76.578779, 2.716465], [-76.578431, 2.715629], [-76.578798, 2.715355], [-76.579085, 2.71676], [-76.578721, 2.717511]]]]}, "properties": {"zu_cnmbre": "CAMPO ALEGRE", "zu_narea": 9012.94999965, "zu_nano": 2025}},{"type": "Feature", "geometry": {"type": "MultiPolygon", "coordinates": [[[[-76.781788, 2.756838], [-76.781644, 2.755525], [-76.782389, 2.755768], [-76.783266, 2.755544], [-76.783386, 2.75512], [-76.783012, 2.754473], [-76.783476, 2.754247], [-76.783711, 2.754861], [-76.784236, 2.755154], [-76.785509, 2.754897], [-76.785188, 2.755533], [-76.785361, 2.75587], [-76.784766, 2.756491], [-76.783849, 2.756216], [-76.783718, 2.756452], [-76.783241, 2.756113], [-76.781462, 2.75731], [-76.781341, 2.756984], [-76.781788, 2.756838]]], [[[-76.780851, 2.757419], [-76.780061, 2.756674], [-76.779882, 2.75701], [-76.779709, 2.756342], [-76.778899, 2.756382], [-76.779133, 2.755965], [-76.778354, 2.755534], [-76.778414, 2.754983], [-76.779325, 2.754685], [-76.780316, 2.755965], [-76.781141, 2.756252], [-76.780787, 2.75678], [-76.780851, 2.757419]]]]}, "properties": {"zu_cnmbre": "AGUANEGRA", "zu_narea": 97223.8706268, "zu_nano": 2025}},{"type": "Feature", "geometry": {"type": "Polygon", "coordinates": [[[-76.753753, 2.779767], [-76.753193, 2.779209], [-76.752903, 2.779713], [-76.752649, 2.779416], [-76.753187, 2.77881], [-76.753068, 2.778521], [-76.752196, 2.77839], [-76.751786, 2.778937], [-76.750982, 2.778405], [-76.75193, 2.777521], [-76.753218, 2.77788], [-76.753251, 2.777479], [-76.754045, 2.776724], [-76.753552, 2.775566], [-76.753833, 2.775563], [-76.754066, 2.776097], [-76.754645, 2.775118], [-76.753939, 2.774806], [-76.754747, 2.774497], [-76.754744, 2.773993], [-76.75511, 2.773698], [-76.754527, 2.773721], [-76.75424, 2.772526], [-76.754635, 2.771831], [-76.754981, 2.771811], [-76.754631, 2.771305], [-76.754128, 2.771196], [-76.754557, 2.770461], [-76.755159, 2.77063], [-76.755078, 2.771031], [-76.755711, 2.771638], [-76.755552, 2.772209], [-76.75611, 2.772225], [-76.756379, 2.772558], [-76.755492, 2.773137], [-76.755408, 2.773493], [-76.755768, 2.773565], [-76.755423, 2.775], [-76.755058, 2.775374], [-76.75533, 2.775659], [-76.754725, 2.776525], [-76.754828, 2.777215], [-76.754276, 2.778593], [-76.753829, 2.778847], [-76.753641, 2.779419], [-76.753909, 2.779542], [-76.753753, 2.779767]]]}, "properties": {"zu_cnmbre": "EL MESÓN", "zu_narea": 137925.682905, "zu_nano": 2025}},{"type": "Feature", "geometry": {"type": "Polygon", "coordinates": [[[-75.872867, 2.481356], [-75.872918, 2.480107], [-75.873545, 2.480214], [-75.873606, 2.479802], [-75.874719, 2.480604], [-75.874678, 2.48102], [-75.872867, 2.481356]]]}, "properties": {"zu_cnmbre": "EL HATO", "zu_narea": 23235.0455672, "zu_nano": 2025}},{"type": "Feature", "geometry": {"type": "Polygon", "coordinates": [[[-76.052445, 2.705591], [-76.052834, 2.705925], [-76.05378, 2.705562], [-76.054252, 2.705695], [-76.054034, 2.706061], [-76.054427, 2.706522], [-76.053719, 2.706715], [-76.052911, 2.707484], [-76.051934, 2.705863], [-76.052445, 2.705591]]]}, "properties": {"zu_cnmbre": "SUIN", "zu_narea": 31346.6346088, "zu_nano": 2025}},{"type": "Feature", "geometry": {"type": "Polygon", "coordinates": [[[-75.876605, 2.618429], [-75.876869, 2.618995], [-75.876545, 2.618966], [-75.8762, 2.619813], [-75.875858, 2.619702], [-75.874032, 2.620506], [-75.873508, 2.620335], [-75.874788, 2.619961], [-75.875522, 2.619417], [-75.875342, 2.619192], [-75.87562, 2.61875], [-75.876605, 2.618429]]]}, "properties": {"zu_cnmbre": "EL CANELO", "zu_narea": 22010.6320893, "zu_nano": 2025}},{"type": "Feature", "geometry": {"type": "MultiPolygon", "coordinates": [[[[-75.967425, 2.5923], [-75.967154, 2.591745], [-75.96742, 2.591628], [-75.967425, 2.5923]]], [[[-75.963999, 2.592392], [-75.964498, 2.592193], [-75.964296, 2.592557], [-75.963999, 2.592392]]], [[[-75.964636, 2.592627], [-75.965048, 2.592485], [-75.964992, 2.593004], [-75.964854, 2.593067], [-75.964636, 2.592627]]], [[[-75.965627, 2.593095], [-75.964758, 2.592021], [-75.965757, 2.591938], [-75.965716, 2.592313], [-75.966321, 2.592505], [-75.966856, 2.591824], [-75.967138, 2.591973], [-75.966542, 2.5926], [-75.965549, 2.59285], [-75.965627, 2.593095]]]]}, "properties": {"zu_cnmbre": "EL RECUERDO", "zu_narea": 17635.9635242, "zu_nano": 2025}},{"type": "Feature", "geometry": {"type": "MultiPolygon", "coordinates": [[[[-75.986499, 2.637036], [-75.986842, 2.63711], [-75.986086, 2.637322], [-75.986499, 2.637036]]], [[[-75.986508, 2.637549], [-75.987174, 2.637321], [-75.987414, 2.636874], [-75.98718, 2.636656], [-75.98848, 2.63695], [-75.988034, 2.637705], [-75.987498, 2.63733], [-75.986806, 2.638299], [-75.986357, 2.63803], [-75.986508, 2.637549]]]]}, "properties": {"zu_cnmbre": "AGUA BENDITA", "zu_narea": 16820.6469727, "zu_nano": 2025}},{"type": "Feature", "geometry": {"type": "Polygon", "coordinates": [[[-75.998224, 2.664942], [-75.998694, 2.665791], [-75.997548, 2.665955], [-75.997359, 2.665634], [-75.996656, 2.665532], [-75.99658, 2.664793], [-75.998224, 2.664942]]]}, "properties": {"zu_cnmbre": "AGUACATICO", "zu_narea": 20361.4576994, "zu_nano": 2025}},{"type": "Feature", "geometry": {"type": "Polygon", "coordinates": [[[-76.536827, 2.719974], [-76.536261, 2.719963], [-76.536108, 2.719456], [-76.535698, 2.719413], [-76.535505, 2.719129], [-76.535736, 2.718957], [-76.535269, 2.718408], [-76.534943, 2.718925], [-76.53468, 2.71878], [-76.534829, 2.717952], [-76.53584, 2.718496], [-76.536034, 2.718946], [-76.536422, 2.719086], [-76.536721, 2.718784], [-76.536875, 2.718952], [-76.536394, 2.719471], [-76.536827, 2.719974]]]}, "properties": {"zu_cnmbre": "LOS ARADOS", "zu_narea": 16517.33974, "zu_nano": 2025}},{"type": "Feature", "geometry": {"type": "Polygon", "coordinates": [[[-76.554023, 2.756873], [-76.553403, 2.75624], [-76.553899, 2.756044], [-76.553173, 2.754613], [-76.553469, 2.753994], [-76.553208, 2.753631], [-76.55403, 2.753394], [-76.554722, 2.754794], [-76.555127, 2.754415], [-76.555616, 2.754588], [-76.554307, 2.755156], [-76.554236, 2.756444], [-76.554905, 2.756775], [-76.554869, 2.757104], [-76.554519, 2.757122], [-76.554458, 2.757739], [-76.554169, 2.757715], [-76.554103, 2.758737], [-76.554712, 2.759037], [-76.554301, 2.759283], [-76.554485, 2.759728], [-76.553072, 2.759984], [-76.553104, 2.759239], [-76.553439, 2.759157], [-76.553799, 2.758393], [-76.554023, 2.756873]]]}, "properties": {"zu_cnmbre": "EL MANGO", "zu_narea": 67471.1319494, "zu_nano": 2025}},{"type": "Feature", "geometry": {"type": "Polygon", "coordinates": [[[-76.478739, 2.369925], [-76.477562, 2.368812], [-76.47777, 2.368646], [-76.477946, 2.368896], [-76.478785, 2.368212], [-76.479304, 2.368623], [-76.479516, 2.368388], [-76.480066, 2.368698], [-76.478739, 2.369925]]]}, "properties": {"zu_cnmbre": "HISPALA", "zu_narea": 25965.9440972, "zu_nano": 2025}},{"type": "Feature", "geometry": {"type": "Polygon", "coordinates": [[[-76.486874, 2.390719], [-76.486294, 2.390832], [-76.486412, 2.390478], [-76.485772, 2.388833], [-76.486446, 2.388286], [-76.487456, 2.390015], [-76.487184, 2.390291], [-76.487381, 2.390951], [-76.487043, 2.391233], [-76.486874, 2.390719]]]}, "properties": {"zu_cnmbre": "20 DE JULIO", "zu_narea": 33758.4346015, "zu_nano": 2025}},{"type": "Feature", "geometry": {"type": "Polygon", "coordinates": [[[-76.741867, 2.238623], [-76.741546, 2.238144], [-76.740972, 2.238303], [-76.741223, 2.23775], [-76.740428, 2.237477], [-76.740998, 2.236946], [-76.74093, 2.235683], [-76.741397, 2.234992], [-76.741136, 2.234824], [-76.741658, 2.235034], [-76.743519, 2.233902], [-76.74311, 2.234605], [-76.743017, 2.234384], [-76.742776, 2.234848], [-76.742015, 2.234975], [-76.741953, 2.235461], [-76.741432, 2.235452], [-76.742012, 2.237358], [-76.742847, 2.237057], [-76.743088, 2.237435], [-76.74241, 2.238828], [-76.741867, 2.238623]]]}, "properties": {"zu_cnmbre": "CHONTADURO", "zu_narea": 58693.8562273, "zu_nano": 2025}},{"type": "Feature", "geometry": {"type": "Polygon", "coordinates": [[[-76.536874, 2.929107], [-76.536057, 2.928711], [-76.535252, 2.929083], [-76.534883, 2.928878], [-76.536469, 2.927796], [-76.536952, 2.926838], [-76.536311, 2.926553], [-76.536504, 2.925944], [-76.535851, 2.925136], [-76.536222, 2.924699], [-76.536721, 2.925376], [-76.537982, 2.925055], [-76.538073, 2.925339], [-76.538504, 2.925313], [-76.538796, 2.924922], [-76.539536, 2.925039], [-76.540306, 2.924269], [-76.540807, 2.924415], [-76.54054, 2.924891], [-76.539312, 2.925359], [-76.539829, 2.926753], [-76.540193, 2.926579], [-76.54038, 2.926808], [-76.539906, 2.927133], [-76.5403, 2.927471], [-76.539234, 2.92791], [-76.538902, 2.927569], [-76.538114, 2.928503], [-76.537564, 2.928002], [-76.536874, 2.929107]]]}, "properties": {"zu_cnmbre": "CACHIRINVAL", "zu_narea": 149283.546972, "zu_nano": 2025}},{"type": "Feature", "geometry": {"type": "Polygon", "coordinates": [[[-76.483821, 2.713753], [-76.483161, 2.712964], [-76.48347, 2.712607], [-76.483497, 2.710643], [-76.482957, 2.710024], [-76.482395, 2.710329], [-76.482422, 2.709524], [-76.483388, 2.709935], [-76.483677, 2.710645], [-76.484844, 2.711213], [-76.483652, 2.712194], [-76.483704, 2.712748], [-76.484471, 2.713523], [-76.484118, 2.71343], [-76.483821, 2.713753]]]}, "properties": {"zu_cnmbre": "TUMBURAO", "zu_narea": 31204.7053611, "zu_nano": 2025}},{"type": "Feature", "geometry": {"type": "Polygon", "coordinates": [[[-76.825274, 2.856148], [-76.825272, 2.855304], [-76.824902, 2.856033], [-76.824299, 2.854965], [-76.82469, 2.85484], [-76.82485, 2.855123], [-76.825226, 2.854583], [-76.824025, 2.853933], [-76.824757, 2.853811], [-76.825656, 2.854111], [-76.825235, 2.854615], [-76.825541, 2.855369], [-76.825499, 2.856138], [-76.825274, 2.856148]]]}, "properties": {"zu_cnmbre": "MATECAÑA", "zu_narea": 19722.0398101, "zu_nano": 2025}},{"type": "Feature", "geometry": {"type": "MultiPolygon", "coordinates": [[[[-76.726552, 2.976378], [-76.726862, 2.975964], [-76.727903, 2.976373], [-76.728221, 2.977345], [-76.728656, 2.977615], [-76.728288, 2.978233], [-76.727808, 2.978292], [-76.728088, 2.977639], [-76.727196, 2.977718], [-76.727321, 2.977076], [-76.726557, 2.976538], [-76.725283, 2.977175], [-76.724875, 2.976506], [-76.725412, 2.976192], [-76.726552, 2.976378]]], [[[-76.728439, 2.978217], [-76.728408, 2.978841], [-76.728241, 2.978842], [-76.728259, 2.97844], [-76.728439, 2.978217]]], [[[-76.729904, 2.980911], [-76.728688, 2.980797], [-76.73007, 2.980577], [-76.729904, 2.980911]]], [[[-76.728276, 2.980443], [-76.727747, 2.980439], [-76.727691, 2.980029], [-76.728487, 2.979009], [-76.728206, 2.980097], [-76.728502, 2.980775], [-76.728344, 2.980961], [-76.728276, 2.980443]]]]}, "properties": {"zu_cnmbre": "PLAYA RICA", "zu_narea": 49027.3289883, "zu_nano": 2025}},{"type": "Feature", "geometry": {"type": "Polygon", "coordinates": [[[-77.377529, 2.750042], [-77.376364, 2.749895], [-77.37618, 2.748915], [-77.377241, 2.748602], [-77.377555, 2.749113], [-77.377309, 2.749599], [-77.377706, 2.749688], [-77.377529, 2.750042]]]}, "properties": {"zu_cnmbre": "SAN FRANCISCO", "zu_narea": 18076.174789, "zu_nano": 2025}},{"type": "Feature", "geometry": {"type": "Polygon", "coordinates": [[[-76.927445, 3.140305], [-76.927678, 3.138266], [-76.92721, 3.135932], [-76.928349, 3.136496], [-76.929308, 3.136128], [-76.929679, 3.136415], [-76.929287, 3.13692], [-76.92969, 3.137023], [-76.928699, 3.138333], [-76.928511, 3.139737], [-76.927945, 3.139909], [-76.927755, 3.140409], [-76.927445, 3.140305]]]}, "properties": {"zu_cnmbre": "LA PLAYA", "zu_narea": 68494.6342078, "zu_nano": 2025}},{"type": "Feature", "geometry": {"type": "Polygon", "coordinates": [[[-77.131116, 3.161891], [-77.128226, 3.162423], [-77.128053, 3.163073], [-77.127091, 3.163064], [-77.126526, 3.163592], [-77.126051, 3.162949], [-77.128645, 3.161498], [-77.130096, 3.161066], [-77.130647, 3.161232], [-77.131116, 3.161891]]]}, "properties": {"zu_cnmbre": "GUADUALITO", "zu_narea": 50391.5863421, "zu_nano": 2025}},{"type": "Feature", "geometry": {"type": "MultiPolygon", "coordinates": [[[[-77.219221, 2.108966], [-77.219327, 2.108436], [-77.219724, 2.108574], [-77.219387, 2.106993], [-77.220927, 2.107237], [-77.220918, 2.107653], [-77.2214, 2.107703], [-77.221325, 2.107994], [-77.220209, 2.108208], [-77.21961, 2.109288], [-77.219221, 2.108966]]], [[[-77.221278, 2.111089], [-77.21908, 2.110664], [-77.218722, 2.109288], [-77.219003, 2.109892], [-77.219653, 2.110243], [-77.220022, 2.109679], [-77.219782, 2.10961], [-77.220417, 2.109149], [-77.221684, 2.109358], [-77.222114, 2.11011], [-77.221278, 2.111089]]]]}, "properties": {"zu_cnmbre": "LA PLANADA", "zu_narea": 73174.0968721, "zu_nano": 2025}},{"type": "Feature", "geometry": {"type": "Polygon", "coordinates": [[[-75.965503, 2.503651], [-75.964227, 2.503336], [-75.964266, 2.502985], [-75.964917, 2.50315], [-75.965064, 2.50278], [-75.964353, 2.502089], [-75.964778, 2.501373], [-75.964799, 2.500493], [-75.966125, 2.499937], [-75.966753, 2.500129], [-75.966374, 2.501223], [-75.966971, 2.50171], [-75.966897, 2.502068], [-75.965981, 2.501861], [-75.965289, 2.503007], [-75.965503, 2.503651]]]}, "properties": {"zu_cnmbre": "PUERTO VALENCIA", "zu_narea": 60847.3370513, "zu_nano": 2025}},{"type": "Feature", "geometry": {"type": "Polygon", "coordinates": [[[-76.047518, 2.501036], [-76.047852, 2.500266], [-76.047716, 2.499532], [-76.047224, 2.499089], [-76.046331, 2.499463], [-76.04622, 2.498506], [-76.046885, 2.49829], [-76.047239, 2.498967], [-76.047626, 2.499064], [-76.048053, 2.497892], [-76.04865, 2.49802], [-76.048342, 2.496333], [-76.047786, 2.496284], [-76.047841, 2.495505], [-76.048638, 2.495291], [-76.048711, 2.495751], [-76.049245, 2.495834], [-76.04914, 2.494365], [-76.049402, 2.495009], [-76.050426, 2.494934], [-76.051061, 2.4936], [-76.050458, 2.493384], [-76.05053, 2.493078], [-76.050953, 2.492235], [-76.051206, 2.492263], [-76.051093, 2.494247], [-76.050119, 2.495815], [-76.051695, 2.495863], [-76.051074, 2.496378], [-76.050747, 2.496256], [-76.049843, 2.497621], [-76.049374, 2.500171], [-76.048784, 2.49975], [-76.049261, 2.500471], [-76.047956, 2.500501], [-76.047758, 2.501077], [-76.047518, 2.501036]]]}, "properties": {"zu_cnmbre": "TURMINÁ", "zu_narea": 151541.184754, "zu_nano": 2025}},{"type": "Feature", "geometry": {"type": "Polygon", "coordinates": [[[-76.067605, 2.625728], [-76.067294, 2.625358], [-76.067459, 2.624748], [-76.068029, 2.624184], [-76.067598, 2.622417], [-76.068299, 2.622207], [-76.068415, 2.623182], [-76.068726, 2.623163], [-76.06891, 2.623562], [-76.068684, 2.624283], [-76.068917, 2.624963], [-76.068078, 2.624905], [-76.067605, 2.625728]]]}, "properties": {"zu_cnmbre": "PUEBLO NUEVO", "zu_narea": 33164.3168716, "zu_nano": 2025}},{"type": "Feature", "geometry": {"type": "Polygon", "coordinates": [[[-76.752004, 2.192388], [-76.751701, 2.192325], [-76.752342, 2.190279], [-76.75332, 2.189381], [-76.75357, 2.189528], [-76.754382, 2.187568], [-76.754123, 2.187215], [-76.7548, 2.187318], [-76.756185, 2.186315], [-76.756342, 2.185777], [-76.756506, 2.186058], [-76.757414, 2.185859], [-76.756987, 2.186336], [-76.757134, 2.186621], [-76.756437, 2.187175], [-76.756555, 2.187434], [-76.75581, 2.187534], [-76.75547, 2.188127], [-76.754215, 2.188903], [-76.753842, 2.19023], [-76.753546, 2.190081], [-76.752004, 2.192388]]]}, "properties": {"zu_cnmbre": "LA CUCHILLA", "zu_narea": 80389.164563, "zu_nano": 2025}},{"type": "Feature", "geometry": {"type": "Polygon", "coordinates": [[[-77.536066, 3.078558], [-77.535691, 3.078408], [-77.535999, 3.078228], [-77.535245, 3.077431], [-77.536388, 3.076806], [-77.536119, 3.076146], [-77.53699, 3.075831], [-77.537889, 3.07616], [-77.537965, 3.077138], [-77.539067, 3.080077], [-77.537636, 3.080699], [-77.537564, 3.079928], [-77.537245, 3.079764], [-77.538015, 3.079572], [-77.538123, 3.079142], [-77.537515, 3.078468], [-77.536794, 3.078968], [-77.536881, 3.078633], [-77.536325, 3.078216], [-77.536066, 3.078558]]]}, "properties": {"zu_cnmbre": "NOANAMITO", "zu_narea": 98845.6283226, "zu_nano": 2025}},{"type": "Feature", "geometry": {"type": "Polygon", "coordinates": [[[-77.40472, 2.980197], [-77.403392, 2.979804], [-77.403132, 2.979507], [-77.403779, 2.9794], [-77.403373, 2.978967], [-77.403601, 2.978784], [-77.403376, 2.978186], [-77.402776, 2.977878], [-77.402268, 2.978194], [-77.401793, 2.977369], [-77.401902, 2.977018], [-77.402372, 2.977269], [-77.402619, 2.977056], [-77.402285, 2.976641], [-77.402458, 2.976158], [-77.40334, 2.97672], [-77.403655, 2.976565], [-77.403477, 2.976781], [-77.404121, 2.978021], [-77.404746, 2.977978], [-77.408463, 2.982684], [-77.407776, 2.983046], [-77.407564, 2.98268], [-77.406949, 2.982795], [-77.407093, 2.982462], [-77.40628, 2.981667], [-77.406303, 2.981227], [-77.40472, 2.980197]]]}, "properties": {"zu_cnmbre": "ZARAGOZA", "zu_narea": 125344.847096, "zu_nano": 2025}},{"type": "Feature", "geometry": {"type": "Polygon", "coordinates": [[[-75.869965, 2.496155], [-75.868711, 2.494711], [-75.868171, 2.495104], [-75.868703, 2.494001], [-75.868159, 2.492765], [-75.868383, 2.492155], [-75.87014, 2.494573], [-75.869176, 2.494806], [-75.869927, 2.495623], [-75.869965, 2.496155]]]}, "properties": {"zu_cnmbre": "VILLAITAIBE", "zu_narea": 35993.9878167, "zu_nano": 2025}},{"type": "Feature", "geometry": {"type": "Polygon", "coordinates": [[[-75.824512, 2.482888], [-75.824934, 2.480332], [-75.825207, 2.480267], [-75.824975, 2.479764], [-75.825417, 2.479593], [-75.825773, 2.480445], [-75.825426, 2.482306], [-75.824745, 2.483032], [-75.824512, 2.482888]]]}, "properties": {"zu_cnmbre": "LA ESMERALDA", "zu_narea": 25233.1209443, "zu_nano": 2025}},{"type": "Feature", "geometry": {"type": "MultiPolygon", "coordinates": [[[[-75.876261, 2.466396], [-75.876488, 2.465191], [-75.876754, 2.465253], [-75.87684, 2.464845], [-75.877665, 2.465072], [-75.877549, 2.466034], [-75.879364, 2.465859], [-75.879171, 2.466459], [-75.876261, 2.466396]]], [[[-75.875142, 2.466831], [-75.873551, 2.466627], [-75.872622, 2.465915], [-75.87188, 2.465865], [-75.871218, 2.46489], [-75.870762, 2.465196], [-75.870619, 2.464676], [-75.871967, 2.46398], [-75.872092, 2.464224], [-75.871379, 2.464469], [-75.872705, 2.465796], [-75.873168, 2.46563], [-75.874977, 2.46668], [-75.875371, 2.466498], [-75.875142, 2.466831]]]]}, "properties": {"zu_cnmbre": "BELLO HORIZONTE", "zu_narea": 60124.8095459, "zu_nano": 2025}},{"type": "Feature", "geometry": {"type": "Polygon", "coordinates": [[[-75.613591, 2.24749], [-75.613988, 2.245943], [-75.61363, 2.245618], [-75.614078, 2.245643], [-75.614384, 2.244741], [-75.613884, 2.244574], [-75.613958, 2.244286], [-75.614731, 2.243345], [-75.616076, 2.244077], [-75.616303, 2.244297], [-75.616129, 2.244658], [-75.616875, 2.245163], [-75.615646, 2.246737], [-75.615828, 2.247263], [-75.615407, 2.247806], [-75.613591, 2.24749]]]}, "properties": {"zu_cnmbre": "PLAZUELA", "zu_narea": 109809.179158, "zu_nano": 2025}},{"type": "Feature", "geometry": {"type": "MultiPolygon", "coordinates": [[[[-75.614454, 2.242791], [-75.615144, 2.241861], [-75.614604, 2.241558], [-75.614983, 2.240093], [-75.615635, 2.240443], [-75.616214, 2.239404], [-75.616714, 2.240148], [-75.616398, 2.240562], [-75.616867, 2.241448], [-75.616424, 2.241675], [-75.616198, 2.2412], [-75.615837, 2.241394], [-75.615462, 2.242263], [-75.616611, 2.243125], [-75.616101, 2.244087], [-75.614731, 2.243345], [-75.614454, 2.242791]]], [[[-75.618191, 2.244368], [-75.617012, 2.24335], [-75.617214, 2.242955], [-75.616424, 2.242121], [-75.616705, 2.241951], [-75.616957, 2.242376], [-75.617477, 2.24184], [-75.618467, 2.242386], [-75.617948, 2.243409], [-75.618472, 2.244271], [-75.618191, 2.244368]]]]}, "properties": {"zu_cnmbre": "MAJO", "zu_narea": 96230.021361, "zu_nano": 2025}},{"type": "Feature", "geometry": {"type": "MultiPolygon", "coordinates": [[[[-75.040425, 2.947757], [-75.039001, 2.945989], [-75.038007, 2.942925], [-75.038306, 2.94286], [-75.038697, 2.943337], [-75.039271, 2.944629], [-75.039639, 2.944695], [-75.039432, 2.944908], [-75.040309, 2.946506], [-75.041546, 2.94765], [-75.040425, 2.947757]]], [[[-75.04384, 2.950963], [-75.042327, 2.949795], [-75.041632, 2.948297], [-75.043041, 2.949369], [-75.04334, 2.94995], [-75.044235, 2.950366], [-75.04573, 2.950348], [-75.046205, 2.949736], [-75.045668, 2.950958], [-75.04384, 2.950963]]]]}, "properties": {"zu_cnmbre": "VEGALARGA", "zu_narea": 88572.446496, "zu_nano": 2025}}]}